Komi_Zyrian_2.8	DLM_MEMORY_OPTIMIZED/locality_optimized_dlm/manual_output_funchead_fine_depl_nopos	7340770	SVO	NDA_	2	3	1
Afrikaans_2.8	DLM_MEMORY_OPTIMIZED/locality_optimized_dlm/manual_output_funchead_fine_depl_nopos	9939104	OSV	ADN_	2	1	3
Welsh_2.8	DLM_MEMORY_OPTIMIZED/locality_optimized_dlm/manual_output_funchead_fine_depl_nopos	6601646	OSV	DNA_	3	2	1
Spanish_2.8	DLM_MEMORY_OPTIMIZED/locality_optimized_dlm/manual_output_funchead_fine_depl_nopos	6734787	SVO	DNA_	3	2	1
Portuguese_2.8	DLM_MEMORY_OPTIMIZED/locality_optimized_dlm/manual_output_funchead_fine_depl_nopos	6829715	OSV	DNA_	3	2	1
Ancient_Greek_2.8	DLM_MEMORY_OPTIMIZED/locality_optimized_dlm/manual_output_funchead_fine_depl_nopos	9969174	OSV	A_DN	1	2	1
Latvian_2.8	DLM_MEMORY_OPTIMIZED/locality_optimized_dlm/manual_output_funchead_fine_depl_nopos	7064037	SOV	DNA_	3	2	1
Thai_2.8	DLM_MEMORY_OPTIMIZED/locality_optimized_dlm/manual_output_funchead_fine_depl_nopos	4882419	SVO	DNA_	3	2	1
Akkadian_2.8	DLM_MEMORY_OPTIMIZED/locality_optimized_dlm/manual_output_funchead_fine_depl_nopos	3359872	OSV	DNA_	3	2	1
Latvian_2.8	DLM_MEMORY_OPTIMIZED/locality_optimized_dlm/manual_output_funchead_fine_depl_nopos	2699574	SOV	DNA_	3	2	1
Ancient_Greek_2.8	DLM_MEMORY_OPTIMIZED/locality_optimized_dlm/manual_output_funchead_fine_depl_nopos	2960526	SVO	A_ND	2	1	1
Armenian_2.8	DLM_MEMORY_OPTIMIZED/locality_optimized_dlm/manual_output_funchead_fine_depl_nopos	7214495	OSV	DNA_	3	2	1
Danish_2.8	DLM_MEMORY_OPTIMIZED/locality_optimized_dlm/manual_output_funchead_fine_depl_nopos	185343	OSV	ADN_	2	1	3
Armenian_2.8	DLM_MEMORY_OPTIMIZED/locality_optimized_dlm/manual_output_funchead_fine_depl_nopos	9313572	OSV	DNA_	3	2	1
Mbya_Guarani_2.8	DLM_MEMORY_OPTIMIZED/locality_optimized_dlm/manual_output_funchead_fine_depl_nopos	6538466	SVO	DNA_	3	2	1
Latvian_2.8	DLM_MEMORY_OPTIMIZED/locality_optimized_dlm/manual_output_funchead_fine_depl_nopos	2815201	OSV	DNA_	3	2	1
Czech_2.8	DLM_MEMORY_OPTIMIZED/locality_optimized_dlm/manual_output_funchead_fine_depl_nopos	6576609	SVO	DNA_	3	2	1
Kurmanji_2.8	DLM_MEMORY_OPTIMIZED/locality_optimized_dlm/manual_output_funchead_fine_depl_nopos	9052587	OSV	NDA_	2	3	1
Russian_2.8	DLM_MEMORY_OPTIMIZED/locality_optimized_dlm/manual_output_funchead_fine_depl_nopos	9971882	SOV	DNA_	3	2	1
Greek_2.8	DLM_MEMORY_OPTIMIZED/locality_optimized_dlm/manual_output_funchead_fine_depl_nopos	5952841	SVO	DNA_	3	2	1
Maltese_2.8	DLM_MEMORY_OPTIMIZED/locality_optimized_dlm/manual_output_funchead_fine_depl_nopos	1108268	SVO	NDA_	2	3	1
Gothic_2.8	DLM_MEMORY_OPTIMIZED/locality_optimized_dlm/manual_output_funchead_fine_depl_nopos	9633452	SVO	DNA_	3	2	1
Serbian_2.8	DLM_MEMORY_OPTIMIZED/locality_optimized_dlm/manual_output_funchead_fine_depl_nopos	3369896	SVO	DNA_	3	2	1
Gothic_2.8	DLM_MEMORY_OPTIMIZED/locality_optimized_dlm/manual_output_funchead_fine_depl_nopos	9096217	SOV	DNA_	3	2	1
Faroese_2.8	DLM_MEMORY_OPTIMIZED/locality_optimized_dlm/manual_output_funchead_fine_depl_nopos	4390262	SVO	DNA_	3	2	1
Thai_2.8	DLM_MEMORY_OPTIMIZED/locality_optimized_dlm/manual_output_funchead_fine_depl_nopos	3393069	SVO	DNA_	3	2	1
Thai_2.8	DLM_MEMORY_OPTIMIZED/locality_optimized_dlm/manual_output_funchead_fine_depl_nopos	1598917	OSV	DNA_	3	2	1
Galician_2.8	DLM_MEMORY_OPTIMIZED/locality_optimized_dlm/manual_output_funchead_fine_depl_nopos	561797	SVO	DNA_	3	2	1
Icelandic_2.8	DLM_MEMORY_OPTIMIZED/locality_optimized_dlm/manual_output_funchead_fine_depl_nopos	3106964	SVO	DNA_	3	2	1
Lithuanian_2.8	DLM_MEMORY_OPTIMIZED/locality_optimized_dlm/manual_output_funchead_fine_depl_nopos	4195310	SVO	DNA_	3	2	1
Persian_2.8	DLM_MEMORY_OPTIMIZED/locality_optimized_dlm/manual_output_funchead_fine_depl_nopos	6799194	OSV	DNA_	3	2	1
Hindi_2.8	DLM_MEMORY_OPTIMIZED/locality_optimized_dlm/manual_output_funchead_fine_depl_nopos	5131501	SVO	DNA_	3	2	1
Hindi_2.8	DLM_MEMORY_OPTIMIZED/locality_optimized_dlm/manual_output_funchead_fine_depl_nopos	2017339	SVO	DNA_	3	2	1
Spanish_2.8	DLM_MEMORY_OPTIMIZED/locality_optimized_dlm/manual_output_funchead_fine_depl_nopos	8293200	SVO	DNA_	3	2	1
Korean_2.8	DLM_MEMORY_OPTIMIZED/locality_optimized_dlm/manual_output_funchead_fine_depl_nopos	6649228	SOV	DNA_	3	2	1
Scottish_Gaelic_2.8	DLM_MEMORY_OPTIMIZED/locality_optimized_dlm/manual_output_funchead_fine_depl_nopos	6407372	OSV	DNA_	3	2	1
Swedish_2.8	DLM_MEMORY_OPTIMIZED/locality_optimized_dlm/manual_output_funchead_fine_depl_nopos	8531111	OSV	DNA_	3	2	1
Basque_2.8	DLM_MEMORY_OPTIMIZED/locality_optimized_dlm/manual_output_funchead_fine_depl_nopos	9828079	SVO	DNA_	3	2	1
Japanese_2.8	DLM_MEMORY_OPTIMIZED/locality_optimized_dlm/manual_output_funchead_fine_depl_nopos	18963	OSV	ADN_	2	1	3
Old_East_Slavic_2.8	DLM_MEMORY_OPTIMIZED/locality_optimized_dlm/manual_output_funchead_fine_depl_nopos	7194806	SOV	DA_N	2	1	1
Danish_2.8	DLM_MEMORY_OPTIMIZED/locality_optimized_dlm/manual_output_funchead_fine_depl_nopos	3263309	SVO	NDA_	2	3	1
Slovak_2.8	DLM_MEMORY_OPTIMIZED/locality_optimized_dlm/manual_output_funchead_fine_depl_nopos	8802405	OSV	DA_N	2	1	1
Catalan_2.8	DLM_MEMORY_OPTIMIZED/locality_optimized_dlm/manual_output_funchead_fine_depl_nopos	5871629	SVO	DNA_	3	2	1
Galician_2.8	DLM_MEMORY_OPTIMIZED/locality_optimized_dlm/manual_output_funchead_fine_depl_nopos	115775	SVO	DNA_	3	2	1
Bambara_2.8	DLM_MEMORY_OPTIMIZED/locality_optimized_dlm/manual_output_funchead_fine_depl_nopos	8006450	SVO	NA_D	1	2	1
Finnish_2.8	DLM_MEMORY_OPTIMIZED/locality_optimized_dlm/manual_output_funchead_fine_depl_nopos	8355189	SOV	DNA_	3	2	1
Kazakh_2.8	DLM_MEMORY_OPTIMIZED/locality_optimized_dlm/manual_output_funchead_fine_depl_nopos	8867654	SVO	NDA_	2	3	1
Amharic_2.8	DLM_MEMORY_OPTIMIZED/locality_optimized_dlm/manual_output_funchead_fine_depl_nopos	9524660	OSV	A_ND	2	1	1
Swedish_2.8	DLM_MEMORY_OPTIMIZED/locality_optimized_dlm/manual_output_funchead_fine_depl_nopos	4383640	SVO	DNA_	3	2	1
Italian_2.8	DLM_MEMORY_OPTIMIZED/locality_optimized_dlm/manual_output_funchead_fine_depl_nopos	9609367	SVO	DNA_	3	2	1
Turkish_2.8	DLM_MEMORY_OPTIMIZED/locality_optimized_dlm/manual_output_funchead_fine_depl_nopos	7923808	SVO	DNA_	3	2	1
Lithuanian_2.8	DLM_MEMORY_OPTIMIZED/locality_optimized_dlm/manual_output_funchead_fine_depl_nopos	229017	SVO	DNA_	3	2	1
Classical_Chinese_2.8	DLM_MEMORY_OPTIMIZED/locality_optimized_dlm/manual_output_funchead_fine_depl_nopos	2088740	SVO	DNA_	3	2	1
French_2.8	DLM_MEMORY_OPTIMIZED/locality_optimized_dlm/manual_output_funchead_fine_depl_nopos	3371941	SVO	DNA_	3	2	1
Vietnamese_2.8	DLM_MEMORY_OPTIMIZED/locality_optimized_dlm/manual_output_funchead_fine_depl_nopos	7539276	SVO	A_ND	2	1	1
Hindi_2.8	DLM_MEMORY_OPTIMIZED/locality_optimized_dlm/manual_output_funchead_fine_depl_nopos	9511899	SVO	DNA_	3	2	1
Maltese_2.8	DLM_MEMORY_OPTIMIZED/locality_optimized_dlm/manual_output_funchead_fine_depl_nopos	3440444	OSV	DNA_	3	2	1
Naija_2.8	DLM_MEMORY_OPTIMIZED/locality_optimized_dlm/manual_output_funchead_fine_depl_nopos	3176584	OSV	DA_N	2	1	1
Vietnamese_2.8	DLM_MEMORY_OPTIMIZED/locality_optimized_dlm/manual_output_funchead_fine_depl_nopos	1103959	SVO	DNA_	3	2	1
Uyghur_2.8	DLM_MEMORY_OPTIMIZED/locality_optimized_dlm/manual_output_funchead_fine_depl_nopos	7014811	OSV	ADN_	2	1	3
Old_French_2.8	DLM_MEMORY_OPTIMIZED/locality_optimized_dlm/manual_output_funchead_fine_depl_nopos	492510	OSV	DNA_	3	2	1
Lithuanian_2.8	DLM_MEMORY_OPTIMIZED/locality_optimized_dlm/manual_output_funchead_fine_depl_nopos	196131	OSV	DNA_	3	2	1
Finnish_2.8	DLM_MEMORY_OPTIMIZED/locality_optimized_dlm/manual_output_funchead_fine_depl_nopos	3020496	SVO	DNA_	3	2	1
Faroese_2.8	DLM_MEMORY_OPTIMIZED/locality_optimized_dlm/manual_output_funchead_fine_depl_nopos	947507	OSV	DNA_	3	2	1
Icelandic_2.8	DLM_MEMORY_OPTIMIZED/locality_optimized_dlm/manual_output_funchead_fine_depl_nopos	8648440	OSV	DA_N	2	1	1
Belarusian_2.8	DLM_MEMORY_OPTIMIZED/locality_optimized_dlm/manual_output_funchead_fine_depl_nopos	8988055	OSV	NA_D	1	2	1
Uyghur_2.8	DLM_MEMORY_OPTIMIZED/locality_optimized_dlm/manual_output_funchead_fine_depl_nopos	2729059	SOV	DNA_	3	2	1
Faroese_2.8	DLM_MEMORY_OPTIMIZED/locality_optimized_dlm/manual_output_funchead_fine_depl_nopos	4726466	SVO	DNA_	3	2	1
Amharic_2.8	DLM_MEMORY_OPTIMIZED/locality_optimized_dlm/manual_output_funchead_fine_depl_nopos	3221296	OSV	AN_D	1	1	2
Faroese_2.8	DLM_MEMORY_OPTIMIZED/locality_optimized_dlm/manual_output_funchead_fine_depl_nopos	7255176	OSV	DNA_	3	2	1
Latvian_2.8	DLM_MEMORY_OPTIMIZED/locality_optimized_dlm/manual_output_funchead_fine_depl_nopos	4235592	SVO	DNA_	3	2	1
Old_Church_Slavonic_2.8	DLM_MEMORY_OPTIMIZED/locality_optimized_dlm/manual_output_funchead_fine_depl_nopos	1679189	SVO	DNA_	3	2	1
Irish_2.8	DLM_MEMORY_OPTIMIZED/locality_optimized_dlm/manual_output_funchead_fine_depl_nopos	8000092	OSV	DNA_	3	2	1
Arabic_2.8	DLM_MEMORY_OPTIMIZED/locality_optimized_dlm/manual_output_funchead_fine_depl_nopos	1914283	SVO	DNA_	3	2	1
Kazakh_2.8	DLM_MEMORY_OPTIMIZED/locality_optimized_dlm/manual_output_funchead_fine_depl_nopos	502974	SVO	DNA_	3	2	1
Czech_2.8	DLM_MEMORY_OPTIMIZED/locality_optimized_dlm/manual_output_funchead_fine_depl_nopos	9125204	SVO	DNA_	3	2	1
Catalan_2.8	DLM_MEMORY_OPTIMIZED/locality_optimized_dlm/manual_output_funchead_fine_depl_nopos	1671374	SVO	DNA_	3	2	1
French_2.8	DLM_MEMORY_OPTIMIZED/locality_optimized_dlm/manual_output_funchead_fine_depl_nopos	4493764	OSV	DNA_	3	2	1
Buryat_2.8	DLM_MEMORY_OPTIMIZED/locality_optimized_dlm/manual_output_funchead_fine_depl_nopos	3809644	SVO	DNA_	3	2	1
Faroese_2.8	DLM_MEMORY_OPTIMIZED/locality_optimized_dlm/manual_output_funchead_fine_depl_nopos	661953	OSV	DNA_	3	2	1
Catalan_2.8	DLM_MEMORY_OPTIMIZED/locality_optimized_dlm/manual_output_funchead_fine_depl_nopos	3606847	SVO	DNA_	3	2	1
Bulgarian_2.8	DLM_MEMORY_OPTIMIZED/locality_optimized_dlm/manual_output_funchead_fine_depl_nopos	5982389	SVO	DNA_	3	2	1
Basque_2.8	DLM_MEMORY_OPTIMIZED/locality_optimized_dlm/manual_output_funchead_fine_depl_nopos	8902983	SVO	DNA_	3	2	1
Lithuanian_2.8	DLM_MEMORY_OPTIMIZED/locality_optimized_dlm/manual_output_funchead_fine_depl_nopos	371468	SVO	DNA_	3	2	1
Upper_Sorbian_2.8	DLM_MEMORY_OPTIMIZED/locality_optimized_dlm/manual_output_funchead_fine_depl_nopos	9462914	OSV	DNA_	3	2	1
Urdu_2.8	DLM_MEMORY_OPTIMIZED/locality_optimized_dlm/manual_output_funchead_fine_depl_nopos	2034711	SVO	DNA_	3	2	1
Wolof_2.8	DLM_MEMORY_OPTIMIZED/locality_optimized_dlm/manual_output_funchead_fine_depl_nopos	3488960	OSV	ADN_	2	1	3
Galician_2.8	DLM_MEMORY_OPTIMIZED/locality_optimized_dlm/manual_output_funchead_fine_depl_nopos	4382183	SVO	DNA_	3	2	1
Maltese_2.8	DLM_MEMORY_OPTIMIZED/locality_optimized_dlm/manual_output_funchead_fine_depl_nopos	7711583	OSV	DNA_	3	2	1
Classical_Chinese_2.8	DLM_MEMORY_OPTIMIZED/locality_optimized_dlm/manual_output_funchead_fine_depl_nopos	8781095	SVO	DNA_	3	2	1
Kurmanji_2.8	DLM_MEMORY_OPTIMIZED/locality_optimized_dlm/manual_output_funchead_fine_depl_nopos	9739121	OSV	DA_N	2	1	1
Basque_2.8	DLM_MEMORY_OPTIMIZED/locality_optimized_dlm/manual_output_funchead_fine_depl_nopos	764030	SVO	DNA_	3	2	1
Latvian_2.8	DLM_MEMORY_OPTIMIZED/locality_optimized_dlm/manual_output_funchead_fine_depl_nopos	2037596	SOV	DNA_	3	2	1
Swedish_2.8	DLM_MEMORY_OPTIMIZED/locality_optimized_dlm/manual_output_funchead_fine_depl_nopos	7227986	SOV	DNA_	3	2	1
Wolof_2.8	DLM_MEMORY_OPTIMIZED/locality_optimized_dlm/manual_output_funchead_fine_depl_nopos	8978709	OSV	ADN_	2	1	3
Hindi_2.8	DLM_MEMORY_OPTIMIZED/locality_optimized_dlm/manual_output_funchead_fine_depl_nopos	923347	OSV	AN_D	1	1	2
Irish_2.8	DLM_MEMORY_OPTIMIZED/locality_optimized_dlm/manual_output_funchead_fine_depl_nopos	1392149	OSV	DNA_	3	2	1
Old_Church_Slavonic_2.8	DLM_MEMORY_OPTIMIZED/locality_optimized_dlm/manual_output_funchead_fine_depl_nopos	4782541	SVO	DNA_	3	2	1
Upper_Sorbian_2.8	DLM_MEMORY_OPTIMIZED/locality_optimized_dlm/manual_output_funchead_fine_depl_nopos	8149404	SVO	DNA_	3	2	1
Slovak_2.8	DLM_MEMORY_OPTIMIZED/locality_optimized_dlm/manual_output_funchead_fine_depl_nopos	4414569	SOV	DNA_	3	2	1
Hindi_2.8	DLM_MEMORY_OPTIMIZED/locality_optimized_dlm/manual_output_funchead_fine_depl_nopos	3638053	SVO	DNA_	3	2	1
English_2.8	DLM_MEMORY_OPTIMIZED/locality_optimized_dlm/manual_output_funchead_fine_depl_nopos	9992096	OSV	DNA_	3	2	1
Estonian_2.8	DLM_MEMORY_OPTIMIZED/locality_optimized_dlm/manual_output_funchead_fine_depl_nopos	1844811	OSV	DNA_	3	2	1
Danish_2.8	DLM_MEMORY_OPTIMIZED/locality_optimized_dlm/manual_output_funchead_fine_depl_nopos	5968976	OSV	DNA_	3	2	1
Finnish_2.8	DLM_MEMORY_OPTIMIZED/locality_optimized_dlm/manual_output_funchead_fine_depl_nopos	8436153	SVO	DNA_	3	2	1
Uyghur_2.8	DLM_MEMORY_OPTIMIZED/locality_optimized_dlm/manual_output_funchead_fine_depl_nopos	7517338	OSV	A_ND	2	1	1
Bulgarian_2.8	DLM_MEMORY_OPTIMIZED/locality_optimized_dlm/manual_output_funchead_fine_depl_nopos	7053113	OSV	DNA_	3	2	1
Slovak_2.8	DLM_MEMORY_OPTIMIZED/locality_optimized_dlm/manual_output_funchead_fine_depl_nopos	164129	SVO	DNA_	3	2	1
Hindi_2.8	DLM_MEMORY_OPTIMIZED/locality_optimized_dlm/manual_output_funchead_fine_depl_nopos	7130649	SVO	DNA_	3	2	1
Lithuanian_2.8	DLM_MEMORY_OPTIMIZED/locality_optimized_dlm/manual_output_funchead_fine_depl_nopos	881641	SVO	DNA_	3	2	1
Icelandic_2.8	DLM_MEMORY_OPTIMIZED/locality_optimized_dlm/manual_output_funchead_fine_depl_nopos	3066993	SOV	DNA_	3	2	1
Hebrew_2.8	DLM_MEMORY_OPTIMIZED/locality_optimized_dlm/manual_output_funchead_fine_depl_nopos	990690	OSV	DNA_	3	2	1
Hebrew_2.8	DLM_MEMORY_OPTIMIZED/locality_optimized_dlm/manual_output_funchead_fine_depl_nopos	2228703	OSV	DNA_	3	2	1
Catalan_2.8	DLM_MEMORY_OPTIMIZED/locality_optimized_dlm/manual_output_funchead_fine_depl_nopos	284223	SVO	DNA_	3	2	1
Old_Church_Slavonic_2.8	DLM_MEMORY_OPTIMIZED/locality_optimized_dlm/manual_output_funchead_fine_depl_nopos	720223	SOV	DNA_	3	2	1
Lithuanian_2.8	DLM_MEMORY_OPTIMIZED/locality_optimized_dlm/manual_output_funchead_fine_depl_nopos	4010089	SVO	DNA_	3	2	1
Scottish_Gaelic_2.8	DLM_MEMORY_OPTIMIZED/locality_optimized_dlm/manual_output_funchead_fine_depl_nopos	8798338	OSV	DNA_	3	2	1
Czech_2.8	DLM_MEMORY_OPTIMIZED/locality_optimized_dlm/manual_output_funchead_fine_depl_nopos	5082246	OSV	DNA_	3	2	1
Buryat_2.8	DLM_MEMORY_OPTIMIZED/locality_optimized_dlm/manual_output_funchead_fine_depl_nopos	4743405	SVO	DNA_	3	2	1
Hebrew_2.8	DLM_MEMORY_OPTIMIZED/locality_optimized_dlm/manual_output_funchead_fine_depl_nopos	3014571	SVO	DNA_	3	2	1
Old_Church_Slavonic_2.8	DLM_MEMORY_OPTIMIZED/locality_optimized_dlm/manual_output_funchead_fine_depl_nopos	5726858	SOV	DA_N	2	1	1
Urdu_2.8	DLM_MEMORY_OPTIMIZED/locality_optimized_dlm/manual_output_funchead_fine_depl_nopos	8088085	SVO	DNA_	3	2	1
North_Sami_2.8	DLM_MEMORY_OPTIMIZED/locality_optimized_dlm/manual_output_funchead_fine_depl_nopos	852304	SVO	DNA_	3	2	1
Turkish_2.8	DLM_MEMORY_OPTIMIZED/locality_optimized_dlm/manual_output_funchead_fine_depl_nopos	9181200	OSV	DNA_	3	2	1
Akkadian_2.8	DLM_MEMORY_OPTIMIZED/locality_optimized_dlm/manual_output_funchead_fine_depl_nopos	8637125	SVO	DNA_	3	2	1
Belarusian_2.8	DLM_MEMORY_OPTIMIZED/locality_optimized_dlm/manual_output_funchead_fine_depl_nopos	9443579	OSV	DNA_	3	2	1
Chinese_2.8	DLM_MEMORY_OPTIMIZED/locality_optimized_dlm/manual_output_funchead_fine_depl_nopos	4187248	OSV	DNA_	3	2	1
Serbian_2.8	DLM_MEMORY_OPTIMIZED/locality_optimized_dlm/manual_output_funchead_fine_depl_nopos	3436471	SOV	DNA_	3	2	1
Classical_Chinese_2.8	DLM_MEMORY_OPTIMIZED/locality_optimized_dlm/manual_output_funchead_fine_depl_nopos	9673091	SVO	DNA_	3	2	1
Bulgarian_2.8	DLM_MEMORY_OPTIMIZED/locality_optimized_dlm/manual_output_funchead_fine_depl_nopos	6892116	SVO	DNA_	3	2	1
Korean_2.8	DLM_MEMORY_OPTIMIZED/locality_optimized_dlm/manual_output_funchead_fine_depl_nopos	3213886	SOV	NA_D	1	2	1
Catalan_2.8	DLM_MEMORY_OPTIMIZED/locality_optimized_dlm/manual_output_funchead_fine_depl_nopos	9420710	SVO	DNA_	3	2	1
Slovak_2.8	DLM_MEMORY_OPTIMIZED/locality_optimized_dlm/manual_output_funchead_fine_depl_nopos	7134298	SOV	DNA_	3	2	1
Irish_2.8	DLM_MEMORY_OPTIMIZED/locality_optimized_dlm/manual_output_funchead_fine_depl_nopos	6677084	OSV	DNA_	3	2	1
Kazakh_2.8	DLM_MEMORY_OPTIMIZED/locality_optimized_dlm/manual_output_funchead_fine_depl_nopos	3568904	SOV	DNA_	3	2	1
Finnish_2.8	DLM_MEMORY_OPTIMIZED/locality_optimized_dlm/manual_output_funchead_fine_depl_nopos	5850202	SVO	DNA_	3	2	1
Slovenian_2.8	DLM_MEMORY_OPTIMIZED/locality_optimized_dlm/manual_output_funchead_fine_depl_nopos	7412104	SVO	DNA_	3	2	1
Danish_2.8	DLM_MEMORY_OPTIMIZED/locality_optimized_dlm/manual_output_funchead_fine_depl_nopos	8848675	OSV	DNA_	3	2	1
Slovak_2.8	DLM_MEMORY_OPTIMIZED/locality_optimized_dlm/manual_output_funchead_fine_depl_nopos	5808601	OSV	DNA_	3	2	1
Hungarian_2.8	DLM_MEMORY_OPTIMIZED/locality_optimized_dlm/manual_output_funchead_fine_depl_nopos	9481619	SVO	DNA_	3	2	1
Buryat_2.8	DLM_MEMORY_OPTIMIZED/locality_optimized_dlm/manual_output_funchead_fine_depl_nopos	7127494	SOV	DNA_	3	2	1
Korean_2.8	DLM_MEMORY_OPTIMIZED/locality_optimized_dlm/manual_output_funchead_fine_depl_nopos	2737951	OSV	DNA_	3	2	1
Bambara_2.8	DLM_MEMORY_OPTIMIZED/locality_optimized_dlm/manual_output_funchead_fine_depl_nopos	2209464	SVO	DNA_	3	2	1
Scottish_Gaelic_2.8	DLM_MEMORY_OPTIMIZED/locality_optimized_dlm/manual_output_funchead_fine_depl_nopos	5973915	SOV	DNA_	3	2	1
Classical_Chinese_2.8	DLM_MEMORY_OPTIMIZED/locality_optimized_dlm/manual_output_funchead_fine_depl_nopos	537787	SVO	DNA_	3	2	1
Hebrew_2.8	DLM_MEMORY_OPTIMIZED/locality_optimized_dlm/manual_output_funchead_fine_depl_nopos	8485586	SVO	A_ND	2	1	1
Indonesian_2.8	DLM_MEMORY_OPTIMIZED/locality_optimized_dlm/manual_output_funchead_fine_depl_nopos	127423	OSV	DNA_	3	2	1
Hungarian_2.8	DLM_MEMORY_OPTIMIZED/locality_optimized_dlm/manual_output_funchead_fine_depl_nopos	865880	SOV	DNA_	3	2	1
Indonesian_2.8	DLM_MEMORY_OPTIMIZED/locality_optimized_dlm/manual_output_funchead_fine_depl_nopos	3340806	OSV	DNA_	3	2	1
Bulgarian_2.8	DLM_MEMORY_OPTIMIZED/locality_optimized_dlm/manual_output_funchead_fine_depl_nopos	8773856	SVO	DNA_	3	2	1
Armenian_2.8	DLM_MEMORY_OPTIMIZED/locality_optimized_dlm/manual_output_funchead_fine_depl_nopos	8134568	OSV	NDA_	2	3	1
English_2.8	DLM_MEMORY_OPTIMIZED/locality_optimized_dlm/manual_output_funchead_fine_depl_nopos	71904	SVO	DNA_	3	2	1
Czech_2.8	DLM_MEMORY_OPTIMIZED/locality_optimized_dlm/manual_output_funchead_fine_depl_nopos	6877334	SVO	DNA_	3	2	1
Afrikaans_2.8	DLM_MEMORY_OPTIMIZED/locality_optimized_dlm/manual_output_funchead_fine_depl_nopos	813422	SVO	DNA_	3	2	1
Croatian_2.8	DLM_MEMORY_OPTIMIZED/locality_optimized_dlm/manual_output_funchead_fine_depl_nopos	3952736	OSV	DNA_	3	2	1
Indonesian_2.8	DLM_MEMORY_OPTIMIZED/locality_optimized_dlm/manual_output_funchead_fine_depl_nopos	2763365	SVO	DNA_	3	2	1
Latvian_2.8	DLM_MEMORY_OPTIMIZED/locality_optimized_dlm/manual_output_funchead_fine_depl_nopos	1041930	OSV	DNA_	3	2	1
Breton_2.8	DLM_MEMORY_OPTIMIZED/locality_optimized_dlm/manual_output_funchead_fine_depl_nopos	6865878	SVO	DNA_	3	2	1
Serbian_2.8	DLM_MEMORY_OPTIMIZED/locality_optimized_dlm/manual_output_funchead_fine_depl_nopos	998955	SOV	DNA_	3	2	1
Komi_Zyrian_2.8	DLM_MEMORY_OPTIMIZED/locality_optimized_dlm/manual_output_funchead_fine_depl_nopos	5486547	SVO	DNA_	3	2	1
Old_East_Slavic_2.8	DLM_MEMORY_OPTIMIZED/locality_optimized_dlm/manual_output_funchead_fine_depl_nopos	2669278	SVO	NDA_	2	3	1
Belarusian_2.8	DLM_MEMORY_OPTIMIZED/locality_optimized_dlm/manual_output_funchead_fine_depl_nopos	9258719	OSV	DNA_	3	2	1
Finnish_2.8	DLM_MEMORY_OPTIMIZED/locality_optimized_dlm/manual_output_funchead_fine_depl_nopos	6240996	SOV	DNA_	3	2	1
Turkish_2.8	DLM_MEMORY_OPTIMIZED/locality_optimized_dlm/manual_output_funchead_fine_depl_nopos	8314299	OSV	DNA_	3	2	1
Breton_2.8	DLM_MEMORY_OPTIMIZED/locality_optimized_dlm/manual_output_funchead_fine_depl_nopos	7950289	SVO	DNA_	3	2	1
Danish_2.8	DLM_MEMORY_OPTIMIZED/locality_optimized_dlm/manual_output_funchead_fine_depl_nopos	2742822	SVO	DNA_	3	2	1
Naija_2.8	DLM_MEMORY_OPTIMIZED/locality_optimized_dlm/manual_output_funchead_fine_depl_nopos	8548263	OSV	DNA_	3	2	1
Ancient_Greek_2.8	DLM_MEMORY_OPTIMIZED/locality_optimized_dlm/manual_output_funchead_fine_depl_nopos	9020718	SOV	DA_N	2	1	1
Western_Armenian_2.8	DLM_MEMORY_OPTIMIZED/locality_optimized_dlm/manual_output_funchead_fine_depl_nopos	324197	SVO	DA_N	2	1	1
Croatian_2.8	DLM_MEMORY_OPTIMIZED/locality_optimized_dlm/manual_output_funchead_fine_depl_nopos	6146177	SOV	DNA_	3	2	1
Hindi_2.8	DLM_MEMORY_OPTIMIZED/locality_optimized_dlm/manual_output_funchead_fine_depl_nopos	2910421	SVO	DNA_	3	2	1
Russian_2.8	DLM_MEMORY_OPTIMIZED/locality_optimized_dlm/manual_output_funchead_fine_depl_nopos	3084333	OSV	DNA_	3	2	1
Ukrainian_2.8	DLM_MEMORY_OPTIMIZED/locality_optimized_dlm/manual_output_funchead_fine_depl_nopos	4745531	OSV	DNA_	3	2	1
Indonesian_2.8	DLM_MEMORY_OPTIMIZED/locality_optimized_dlm/manual_output_funchead_fine_depl_nopos	7402174	SVO	DNA_	3	2	1
Urdu_2.8	DLM_MEMORY_OPTIMIZED/locality_optimized_dlm/manual_output_funchead_fine_depl_nopos	1837525	SVO	DNA_	3	2	1
Erzya_2.8	DLM_MEMORY_OPTIMIZED/locality_optimized_dlm/manual_output_funchead_fine_depl_nopos	9076372	OSV	DNA_	3	2	1
Komi_Zyrian_2.8	DLM_MEMORY_OPTIMIZED/locality_optimized_dlm/manual_output_funchead_fine_depl_nopos	4508414	SVO	A_ND	2	1	1
Wolof_2.8	DLM_MEMORY_OPTIMIZED/locality_optimized_dlm/manual_output_funchead_fine_depl_nopos	3549160	OSV	DNA_	3	2	1
Bulgarian_2.8	DLM_MEMORY_OPTIMIZED/locality_optimized_dlm/manual_output_funchead_fine_depl_nopos	4743852	SOV	DNA_	3	2	1
Romanian_2.8	DLM_MEMORY_OPTIMIZED/locality_optimized_dlm/manual_output_funchead_fine_depl_nopos	3331058	OSV	NDA_	2	3	1
Lithuanian_2.8	DLM_MEMORY_OPTIMIZED/locality_optimized_dlm/manual_output_funchead_fine_depl_nopos	3879430	OSV	DNA_	3	2	1
Serbian_2.8	DLM_MEMORY_OPTIMIZED/locality_optimized_dlm/manual_output_funchead_fine_depl_nopos	8969349	SVO	DNA_	3	2	1
Icelandic_2.8	DLM_MEMORY_OPTIMIZED/locality_optimized_dlm/manual_output_funchead_fine_depl_nopos	8793849	SVO	DNA_	3	2	1
Portuguese_2.8	DLM_MEMORY_OPTIMIZED/locality_optimized_dlm/manual_output_funchead_fine_depl_nopos	1228046	SVO	DA_N	2	1	1
Naija_2.8	DLM_MEMORY_OPTIMIZED/locality_optimized_dlm/manual_output_funchead_fine_depl_nopos	9465056	SVO	DA_N	2	1	1
Thai_2.8	DLM_MEMORY_OPTIMIZED/locality_optimized_dlm/manual_output_funchead_fine_depl_nopos	9374588	SVO	DNA_	3	2	1
Finnish_2.8	DLM_MEMORY_OPTIMIZED/locality_optimized_dlm/manual_output_funchead_fine_depl_nopos	4037569	SVO	DNA_	3	2	1
Finnish_2.8	DLM_MEMORY_OPTIMIZED/locality_optimized_dlm/manual_output_funchead_fine_depl_nopos	8986866	SVO	DNA_	3	2	1
Breton_2.8	DLM_MEMORY_OPTIMIZED/locality_optimized_dlm/manual_output_funchead_fine_depl_nopos	4655252	OSV	DNA_	3	2	1
Icelandic_2.8	DLM_MEMORY_OPTIMIZED/locality_optimized_dlm/manual_output_funchead_fine_depl_nopos	5289739	OSV	DNA_	3	2	1
Urdu_2.8	DLM_MEMORY_OPTIMIZED/locality_optimized_dlm/manual_output_funchead_fine_depl_nopos	326828	SVO	DNA_	3	2	1
Ukrainian_2.8	DLM_MEMORY_OPTIMIZED/locality_optimized_dlm/manual_output_funchead_fine_depl_nopos	8576686	OSV	DNA_	3	2	1
Kiche_2.8	DLM_MEMORY_OPTIMIZED/locality_optimized_dlm/manual_output_funchead_fine_depl_nopos	8929781	SVO	ADN_	2	1	3
Old_Russian_2.8	DLM_MEMORY_OPTIMIZED/locality_optimized_dlm/manual_output_funchead_fine_depl_nopos	1363259	OSV	NDA_	2	3	1
English_2.8	DLM_MEMORY_OPTIMIZED/locality_optimized_dlm/manual_output_funchead_fine_depl_nopos	2898190	SVO	DNA_	3	2	1
Kazakh_2.8	DLM_MEMORY_OPTIMIZED/locality_optimized_dlm/manual_output_funchead_fine_depl_nopos	2733247	SVO	DNA_	3	2	1
Old_East_Slavic_2.8	DLM_MEMORY_OPTIMIZED/locality_optimized_dlm/manual_output_funchead_fine_depl_nopos	9884185	SVO	DNA_	3	2	1
Uyghur_2.8	DLM_MEMORY_OPTIMIZED/locality_optimized_dlm/manual_output_funchead_fine_depl_nopos	8889243	SVO	ADN_	2	1	3
Ukrainian_2.8	DLM_MEMORY_OPTIMIZED/locality_optimized_dlm/manual_output_funchead_fine_depl_nopos	8050721	SOV	DNA_	3	2	1
Wolof_2.8	DLM_MEMORY_OPTIMIZED/locality_optimized_dlm/manual_output_funchead_fine_depl_nopos	6840629	OSV	ADN_	2	1	3
Buryat_2.8	DLM_MEMORY_OPTIMIZED/locality_optimized_dlm/manual_output_funchead_fine_depl_nopos	7431938	SVO	DNA_	3	2	1
Slovenian_2.8	DLM_MEMORY_OPTIMIZED/locality_optimized_dlm/manual_output_funchead_fine_depl_nopos	2377882	SVO	DNA_	3	2	1
Bambara_2.8	DLM_MEMORY_OPTIMIZED/locality_optimized_dlm/manual_output_funchead_fine_depl_nopos	5857275	OSV	DNA_	3	2	1
Catalan_2.8	DLM_MEMORY_OPTIMIZED/locality_optimized_dlm/manual_output_funchead_fine_depl_nopos	5736445	SOV	DNA_	3	2	1
French_2.8	DLM_MEMORY_OPTIMIZED/locality_optimized_dlm/manual_output_funchead_fine_depl_nopos	4654829	OSV	DNA_	3	2	1
Urdu_2.8	DLM_MEMORY_OPTIMIZED/locality_optimized_dlm/manual_output_funchead_fine_depl_nopos	7838669	SVO	DNA_	3	2	1
Irish_2.8	DLM_MEMORY_OPTIMIZED/locality_optimized_dlm/manual_output_funchead_fine_depl_nopos	8570116	OSV	DNA_	3	2	1
Slovak_2.8	DLM_MEMORY_OPTIMIZED/locality_optimized_dlm/manual_output_funchead_fine_depl_nopos	8998209	SVO	DNA_	3	2	1
Naija_2.8	DLM_MEMORY_OPTIMIZED/locality_optimized_dlm/manual_output_funchead_fine_depl_nopos	6636923	OSV	DNA_	3	2	1
Chinese_2.8	DLM_MEMORY_OPTIMIZED/locality_optimized_dlm/manual_output_funchead_fine_depl_nopos	8463188	SVO	DNA_	3	2	1
Afrikaans_2.8	DLM_MEMORY_OPTIMIZED/locality_optimized_dlm/manual_output_funchead_fine_depl_nopos	9439872	SOV	A_ND	2	1	1
Romanian_2.8	DLM_MEMORY_OPTIMIZED/locality_optimized_dlm/manual_output_funchead_fine_depl_nopos	3523899	SVO	DNA_	3	2	1
Italian_2.8	DLM_MEMORY_OPTIMIZED/locality_optimized_dlm/manual_output_funchead_fine_depl_nopos	1479056	OSV	DNA_	3	2	1
Korean_2.8	DLM_MEMORY_OPTIMIZED/locality_optimized_dlm/manual_output_funchead_fine_depl_nopos	5845453	OSV	DNA_	3	2	1
Catalan_2.8	DLM_MEMORY_OPTIMIZED/locality_optimized_dlm/manual_output_funchead_fine_depl_nopos	4474011	SOV	DNA_	3	2	1
Buryat_2.8	DLM_MEMORY_OPTIMIZED/locality_optimized_dlm/manual_output_funchead_fine_depl_nopos	6315576	SOV	DNA_	3	2	1
Estonian_2.8	DLM_MEMORY_OPTIMIZED/locality_optimized_dlm/manual_output_funchead_fine_depl_nopos	9199239	SVO	DNA_	3	2	1
Japanese_2.8	DLM_MEMORY_OPTIMIZED/locality_optimized_dlm/manual_output_funchead_fine_depl_nopos	1985749	SOV	DAN_	3	1	2
Afrikaans_2.8	DLM_MEMORY_OPTIMIZED/locality_optimized_dlm/manual_output_funchead_fine_depl_nopos	5562253	SVO	ADN_	2	1	3
Persian_2.8	DLM_MEMORY_OPTIMIZED/locality_optimized_dlm/manual_output_funchead_fine_depl_nopos	1840991	OSV	DNA_	3	2	1
Indonesian_2.8	DLM_MEMORY_OPTIMIZED/locality_optimized_dlm/manual_output_funchead_fine_depl_nopos	9945271	SOV	DNA_	3	2	1
Portuguese_2.8	DLM_MEMORY_OPTIMIZED/locality_optimized_dlm/manual_output_funchead_fine_depl_nopos	6035065	OSV	DNA_	3	2	1
Dutch_2.8	DLM_MEMORY_OPTIMIZED/locality_optimized_dlm/manual_output_funchead_fine_depl_nopos	3443577	SVO	DNA_	3	2	1
Urdu_2.8	DLM_MEMORY_OPTIMIZED/locality_optimized_dlm/manual_output_funchead_fine_depl_nopos	2579826	SVO	DNA_	3	2	1
Croatian_2.8	DLM_MEMORY_OPTIMIZED/locality_optimized_dlm/manual_output_funchead_fine_depl_nopos	2189100	SVO	DNA_	3	2	1
Japanese_2.8	DLM_MEMORY_OPTIMIZED/locality_optimized_dlm/manual_output_funchead_fine_depl_nopos	2336898	OSV	NDA_	2	3	1
Kazakh_2.8	DLM_MEMORY_OPTIMIZED/locality_optimized_dlm/manual_output_funchead_fine_depl_nopos	5612069	OSV	DNA_	3	2	1
Sanskrit_2.8	DLM_MEMORY_OPTIMIZED/locality_optimized_dlm/manual_output_funchead_fine_depl_nopos	593544	SVO	DNA_	3	2	1
Cantonese_2.8	DLM_MEMORY_OPTIMIZED/locality_optimized_dlm/manual_output_funchead_fine_depl_nopos	3069983	SVO	A_ND	2	1	1
Kazakh_2.8	DLM_MEMORY_OPTIMIZED/locality_optimized_dlm/manual_output_funchead_fine_depl_nopos	1965397	SOV	DNA_	3	2	1
Armenian_2.8	DLM_MEMORY_OPTIMIZED/locality_optimized_dlm/manual_output_funchead_fine_depl_nopos	9267225	SVO	DNA_	3	2	1
Czech_2.8	DLM_MEMORY_OPTIMIZED/locality_optimized_dlm/manual_output_funchead_fine_depl_nopos	4692316	SVO	DNA_	3	2	1
