alpha	cutoff	delta	fraction	gamma	idForProcess	language	model	script
1.0	2	1.0	0.2	1	174906	Afrikaans_2.8	None	forWords_Finnish_OptimizeOrder_Coarse_FineSurprisal_Stoch_Adap_PlusFracDLM
1.0	2	1.0	0.8	1	3860693	Afrikaans_2.8	None	forWords_Finnish_OptimizeOrder_Coarse_FineSurprisal_Stoch_Adap_PlusFracDLM
1.0	2	1.0	0.8	1	779623	Afrikaans_2.8	None	forWords_Finnish_OptimizeOrder_Coarse_FineSurprisal_Stoch_Adap_PlusFracDLM
1.0	2	1.0	0.8	1	6182729	Afrikaans_2.8	None	forWords_Finnish_OptimizeOrder_Coarse_FineSurprisal_Stoch_Adap_PlusFracDLM
1.0	2	1.0	0.8	1	8617197	Afrikaans_2.8	None	forWords_Finnish_OptimizeOrder_Coarse_FineSurprisal_Stoch_Adap_PlusFracDLM
1.0	2	1.0	0.8	1	4504907	Afrikaans_2.8	None	forWords_Finnish_OptimizeOrder_Coarse_FineSurprisal_Stoch_Adap_PlusFracDLM
1.0	2	1.0	0.2	1	8345663	Akkadian_2.8	None	forWords_Finnish_OptimizeOrder_Coarse_FineSurprisal_Stoch_Adap_PlusFracDLM
1.0	2	1.0	0.8	1	9266342	Akkadian_2.8	None	forWords_Finnish_OptimizeOrder_Coarse_FineSurprisal_Stoch_Adap_PlusFracDLM
1.0	2	1.0	0.2	1	6658526	Akkadian_2.8	None	forWords_Finnish_OptimizeOrder_Coarse_FineSurprisal_Stoch_Adap_PlusFracDLM
1.0	2	1.0	0.8	1	257741	Akkadian_2.8	None	forWords_Finnish_OptimizeOrder_Coarse_FineSurprisal_Stoch_Adap_PlusFracDLM
1.0	2	1.0	0.2	1	4089027	Akkadian_2.8	None	forWords_Finnish_OptimizeOrder_Coarse_FineSurprisal_Stoch_Adap_PlusFracDLM
1.0	2	1.0	0.2	1	1131236	Akkadian_2.8	None	forWords_Finnish_OptimizeOrder_Coarse_FineSurprisal_Stoch_Adap_PlusFracDLM
1.0	2	1.0	0.8	1	9398457	Akkadian_2.8	None	forWords_Finnish_OptimizeOrder_Coarse_FineSurprisal_Stoch_Adap_PlusFracDLM
1.0	2	1.0	0.8	1	782514	Akkadian_2.8	None	forWords_Finnish_OptimizeOrder_Coarse_FineSurprisal_Stoch_Adap_PlusFracDLM
1.0	2	1.0	0.2	1	643391	Akkadian_2.8	None	forWords_Finnish_OptimizeOrder_Coarse_FineSurprisal_Stoch_Adap_PlusFracDLM
1.0	2	1.0	0.8	1	5974575	Akkadian_2.8	None	forWords_Finnish_OptimizeOrder_Coarse_FineSurprisal_Stoch_Adap_PlusFracDLM
1.0	2	1.0	0.2	1	5274637	Amharic_2.8	None	forWords_Finnish_OptimizeOrder_Coarse_FineSurprisal_Stoch_Adap_PlusFracDLM
1.0	2	1.0	0.8	1	987535	Amharic_2.8	None	forWords_Finnish_OptimizeOrder_Coarse_FineSurprisal_Stoch_Adap_PlusFracDLM
1.0	2	1.0	0.8	1	6213616	Amharic_2.8	None	forWords_Finnish_OptimizeOrder_Coarse_FineSurprisal_Stoch_Adap_PlusFracDLM
1.0	2	1.0	0.2	1	4206018	Amharic_2.8	None	forWords_Finnish_OptimizeOrder_Coarse_FineSurprisal_Stoch_Adap_PlusFracDLM
1.0	2	1.0	0.8	1	9482927	Amharic_2.8	None	forWords_Finnish_OptimizeOrder_Coarse_FineSurprisal_Stoch_Adap_PlusFracDLM
1.0	2	1.0	0.8	1	8102826	Amharic_2.8	None	forWords_Finnish_OptimizeOrder_Coarse_FineSurprisal_Stoch_Adap_PlusFracDLM
1.0	2	1.0	0.8	1	3070835	Amharic_2.8	None	forWords_Finnish_OptimizeOrder_Coarse_FineSurprisal_Stoch_Adap_PlusFracDLM
1.0	2	1.0	0.8	1	37754	Amharic_2.8	None	forWords_Finnish_OptimizeOrder_Coarse_FineSurprisal_Stoch_Adap_PlusFracDLM
1.0	2	1.0	0.2	1	2438930	Amharic_2.8	None	forWords_Finnish_OptimizeOrder_Coarse_FineSurprisal_Stoch_Adap_PlusFracDLM
1.0	2	1.0	0.2	1	6259310	Amharic_2.8	None	forWords_Finnish_OptimizeOrder_Coarse_FineSurprisal_Stoch_Adap_PlusFracDLM
1.0	2	1.0	0.2	1	5649427	Amharic_2.8	None	forWords_Finnish_OptimizeOrder_Coarse_FineSurprisal_Stoch_Adap_PlusFracDLM
1.0	2	1.0	0.2	1	9192140	Amharic_2.8	None	forWords_Finnish_OptimizeOrder_Coarse_FineSurprisal_Stoch_Adap_PlusFracDLM
1.0	2	1.0	0.2	1	7735812	Amharic_2.8	None	forWords_Finnish_OptimizeOrder_Coarse_FineSurprisal_Stoch_Adap_PlusFracDLM
1.0	2	1.0	0.2	1	5800208	Amharic_2.8	None	forWords_Finnish_OptimizeOrder_Coarse_FineSurprisal_Stoch_Adap_PlusFracDLM
1.0	2	1.0	0.8	1	8185854	Ancient_Greek_2.8	None	forWords_Finnish_OptimizeOrder_Coarse_FineSurprisal_Stoch_Adap_PlusFracDLM
1.0	2	1.0	0.2	1	4432474	Ancient_Greek_2.8	None	forWords_Finnish_OptimizeOrder_Coarse_FineSurprisal_Stoch_Adap_PlusFracDLM
1.0	2	1.0	0.8	1	4708805	Ancient_Greek_2.8	None	forWords_Finnish_OptimizeOrder_Coarse_FineSurprisal_Stoch_Adap_PlusFracDLM
1.0	2	1.0	0.2	1	8510187	Ancient_Greek_2.8	None	forWords_Finnish_OptimizeOrder_Coarse_FineSurprisal_Stoch_Adap_PlusFracDLM
1.0	2	1.0	0.8	1	7202418	Ancient_Greek_2.8	None	forWords_Finnish_OptimizeOrder_Coarse_FineSurprisal_Stoch_Adap_PlusFracDLM
1.0	2	1.0	0.2	1	8575272	Ancient_Greek_2.8	None	forWords_Finnish_OptimizeOrder_Coarse_FineSurprisal_Stoch_Adap_PlusFracDLM
1.0	2	1.0	0.8	1	6775986	Ancient_Greek_2.8	None	forWords_Finnish_OptimizeOrder_Coarse_FineSurprisal_Stoch_Adap_PlusFracDLM
1.0	2	1.0	0.2	1	745772	Ancient_Greek_2.8	None	forWords_Finnish_OptimizeOrder_Coarse_FineSurprisal_Stoch_Adap_PlusFracDLM
1.0	2	1.0	0.8	1	8458365	Ancient_Greek_2.8	None	forWords_Finnish_OptimizeOrder_Coarse_FineSurprisal_Stoch_Adap_PlusFracDLM
1.0	2	1.0	0.8	1	6254657	Arabic_2.8	None	forWords_Finnish_OptimizeOrder_Coarse_FineSurprisal_Stoch_Adap_PlusFracDLM
1.0	2	1.0	0.2	1	5110925	Arabic_2.8	None	forWords_Finnish_OptimizeOrder_Coarse_FineSurprisal_Stoch_Adap_PlusFracDLM
1.0	2	1.0	0.8	1	6437058	Arabic_2.8	None	forWords_Finnish_OptimizeOrder_Coarse_FineSurprisal_Stoch_Adap_PlusFracDLM
1.0	2	1.0	0.2	1	7111755	Arabic_2.8	None	forWords_Finnish_OptimizeOrder_Coarse_FineSurprisal_Stoch_Adap_PlusFracDLM
1.0	2	1.0	0.2	1	3294513	Arabic_2.8	None	forWords_Finnish_OptimizeOrder_Coarse_FineSurprisal_Stoch_Adap_PlusFracDLM
1.0	2	1.0	0.8	1	689707	Armenian_2.8	None	forWords_Finnish_OptimizeOrder_Coarse_FineSurprisal_Stoch_Adap_PlusFracDLM
1.0	2	1.0	0.8	1	8793440	Armenian_2.8	None	forWords_Finnish_OptimizeOrder_Coarse_FineSurprisal_Stoch_Adap_PlusFracDLM
1.0	2	1.0	0.2	1	9365348	Armenian_2.8	None	forWords_Finnish_OptimizeOrder_Coarse_FineSurprisal_Stoch_Adap_PlusFracDLM
1.0	2	1.0	0.2	1	5922398	Armenian_2.8	None	forWords_Finnish_OptimizeOrder_Coarse_FineSurprisal_Stoch_Adap_PlusFracDLM
1.0	2	1.0	0.2	1	1407017	Armenian_2.8	None	forWords_Finnish_OptimizeOrder_Coarse_FineSurprisal_Stoch_Adap_PlusFracDLM
1.0	2	1.0	0.2	1	7815605	Armenian_2.8	None	forWords_Finnish_OptimizeOrder_Coarse_FineSurprisal_Stoch_Adap_PlusFracDLM
1.0	2	1.0	0.8	1	9684779	Armenian_2.8	None	forWords_Finnish_OptimizeOrder_Coarse_FineSurprisal_Stoch_Adap_PlusFracDLM
1.0	2	1.0	0.8	1	5025154	Armenian_2.8	None	forWords_Finnish_OptimizeOrder_Coarse_FineSurprisal_Stoch_Adap_PlusFracDLM
1.0	2	1.0	0.2	1	5516542	Armenian_2.8	None	forWords_Finnish_OptimizeOrder_Coarse_FineSurprisal_Stoch_Adap_PlusFracDLM
1.0	2	1.0	0.2	1	3718511	Armenian_2.8	None	forWords_Finnish_OptimizeOrder_Coarse_FineSurprisal_Stoch_Adap_PlusFracDLM
1.0	2	1.0	0.8	1	5495022	Armenian_2.8	None	forWords_Finnish_OptimizeOrder_Coarse_FineSurprisal_Stoch_Adap_PlusFracDLM
1.0	2	1.0	0.8	1	8859573	Armenian_2.8	None	forWords_Finnish_OptimizeOrder_Coarse_FineSurprisal_Stoch_Adap_PlusFracDLM
1.0	2	1.0	0.2	1	5687814	Armenian_2.8	None	forWords_Finnish_OptimizeOrder_Coarse_FineSurprisal_Stoch_Adap_PlusFracDLM
1.0	2	1.0	0.2	1	2093167	Bambara_2.8	None	forWords_Finnish_OptimizeOrder_Coarse_FineSurprisal_Stoch_Adap_PlusFracDLM
1.0	2	1.0	0.2	1	5433869	Bambara_2.8	None	forWords_Finnish_OptimizeOrder_Coarse_FineSurprisal_Stoch_Adap_PlusFracDLM
1.0	2	1.0	0.2	1	2949622	Bambara_2.8	None	forWords_Finnish_OptimizeOrder_Coarse_FineSurprisal_Stoch_Adap_PlusFracDLM
1.0	2	1.0	0.8	1	6725181	Bambara_2.8	None	forWords_Finnish_OptimizeOrder_Coarse_FineSurprisal_Stoch_Adap_PlusFracDLM
1.0	2	1.0	0.2	1	9218144	Bambara_2.8	None	forWords_Finnish_OptimizeOrder_Coarse_FineSurprisal_Stoch_Adap_PlusFracDLM
1.0	2	1.0	0.8	1	7531112	Bambara_2.8	None	forWords_Finnish_OptimizeOrder_Coarse_FineSurprisal_Stoch_Adap_PlusFracDLM
1.0	2	1.0	0.8	1	937535	Bambara_2.8	None	forWords_Finnish_OptimizeOrder_Coarse_FineSurprisal_Stoch_Adap_PlusFracDLM
1.0	2	1.0	0.8	1	3013037	Bambara_2.8	None	forWords_Finnish_OptimizeOrder_Coarse_FineSurprisal_Stoch_Adap_PlusFracDLM
1.0	2	1.0	0.8	1	1862170	Bambara_2.8	None	forWords_Finnish_OptimizeOrder_Coarse_FineSurprisal_Stoch_Adap_PlusFracDLM
1.0	2	1.0	0.8	1	101175	Bambara_2.8	None	forWords_Finnish_OptimizeOrder_Coarse_FineSurprisal_Stoch_Adap_PlusFracDLM
1.0	2	1.0	0.8	1	5604521	Basque_2.8	None	forWords_Finnish_OptimizeOrder_Coarse_FineSurprisal_Stoch_Adap_PlusFracDLM
1.0	2	1.0	0.8	1	7767291	Basque_2.8	None	forWords_Finnish_OptimizeOrder_Coarse_FineSurprisal_Stoch_Adap_PlusFracDLM
1.0	2	1.0	0.8	1	761086	Basque_2.8	None	forWords_Finnish_OptimizeOrder_Coarse_FineSurprisal_Stoch_Adap_PlusFracDLM
1.0	2	1.0	0.2	1	5222573	Basque_2.8	None	forWords_Finnish_OptimizeOrder_Coarse_FineSurprisal_Stoch_Adap_PlusFracDLM
1.0	2	1.0	0.8	1	3901625	Basque_2.8	None	forWords_Finnish_OptimizeOrder_Coarse_FineSurprisal_Stoch_Adap_PlusFracDLM
1.0	2	1.0	0.8	1	4777484	Basque_2.8	None	forWords_Finnish_OptimizeOrder_Coarse_FineSurprisal_Stoch_Adap_PlusFracDLM
1.0	2	1.0	0.8	1	2918063	Basque_2.8	None	forWords_Finnish_OptimizeOrder_Coarse_FineSurprisal_Stoch_Adap_PlusFracDLM
1.0	2	1.0	0.8	1	5908478	Basque_2.8	None	forWords_Finnish_OptimizeOrder_Coarse_FineSurprisal_Stoch_Adap_PlusFracDLM
1.0	2	1.0	0.8	1	9597946	Basque_2.8	None	forWords_Finnish_OptimizeOrder_Coarse_FineSurprisal_Stoch_Adap_PlusFracDLM
1.0	2	1.0	0.2	1	7591312	Basque_2.8	None	forWords_Finnish_OptimizeOrder_Coarse_FineSurprisal_Stoch_Adap_PlusFracDLM
1.0	2	1.0	0.2	1	9229901	Basque_2.8	None	forWords_Finnish_OptimizeOrder_Coarse_FineSurprisal_Stoch_Adap_PlusFracDLM
1.0	2	1.0	0.8	1	7534744	Basque_2.8	None	forWords_Finnish_OptimizeOrder_Coarse_FineSurprisal_Stoch_Adap_PlusFracDLM
1.0	2	1.0	0.2	1	9829942	Basque_2.8	None	forWords_Finnish_OptimizeOrder_Coarse_FineSurprisal_Stoch_Adap_PlusFracDLM
1.0	2	1.0	0.2	1	3355193	Basque_2.8	None	forWords_Finnish_OptimizeOrder_Coarse_FineSurprisal_Stoch_Adap_PlusFracDLM
1.0	2	1.0	0.8	1	6587110	Basque_2.8	None	forWords_Finnish_OptimizeOrder_Coarse_FineSurprisal_Stoch_Adap_PlusFracDLM
1.0	2	1.0	0.2	1	91866	Belarusian_2.8	None	forWords_Finnish_OptimizeOrder_Coarse_FineSurprisal_Stoch_Adap_PlusFracDLM
1.0	2	1.0	0.2	1	1042618	Belarusian_2.8	None	forWords_Finnish_OptimizeOrder_Coarse_FineSurprisal_Stoch_Adap_PlusFracDLM
1.0	2	1.0	0.8	1	4667044	Belarusian_2.8	None	forWords_Finnish_OptimizeOrder_Coarse_FineSurprisal_Stoch_Adap_PlusFracDLM
1.0	2	1.0	0.2	1	3649974	Belarusian_2.8	None	forWords_Finnish_OptimizeOrder_Coarse_FineSurprisal_Stoch_Adap_PlusFracDLM
1.0	2	1.0	0.2	1	7504402	Belarusian_2.8	None	forWords_Finnish_OptimizeOrder_Coarse_FineSurprisal_Stoch_Adap_PlusFracDLM
1.0	2	1.0	0.8	1	6425949	Belarusian_2.8	None	forWords_Finnish_OptimizeOrder_Coarse_FineSurprisal_Stoch_Adap_PlusFracDLM
1.0	2	1.0	0.2	1	2238602	Belarusian_2.8	None	forWords_Finnish_OptimizeOrder_Coarse_FineSurprisal_Stoch_Adap_PlusFracDLM
1.0	2	1.0	0.8	1	5122009	Belarusian_2.8	None	forWords_Finnish_OptimizeOrder_Coarse_FineSurprisal_Stoch_Adap_PlusFracDLM
1.0	2	1.0	0.8	1	1054923	Belarusian_2.8	None	forWords_Finnish_OptimizeOrder_Coarse_FineSurprisal_Stoch_Adap_PlusFracDLM
1.0	2	1.0	0.2	1	6343489	Breton_2.8	None	forWords_Finnish_OptimizeOrder_Coarse_FineSurprisal_Stoch_Adap_PlusFracDLM
1.0	2	1.0	0.2	1	1748166	Breton_2.8	None	forWords_Finnish_OptimizeOrder_Coarse_FineSurprisal_Stoch_Adap_PlusFracDLM
1.0	2	1.0	0.8	1	6099610	Breton_2.8	None	forWords_Finnish_OptimizeOrder_Coarse_FineSurprisal_Stoch_Adap_PlusFracDLM
1.0	2	1.0	0.8	1	9969068	Breton_2.8	None	forWords_Finnish_OptimizeOrder_Coarse_FineSurprisal_Stoch_Adap_PlusFracDLM
1.0	2	1.0	0.8	1	7254491	Breton_2.8	None	forWords_Finnish_OptimizeOrder_Coarse_FineSurprisal_Stoch_Adap_PlusFracDLM
1.0	2	1.0	0.2	1	7979129	Breton_2.8	None	forWords_Finnish_OptimizeOrder_Coarse_FineSurprisal_Stoch_Adap_PlusFracDLM
1.0	2	1.0	0.2	1	3651501	Breton_2.8	None	forWords_Finnish_OptimizeOrder_Coarse_FineSurprisal_Stoch_Adap_PlusFracDLM
1.0	2	1.0	0.2	1	8631146	Breton_2.8	None	forWords_Finnish_OptimizeOrder_Coarse_FineSurprisal_Stoch_Adap_PlusFracDLM
1.0	2	1.0	0.8	1	6250486	Breton_2.8	None	forWords_Finnish_OptimizeOrder_Coarse_FineSurprisal_Stoch_Adap_PlusFracDLM
1.0	2	1.0	0.8	1	4421629	Breton_2.8	None	forWords_Finnish_OptimizeOrder_Coarse_FineSurprisal_Stoch_Adap_PlusFracDLM
1.0	2	1.0	0.2	1	8394794	Bulgarian_2.8	None	forWords_Finnish_OptimizeOrder_Coarse_FineSurprisal_Stoch_Adap_PlusFracDLM
1.0	2	1.0	0.2	1	3319544	Bulgarian_2.8	None	forWords_Finnish_OptimizeOrder_Coarse_FineSurprisal_Stoch_Adap_PlusFracDLM
1.0	2	1.0	0.8	1	1865482	Bulgarian_2.8	None	forWords_Finnish_OptimizeOrder_Coarse_FineSurprisal_Stoch_Adap_PlusFracDLM
1.0	2	1.0	0.8	1	3220825	Bulgarian_2.8	None	forWords_Finnish_OptimizeOrder_Coarse_FineSurprisal_Stoch_Adap_PlusFracDLM
1.0	2	1.0	0.2	1	6340598	Bulgarian_2.8	None	forWords_Finnish_OptimizeOrder_Coarse_FineSurprisal_Stoch_Adap_PlusFracDLM
1.0	2	1.0	0.8	1	2933470	Bulgarian_2.8	None	forWords_Finnish_OptimizeOrder_Coarse_FineSurprisal_Stoch_Adap_PlusFracDLM
1.0	2	1.0	0.2	1	7926926	Bulgarian_2.8	None	forWords_Finnish_OptimizeOrder_Coarse_FineSurprisal_Stoch_Adap_PlusFracDLM
1.0	2	1.0	0.2	1	2307303	Bulgarian_2.8	None	forWords_Finnish_OptimizeOrder_Coarse_FineSurprisal_Stoch_Adap_PlusFracDLM
1.0	2	1.0	0.8	1	6300853	Bulgarian_2.8	None	forWords_Finnish_OptimizeOrder_Coarse_FineSurprisal_Stoch_Adap_PlusFracDLM
1.0	2	1.0	0.2	1	6478493	Bulgarian_2.8	None	forWords_Finnish_OptimizeOrder_Coarse_FineSurprisal_Stoch_Adap_PlusFracDLM
1.0	2	1.0	0.8	1	2361034	Buryat_2.8	None	forWords_Finnish_OptimizeOrder_Coarse_FineSurprisal_Stoch_Adap_PlusFracDLM
1.0	2	1.0	0.8	1	1238116	Buryat_2.8	None	forWords_Finnish_OptimizeOrder_Coarse_FineSurprisal_Stoch_Adap_PlusFracDLM
1.0	2	1.0	0.2	1	6207637	Buryat_2.8	None	forWords_Finnish_OptimizeOrder_Coarse_FineSurprisal_Stoch_Adap_PlusFracDLM
1.0	2	1.0	0.2	1	8604277	Buryat_2.8	None	forWords_Finnish_OptimizeOrder_Coarse_FineSurprisal_Stoch_Adap_PlusFracDLM
1.0	2	1.0	0.2	1	5472169	Buryat_2.8	None	forWords_Finnish_OptimizeOrder_Coarse_FineSurprisal_Stoch_Adap_PlusFracDLM
1.0	2	1.0	0.2	1	2663820	Buryat_2.8	None	forWords_Finnish_OptimizeOrder_Coarse_FineSurprisal_Stoch_Adap_PlusFracDLM
1.0	2	1.0	0.2	1	5861118	Buryat_2.8	None	forWords_Finnish_OptimizeOrder_Coarse_FineSurprisal_Stoch_Adap_PlusFracDLM
1.0	2	1.0	0.8	1	2778185	Buryat_2.8	None	forWords_Finnish_OptimizeOrder_Coarse_FineSurprisal_Stoch_Adap_PlusFracDLM
1.0	2	1.0	0.2	1	9170429	Buryat_2.8	None	forWords_Finnish_OptimizeOrder_Coarse_FineSurprisal_Stoch_Adap_PlusFracDLM
1.0	2	1.0	0.2	1	9905058	Buryat_2.8	None	forWords_Finnish_OptimizeOrder_Coarse_FineSurprisal_Stoch_Adap_PlusFracDLM
1.0	2	1.0	0.2	1	3687863	Buryat_2.8	None	forWords_Finnish_OptimizeOrder_Coarse_FineSurprisal_Stoch_Adap_PlusFracDLM
1.0	2	1.0	0.2	1	2271732	Buryat_2.8	None	forWords_Finnish_OptimizeOrder_Coarse_FineSurprisal_Stoch_Adap_PlusFracDLM
1.0	2	1.0	0.2	1	4103309	Buryat_2.8	None	forWords_Finnish_OptimizeOrder_Coarse_FineSurprisal_Stoch_Adap_PlusFracDLM
1.0	2	1.0	0.2	1	1167990	Buryat_2.8	None	forWords_Finnish_OptimizeOrder_Coarse_FineSurprisal_Stoch_Adap_PlusFracDLM
1.0	2	1.0	0.8	1	5938884	Buryat_2.8	None	forWords_Finnish_OptimizeOrder_Coarse_FineSurprisal_Stoch_Adap_PlusFracDLM
1.0	2	1.0	0.2	1	7636901	Buryat_2.8	None	forWords_Finnish_OptimizeOrder_Coarse_FineSurprisal_Stoch_Adap_PlusFracDLM
1.0	2	1.0	0.2	1	5581485	Buryat_2.8	None	forWords_Finnish_OptimizeOrder_Coarse_FineSurprisal_Stoch_Adap_PlusFracDLM
1.0	2	1.0	0.8	1	7834043	Buryat_2.8	None	forWords_Finnish_OptimizeOrder_Coarse_FineSurprisal_Stoch_Adap_PlusFracDLM
1.0	2	1.0	0.8	1	3920996	Buryat_2.8	None	forWords_Finnish_OptimizeOrder_Coarse_FineSurprisal_Stoch_Adap_PlusFracDLM
1.0	2	1.0	0.8	1	8615575	Buryat_2.8	None	forWords_Finnish_OptimizeOrder_Coarse_FineSurprisal_Stoch_Adap_PlusFracDLM
1.0	2	1.0	0.2	1	8000929	Buryat_2.8	None	forWords_Finnish_OptimizeOrder_Coarse_FineSurprisal_Stoch_Adap_PlusFracDLM
1.0	2	1.0	0.8	1	9263593	Buryat_2.8	None	forWords_Finnish_OptimizeOrder_Coarse_FineSurprisal_Stoch_Adap_PlusFracDLM
1.0	2	1.0	0.8	1	7718876	Cantonese_2.8	None	forWords_Finnish_OptimizeOrder_Coarse_FineSurprisal_Stoch_Adap_PlusFracDLM
1.0	2	1.0	0.2	1	6531636	Cantonese_2.8	None	forWords_Finnish_OptimizeOrder_Coarse_FineSurprisal_Stoch_Adap_PlusFracDLM
1.0	2	1.0	0.2	1	6393582	Cantonese_2.8	None	forWords_Finnish_OptimizeOrder_Coarse_FineSurprisal_Stoch_Adap_PlusFracDLM
1.0	2	1.0	0.2	1	4159755	Cantonese_2.8	None	forWords_Finnish_OptimizeOrder_Coarse_FineSurprisal_Stoch_Adap_PlusFracDLM
1.0	2	1.0	0.8	1	1038018	Cantonese_2.8	None	forWords_Finnish_OptimizeOrder_Coarse_FineSurprisal_Stoch_Adap_PlusFracDLM
1.0	2	1.0	0.8	1	4832269	Cantonese_2.8	None	forWords_Finnish_OptimizeOrder_Coarse_FineSurprisal_Stoch_Adap_PlusFracDLM
1.0	2	1.0	0.2	1	1925645	Cantonese_2.8	None	forWords_Finnish_OptimizeOrder_Coarse_FineSurprisal_Stoch_Adap_PlusFracDLM
1.0	2	1.0	0.8	1	7058921	Cantonese_2.8	None	forWords_Finnish_OptimizeOrder_Coarse_FineSurprisal_Stoch_Adap_PlusFracDLM
1.0	2	1.0	0.8	1	2619082	Cantonese_2.8	None	forWords_Finnish_OptimizeOrder_Coarse_FineSurprisal_Stoch_Adap_PlusFracDLM
1.0	2	1.0	0.2	1	4531575	Cantonese_2.8	None	forWords_Finnish_OptimizeOrder_Coarse_FineSurprisal_Stoch_Adap_PlusFracDLM
1.0	2	1.0	0.8	1	6754835	Cantonese_2.8	None	forWords_Finnish_OptimizeOrder_Coarse_FineSurprisal_Stoch_Adap_PlusFracDLM
1.0	2	1.0	0.2	1	9292995	Cantonese_2.8	None	forWords_Finnish_OptimizeOrder_Coarse_FineSurprisal_Stoch_Adap_PlusFracDLM
1.0	2	1.0	0.8	1	8103735	Cantonese_2.8	None	forWords_Finnish_OptimizeOrder_Coarse_FineSurprisal_Stoch_Adap_PlusFracDLM
1.0	2	1.0	0.8	1	5886937	Cantonese_2.8	None	forWords_Finnish_OptimizeOrder_Coarse_FineSurprisal_Stoch_Adap_PlusFracDLM
1.0	2	1.0	0.2	1	5280034	Cantonese_2.8	None	forWords_Finnish_OptimizeOrder_Coarse_FineSurprisal_Stoch_Adap_PlusFracDLM
1.0	2	1.0	0.8	1	3346152	Catalan_2.8	None	forWords_Finnish_OptimizeOrder_Coarse_FineSurprisal_Stoch_Adap_PlusFracDLM
1.0	2	1.0	0.8	1	1610957	Catalan_2.8	None	forWords_Finnish_OptimizeOrder_Coarse_FineSurprisal_Stoch_Adap_PlusFracDLM
1.0	2	1.0	0.8	1	3372194	Catalan_2.8	None	forWords_Finnish_OptimizeOrder_Coarse_FineSurprisal_Stoch_Adap_PlusFracDLM
1.0	2	1.0	0.8	1	7174954	Catalan_2.8	None	forWords_Finnish_OptimizeOrder_Coarse_FineSurprisal_Stoch_Adap_PlusFracDLM
1.0	2	1.0	0.2	1	2410658	Catalan_2.8	None	forWords_Finnish_OptimizeOrder_Coarse_FineSurprisal_Stoch_Adap_PlusFracDLM
1.0	2	1.0	0.8	1	9688515	Catalan_2.8	None	forWords_Finnish_OptimizeOrder_Coarse_FineSurprisal_Stoch_Adap_PlusFracDLM
1.0	2	1.0	0.8	1	1413498	Catalan_2.8	None	forWords_Finnish_OptimizeOrder_Coarse_FineSurprisal_Stoch_Adap_PlusFracDLM
1.0	2	1.0	0.8	1	1475516	Catalan_2.8	None	forWords_Finnish_OptimizeOrder_Coarse_FineSurprisal_Stoch_Adap_PlusFracDLM
1.0	2	1.0	0.8	1	1575223	Catalan_2.8	None	forWords_Finnish_OptimizeOrder_Coarse_FineSurprisal_Stoch_Adap_PlusFracDLM
1.0	2	1.0	0.8	1	6255284	Catalan_2.8	None	forWords_Finnish_OptimizeOrder_Coarse_FineSurprisal_Stoch_Adap_PlusFracDLM
1.0	2	1.0	0.8	1	3937576	Catalan_2.8	None	forWords_Finnish_OptimizeOrder_Coarse_FineSurprisal_Stoch_Adap_PlusFracDLM
1.0	2	1.0	0.8	1	5970078	Catalan_2.8	None	forWords_Finnish_OptimizeOrder_Coarse_FineSurprisal_Stoch_Adap_PlusFracDLM
1.0	2	1.0	0.8	1	6157237	Catalan_2.8	None	forWords_Finnish_OptimizeOrder_Coarse_FineSurprisal_Stoch_Adap_PlusFracDLM
1.0	2	1.0	0.8	1	9432909	Catalan_2.8	None	forWords_Finnish_OptimizeOrder_Coarse_FineSurprisal_Stoch_Adap_PlusFracDLM
1.0	2	1.0	0.8	1	9643980	Catalan_2.8	None	forWords_Finnish_OptimizeOrder_Coarse_FineSurprisal_Stoch_Adap_PlusFracDLM
1.0	2	1.0	0.2	1	9670570	Chinese_2.8	None	forWords_Finnish_OptimizeOrder_Coarse_FineSurprisal_Stoch_Adap_PlusFracDLM
1.0	2	1.0	0.6	1	6897433	Chinese_2.8	None	forWords_Finnish_OptimizeOrder_Coarse_FineSurprisal_Stoch_Adap_PlusFracDLM
1.0	2	1.0	0.8	1	4307330	Chinese_2.8	None	forWords_Finnish_OptimizeOrder_Coarse_FineSurprisal_Stoch_Adap_PlusFracDLM
1.0	2	1.0	0.2	1	2100323	Chinese_2.8	None	forWords_Finnish_OptimizeOrder_Coarse_FineSurprisal_Stoch_Adap_PlusFracDLM
1.0	2	1.0	0.8	1	4262478	Chinese_2.8	None	forWords_Finnish_OptimizeOrder_Coarse_FineSurprisal_Stoch_Adap_PlusFracDLM
1.0	2	1.0	0.8	1	3062142	Chinese_2.8	None	forWords_Finnish_OptimizeOrder_Coarse_FineSurprisal_Stoch_Adap_PlusFracDLM
1.0	2	1.0	0.2	1	9045721	Chinese_2.8	None	forWords_Finnish_OptimizeOrder_Coarse_FineSurprisal_Stoch_Adap_PlusFracDLM
1.0	2	1.0	0.2	1	3754160	Chinese_2.8	None	forWords_Finnish_OptimizeOrder_Coarse_FineSurprisal_Stoch_Adap_PlusFracDLM
1.0	2	1.0	0.2	1	9993216	Chinese_2.8	None	forWords_Finnish_OptimizeOrder_Coarse_FineSurprisal_Stoch_Adap_PlusFracDLM
1.0	2	1.0	0.2	1	2167441	Chinese_2.8	None	forWords_Finnish_OptimizeOrder_Coarse_FineSurprisal_Stoch_Adap_PlusFracDLM
1.0	2	1.0	0.2	1	7775537	Chinese_2.8	None	forWords_Finnish_OptimizeOrder_Coarse_FineSurprisal_Stoch_Adap_PlusFracDLM
1.0	2	1.0	0.8	1	6280495	Chinese_2.8	None	forWords_Finnish_OptimizeOrder_Coarse_FineSurprisal_Stoch_Adap_PlusFracDLM
1.0	2	1.0	0.8	1	8165278	Chinese_2.8	None	forWords_Finnish_OptimizeOrder_Coarse_FineSurprisal_Stoch_Adap_PlusFracDLM
1.0	2	1.0	0.2	1	2632935	Chinese_2.8	None	forWords_Finnish_OptimizeOrder_Coarse_FineSurprisal_Stoch_Adap_PlusFracDLM
1.0	2	1.0	0.8	1	9716628	Chinese_2.8	None	forWords_Finnish_OptimizeOrder_Coarse_FineSurprisal_Stoch_Adap_PlusFracDLM
1.0	2	1.0	0.8	1	8012305	Classical_Chinese_2.8	None	forWords_Finnish_OptimizeOrder_Coarse_FineSurprisal_Stoch_Adap_PlusFracDLM
1.0	2	1.0	0.8	1	9325663	Classical_Chinese_2.8	None	forWords_Finnish_OptimizeOrder_Coarse_FineSurprisal_Stoch_Adap_PlusFracDLM
1.0	2	1.0	0.2	1	2975163	Classical_Chinese_2.8	None	forWords_Finnish_OptimizeOrder_Coarse_FineSurprisal_Stoch_Adap_PlusFracDLM
1.0	2	1.0	0.2	1	3631287	Classical_Chinese_2.8	None	forWords_Finnish_OptimizeOrder_Coarse_FineSurprisal_Stoch_Adap_PlusFracDLM
1.0	2	1.0	0.2	1	9237497	Classical_Chinese_2.8	None	forWords_Finnish_OptimizeOrder_Coarse_FineSurprisal_Stoch_Adap_PlusFracDLM
1.0	2	1.0	0.8	1	1323447	Classical_Chinese_2.8	None	forWords_Finnish_OptimizeOrder_Coarse_FineSurprisal_Stoch_Adap_PlusFracDLM
1.0	2	1.0	0.8	1	672550	Classical_Chinese_2.8	None	forWords_Finnish_OptimizeOrder_Coarse_FineSurprisal_Stoch_Adap_PlusFracDLM
1.0	2	1.0	0.2	1	1735651	Classical_Chinese_2.8	None	forWords_Finnish_OptimizeOrder_Coarse_FineSurprisal_Stoch_Adap_PlusFracDLM
1.0	2	1.0	0.8	1	9610310	Classical_Chinese_2.8	None	forWords_Finnish_OptimizeOrder_Coarse_FineSurprisal_Stoch_Adap_PlusFracDLM
1.0	2	1.0	0.8	1	862736	Coptic_2.8	None	forWords_Finnish_OptimizeOrder_Coarse_FineSurprisal_Stoch_Adap_PlusFracDLM
1.0	2	1.0	0.2	1	3835362	Coptic_2.8	None	forWords_Finnish_OptimizeOrder_Coarse_FineSurprisal_Stoch_Adap_PlusFracDLM
1.0	2	1.0	0.8	1	8791664	Coptic_2.8	None	forWords_Finnish_OptimizeOrder_Coarse_FineSurprisal_Stoch_Adap_PlusFracDLM
1.0	2	1.0	0.2	1	9002917	Coptic_2.8	None	forWords_Finnish_OptimizeOrder_Coarse_FineSurprisal_Stoch_Adap_PlusFracDLM
1.0	2	1.0	0.8	1	7082991	Coptic_2.8	None	forWords_Finnish_OptimizeOrder_Coarse_FineSurprisal_Stoch_Adap_PlusFracDLM
1.0	2	1.0	0.2	1	6132471	Coptic_2.8	None	forWords_Finnish_OptimizeOrder_Coarse_FineSurprisal_Stoch_Adap_PlusFracDLM
1.0	2	1.0	0.8	1	6231146	Coptic_2.8	None	forWords_Finnish_OptimizeOrder_Coarse_FineSurprisal_Stoch_Adap_PlusFracDLM
1.0	2	1.0	0.2	1	5509735	Coptic_2.8	None	forWords_Finnish_OptimizeOrder_Coarse_FineSurprisal_Stoch_Adap_PlusFracDLM
1.0	2	1.0	0.8	1	5805090	Coptic_2.8	None	forWords_Finnish_OptimizeOrder_Coarse_FineSurprisal_Stoch_Adap_PlusFracDLM
1.0	2	1.0	0.8	1	2176856	Coptic_2.8	None	forWords_Finnish_OptimizeOrder_Coarse_FineSurprisal_Stoch_Adap_PlusFracDLM
1.0	2	1.0	0.8	1	1023593	Coptic_2.8	None	forWords_Finnish_OptimizeOrder_Coarse_FineSurprisal_Stoch_Adap_PlusFracDLM
1.0	2	1.0	0.8	1	4544503	Coptic_2.8	None	forWords_Finnish_OptimizeOrder_Coarse_FineSurprisal_Stoch_Adap_PlusFracDLM
1.0	2	1.0	0.2	1	9995542	Croatian_2.8	None	forWords_Finnish_OptimizeOrder_Coarse_FineSurprisal_Stoch_Adap_PlusFracDLM
1.0	2	1.0	0.2	1	8384107	Croatian_2.8	None	forWords_Finnish_OptimizeOrder_Coarse_FineSurprisal_Stoch_Adap_PlusFracDLM
1.0	2	1.0	0.8	1	408925	Croatian_2.8	None	forWords_Finnish_OptimizeOrder_Coarse_FineSurprisal_Stoch_Adap_PlusFracDLM
1.0	2	1.0	0.8	1	6111659	Croatian_2.8	None	forWords_Finnish_OptimizeOrder_Coarse_FineSurprisal_Stoch_Adap_PlusFracDLM
1.0	2	1.0	0.2	1	6106655	Croatian_2.8	None	forWords_Finnish_OptimizeOrder_Coarse_FineSurprisal_Stoch_Adap_PlusFracDLM
1.0	2	1.0	0.2	1	1142746	Croatian_2.8	None	forWords_Finnish_OptimizeOrder_Coarse_FineSurprisal_Stoch_Adap_PlusFracDLM
1.0	2	1.0	0.2	1	4334953	Croatian_2.8	None	forWords_Finnish_OptimizeOrder_Coarse_FineSurprisal_Stoch_Adap_PlusFracDLM
1.0	2	1.0	0.2	1	2673521	Croatian_2.8	None	forWords_Finnish_OptimizeOrder_Coarse_FineSurprisal_Stoch_Adap_PlusFracDLM
1.0	2	1.0	0.8	1	6631965	Croatian_2.8	None	forWords_Finnish_OptimizeOrder_Coarse_FineSurprisal_Stoch_Adap_PlusFracDLM
1.0	2	1.0	0.2	1	7518337	Croatian_2.8	None	forWords_Finnish_OptimizeOrder_Coarse_FineSurprisal_Stoch_Adap_PlusFracDLM
1.0	2	1.0	0.8	1	2797158	Croatian_2.8	None	forWords_Finnish_OptimizeOrder_Coarse_FineSurprisal_Stoch_Adap_PlusFracDLM
1.0	2	1.0	0.2	1	4104349	Czech-PDT_2.8	None	forWords_Finnish_OptimizeOrder_Coarse_FineSurprisal_Stoch_Adap_PlusFracDLM
1.0	2	1.0	0.2	1	736441	Czech-PDT_2.8	None	forWords_Finnish_OptimizeOrder_Coarse_FineSurprisal_Stoch_Adap_PlusFracDLM
1.0	2	1.0	0.2	1	7288743	Czech-PDT_2.8	None	forWords_Finnish_OptimizeOrder_Coarse_FineSurprisal_Stoch_Adap_PlusFracDLM
1.0	2	1.0	0.8	1	7534157	Czech-PDT_2.8	None	forWords_Finnish_OptimizeOrder_Coarse_FineSurprisal_Stoch_Adap_PlusFracDLM
1.0	2	1.0	0.2	1	3164907	Czech-PDT_2.8	None	forWords_Finnish_OptimizeOrder_Coarse_FineSurprisal_Stoch_Adap_PlusFracDLM
1.0	2	1.0	0.8	1	1308752	Czech-PDT_2.8	None	forWords_Finnish_OptimizeOrder_Coarse_FineSurprisal_Stoch_Adap_PlusFracDLM
1.0	2	1.0	0.8	1	8097630	Czech-PDT_2.8	None	forWords_Finnish_OptimizeOrder_Coarse_FineSurprisal_Stoch_Adap_PlusFracDLM
1.0	2	1.0	0.2	1	4752144	Danish_2.8	None	forWords_Finnish_OptimizeOrder_Coarse_FineSurprisal_Stoch_Adap_PlusFracDLM
1.0	2	1.0	0.8	1	2030201	Danish_2.8	None	forWords_Finnish_OptimizeOrder_Coarse_FineSurprisal_Stoch_Adap_PlusFracDLM
1.0	2	1.0	0.2	1	6624634	Danish_2.8	None	forWords_Finnish_OptimizeOrder_Coarse_FineSurprisal_Stoch_Adap_PlusFracDLM
1.0	2	1.0	0.8	1	3880509	Danish_2.8	None	forWords_Finnish_OptimizeOrder_Coarse_FineSurprisal_Stoch_Adap_PlusFracDLM
1.0	2	1.0	0.2	1	7331989	Danish_2.8	None	forWords_Finnish_OptimizeOrder_Coarse_FineSurprisal_Stoch_Adap_PlusFracDLM
1.0	2	1.0	0.8	1	6611146	Danish_2.8	None	forWords_Finnish_OptimizeOrder_Coarse_FineSurprisal_Stoch_Adap_PlusFracDLM
1.0	2	1.0	0.8	1	9166979	Danish_2.8	None	forWords_Finnish_OptimizeOrder_Coarse_FineSurprisal_Stoch_Adap_PlusFracDLM
1.0	2	1.0	0.8	1	7255259	Danish_2.8	None	forWords_Finnish_OptimizeOrder_Coarse_FineSurprisal_Stoch_Adap_PlusFracDLM
1.0	2	1.0	0.2	1	9083021	Danish_2.8	None	forWords_Finnish_OptimizeOrder_Coarse_FineSurprisal_Stoch_Adap_PlusFracDLM
1.0	2	1.0	0.2	1	2417164	Danish_2.8	None	forWords_Finnish_OptimizeOrder_Coarse_FineSurprisal_Stoch_Adap_PlusFracDLM
1.0	2	1.0	0.2	1	8590373	Dutch_2.8	None	forWords_Finnish_OptimizeOrder_Coarse_FineSurprisal_Stoch_Adap_PlusFracDLM
1.0	2	1.0	0.2	1	3088085	Dutch_2.8	None	forWords_Finnish_OptimizeOrder_Coarse_FineSurprisal_Stoch_Adap_PlusFracDLM
1.0	2	1.0	0.8	1	9259192	Dutch_2.8	None	forWords_Finnish_OptimizeOrder_Coarse_FineSurprisal_Stoch_Adap_PlusFracDLM
1.0	2	1.0	0.8	1	3991936	Dutch_2.8	None	forWords_Finnish_OptimizeOrder_Coarse_FineSurprisal_Stoch_Adap_PlusFracDLM
1.0	2	1.0	0.8	1	7281999	Dutch_2.8	None	forWords_Finnish_OptimizeOrder_Coarse_FineSurprisal_Stoch_Adap_PlusFracDLM
1.0	2	1.0	0.8	1	5958215	Dutch_2.8	None	forWords_Finnish_OptimizeOrder_Coarse_FineSurprisal_Stoch_Adap_PlusFracDLM
1.0	2	1.0	0.2	1	4395845	Dutch_2.8	None	forWords_Finnish_OptimizeOrder_Coarse_FineSurprisal_Stoch_Adap_PlusFracDLM
1.0	2	1.0	0.8	1	3836008	Dutch_2.8	None	forWords_Finnish_OptimizeOrder_Coarse_FineSurprisal_Stoch_Adap_PlusFracDLM
1.0	2	1.0	0.8	1	3342248	Dutch_2.8	None	forWords_Finnish_OptimizeOrder_Coarse_FineSurprisal_Stoch_Adap_PlusFracDLM
1.0	2	1.0	0.8	1	499493	Dutch_2.8	None	forWords_Finnish_OptimizeOrder_Coarse_FineSurprisal_Stoch_Adap_PlusFracDLM
1.0	2	1.0	0.8	1	9264775	Dutch_2.8	None	forWords_Finnish_OptimizeOrder_Coarse_FineSurprisal_Stoch_Adap_PlusFracDLM
1.0	2	1.0	0.8	1	4434095	Dutch_2.8	None	forWords_Finnish_OptimizeOrder_Coarse_FineSurprisal_Stoch_Adap_PlusFracDLM
1.0	2	1.0	0.2	1	4746566	English_2.8	None	forWords_Finnish_OptimizeOrder_Coarse_FineSurprisal_Stoch_Adap_PlusFracDLM
1.0	2	1.0	0.8	1	148080	English_2.8	None	forWords_Finnish_OptimizeOrder_Coarse_FineSurprisal_Stoch_Adap_PlusFracDLM
1.0	2	1.0	0.2	1	6834174	English_2.8	None	forWords_Finnish_OptimizeOrder_Coarse_FineSurprisal_Stoch_Adap_PlusFracDLM
1.0	2	1.0	0.2	1	883079	English_2.8	None	forWords_Finnish_OptimizeOrder_Coarse_FineSurprisal_Stoch_Adap_PlusFracDLM
1.0	2	1.0	0.8	1	6846720	English_2.8	None	forWords_Finnish_OptimizeOrder_Coarse_FineSurprisal_Stoch_Adap_PlusFracDLM
1.0	2	1.0	0.2	1	9769310	English_2.8	None	forWords_Finnish_OptimizeOrder_Coarse_FineSurprisal_Stoch_Adap_PlusFracDLM
1.0	2	1.0	0.2	1	9379362	Erzya_2.8	None	forWords_Finnish_OptimizeOrder_Coarse_FineSurprisal_Stoch_Adap_PlusFracDLM
1.0	2	1.0	0.8	1	5459998	Erzya_2.8	None	forWords_Finnish_OptimizeOrder_Coarse_FineSurprisal_Stoch_Adap_PlusFracDLM
1.0	2	1.0	0.8	1	4190624	Erzya_2.8	None	forWords_Finnish_OptimizeOrder_Coarse_FineSurprisal_Stoch_Adap_PlusFracDLM
1.0	2	1.0	0.2	1	4635175	Erzya_2.8	None	forWords_Finnish_OptimizeOrder_Coarse_FineSurprisal_Stoch_Adap_PlusFracDLM
1.0	2	1.0	0.8	1	9009154	Erzya_2.8	None	forWords_Finnish_OptimizeOrder_Coarse_FineSurprisal_Stoch_Adap_PlusFracDLM
1.0	2	1.0	0.8	1	8211226	Erzya_2.8	None	forWords_Finnish_OptimizeOrder_Coarse_FineSurprisal_Stoch_Adap_PlusFracDLM
1.0	2	1.0	0.2	1	46565	Erzya_2.8	None	forWords_Finnish_OptimizeOrder_Coarse_FineSurprisal_Stoch_Adap_PlusFracDLM
1.0	2	1.0	0.8	1	9256022	Erzya_2.8	None	forWords_Finnish_OptimizeOrder_Coarse_FineSurprisal_Stoch_Adap_PlusFracDLM
1.0	2	1.0	0.8	1	9380327	Erzya_2.8	None	forWords_Finnish_OptimizeOrder_Coarse_FineSurprisal_Stoch_Adap_PlusFracDLM
1.0	2	1.0	0.2	1	8106484	Erzya_2.8	None	forWords_Finnish_OptimizeOrder_Coarse_FineSurprisal_Stoch_Adap_PlusFracDLM
1.0	2	1.0	0.2	1	1154051	Erzya_2.8	None	forWords_Finnish_OptimizeOrder_Coarse_FineSurprisal_Stoch_Adap_PlusFracDLM
1.0	2	1.0	0.2	1	4454319	Erzya_2.8	None	forWords_Finnish_OptimizeOrder_Coarse_FineSurprisal_Stoch_Adap_PlusFracDLM
1.0	2	1.0	0.2	1	4895453	Erzya_2.8	None	forWords_Finnish_OptimizeOrder_Coarse_FineSurprisal_Stoch_Adap_PlusFracDLM
1.0	2	1.0	0.8	1	6554125	Estonian_2.8	None	forWords_Finnish_OptimizeOrder_Coarse_FineSurprisal_Stoch_Adap_PlusFracDLM
1.0	2	1.0	0.2	1	723503	Estonian_2.8	None	forWords_Finnish_OptimizeOrder_Coarse_FineSurprisal_Stoch_Adap_PlusFracDLM
1.0	2	1.0	0.8	1	3801439	Estonian_2.8	None	forWords_Finnish_OptimizeOrder_Coarse_FineSurprisal_Stoch_Adap_PlusFracDLM
1.0	2	1.0	0.8	1	5776286	Estonian_2.8	None	forWords_Finnish_OptimizeOrder_Coarse_FineSurprisal_Stoch_Adap_PlusFracDLM
1.0	2	1.0	0.8	1	1044863	Estonian_2.8	None	forWords_Finnish_OptimizeOrder_Coarse_FineSurprisal_Stoch_Adap_PlusFracDLM
1.0	2	1.0	0.8	1	5924111	Faroese_2.8	None	forWords_Finnish_OptimizeOrder_Coarse_FineSurprisal_Stoch_Adap_PlusFracDLM
1.0	2	1.0	0.8	1	7293271	Faroese_2.8	None	forWords_Finnish_OptimizeOrder_Coarse_FineSurprisal_Stoch_Adap_PlusFracDLM
1.0	2	1.0	0.2	1	7272960	Faroese_2.8	None	forWords_Finnish_OptimizeOrder_Coarse_FineSurprisal_Stoch_Adap_PlusFracDLM
1.0	2	1.0	0.8	1	7791987	Faroese_2.8	None	forWords_Finnish_OptimizeOrder_Coarse_FineSurprisal_Stoch_Adap_PlusFracDLM
1.0	2	1.0	0.2	1	6686129	Faroese_2.8	None	forWords_Finnish_OptimizeOrder_Coarse_FineSurprisal_Stoch_Adap_PlusFracDLM
1.0	2	1.0	0.8	1	8512361	Faroese_2.8	None	forWords_Finnish_OptimizeOrder_Coarse_FineSurprisal_Stoch_Adap_PlusFracDLM
1.0	2	1.0	0.2	1	6073362	Faroese_2.8	None	forWords_Finnish_OptimizeOrder_Coarse_FineSurprisal_Stoch_Adap_PlusFracDLM
1.0	2	1.0	0.2	1	9884291	Faroese_2.8	None	forWords_Finnish_OptimizeOrder_Coarse_FineSurprisal_Stoch_Adap_PlusFracDLM
1.0	2	1.0	0.2	1	9127241	Faroese_2.8	None	forWords_Finnish_OptimizeOrder_Coarse_FineSurprisal_Stoch_Adap_PlusFracDLM
1.0	2	1.0	0.8	1	7967260	Faroese_2.8	None	forWords_Finnish_OptimizeOrder_Coarse_FineSurprisal_Stoch_Adap_PlusFracDLM
1.0	2	1.0	0.8	1	7362764	Faroese_2.8	None	forWords_Finnish_OptimizeOrder_Coarse_FineSurprisal_Stoch_Adap_PlusFracDLM
1.0	2	1.0	0.8	1	5859851	Faroese_2.8	None	forWords_Finnish_OptimizeOrder_Coarse_FineSurprisal_Stoch_Adap_PlusFracDLM
1.0	2	1.0	0.8	1	1168678	Faroese_2.8	None	forWords_Finnish_OptimizeOrder_Coarse_FineSurprisal_Stoch_Adap_PlusFracDLM
1.0	2	1.0	0.8	1	794199	Faroese_2.8	None	forWords_Finnish_OptimizeOrder_Coarse_FineSurprisal_Stoch_Adap_PlusFracDLM
1.0	2	1.0	0.2	1	745265	Faroese_2.8	None	forWords_Finnish_OptimizeOrder_Coarse_FineSurprisal_Stoch_Adap_PlusFracDLM
1.0	2	1.0	0.8	1	9002655	Finnish_2.8	None	forWords_Finnish_OptimizeOrder_Coarse_FineSurprisal_Stoch_Adap_PlusFracDLM
1.0	2	1.0	0.8	1	2707024	Finnish_2.8	None	forWords_Finnish_OptimizeOrder_Coarse_FineSurprisal_Stoch_Adap_PlusFracDLM
1.0	2	1.0	0.8	1	4013328	Finnish_2.8	None	forWords_Finnish_OptimizeOrder_Coarse_FineSurprisal_Stoch_Adap_PlusFracDLM
1.0	2	1.0	0.2	1	2358722	Finnish_2.8	None	forWords_Finnish_OptimizeOrder_Coarse_FineSurprisal_Stoch_Adap_PlusFracDLM
1.0	2	1.0	0.2	1	3455400	Finnish_2.8	None	forWords_Finnish_OptimizeOrder_Coarse_FineSurprisal_Stoch_Adap_PlusFracDLM
1.0	2	1.0	0.8	1	7012967	French_2.8	None	forWords_Finnish_OptimizeOrder_Coarse_FineSurprisal_Stoch_Adap_PlusFracDLM
1.0	2	1.0	0.8	1	7419423	French_2.8	None	forWords_Finnish_OptimizeOrder_Coarse_FineSurprisal_Stoch_Adap_PlusFracDLM
1.0	2	1.0	0.2	1	6122984	French_2.8	None	forWords_Finnish_OptimizeOrder_Coarse_FineSurprisal_Stoch_Adap_PlusFracDLM
1.0	2	1.0	0.8	1	3543203	French_2.8	None	forWords_Finnish_OptimizeOrder_Coarse_FineSurprisal_Stoch_Adap_PlusFracDLM
1.0	2	1.0	0.2	1	5201191	French_2.8	None	forWords_Finnish_OptimizeOrder_Coarse_FineSurprisal_Stoch_Adap_PlusFracDLM
1.0	2	1.0	0.2	1	9231999	French_2.8	None	forWords_Finnish_OptimizeOrder_Coarse_FineSurprisal_Stoch_Adap_PlusFracDLM
1.0	2	1.0	0.8	1	6918064	French_2.8	None	forWords_Finnish_OptimizeOrder_Coarse_FineSurprisal_Stoch_Adap_PlusFracDLM
1.0	2	1.0	0.2	1	364119	French_2.8	None	forWords_Finnish_OptimizeOrder_Coarse_FineSurprisal_Stoch_Adap_PlusFracDLM
1.0	2	1.0	0.8	1	2019063	French_2.8	None	forWords_Finnish_OptimizeOrder_Coarse_FineSurprisal_Stoch_Adap_PlusFracDLM
1.0	2	1.0	0.2	1	1239679	Galician_2.8	None	forWords_Finnish_OptimizeOrder_Coarse_FineSurprisal_Stoch_Adap_PlusFracDLM
1.0	2	1.0	0.8	1	3836966	Galician_2.8	None	forWords_Finnish_OptimizeOrder_Coarse_FineSurprisal_Stoch_Adap_PlusFracDLM
1.0	2	1.0	0.8	1	7362065	Galician_2.8	None	forWords_Finnish_OptimizeOrder_Coarse_FineSurprisal_Stoch_Adap_PlusFracDLM
1.0	2	1.0	0.2	1	3803296	Galician_2.8	None	forWords_Finnish_OptimizeOrder_Coarse_FineSurprisal_Stoch_Adap_PlusFracDLM
1.0	2	1.0	0.8	1	6595735	Galician_2.8	None	forWords_Finnish_OptimizeOrder_Coarse_FineSurprisal_Stoch_Adap_PlusFracDLM
1.0	2	1.0	0.8	1	6520805	Galician_2.8	None	forWords_Finnish_OptimizeOrder_Coarse_FineSurprisal_Stoch_Adap_PlusFracDLM
1.0	2	1.0	0.2	1	5242129	Galician_2.8	None	forWords_Finnish_OptimizeOrder_Coarse_FineSurprisal_Stoch_Adap_PlusFracDLM
1.0	2	1.0	0.2	1	1469017	Galician_2.8	None	forWords_Finnish_OptimizeOrder_Coarse_FineSurprisal_Stoch_Adap_PlusFracDLM
1.0	2	1.0	0.8	1	8570039	Galician_2.8	None	forWords_Finnish_OptimizeOrder_Coarse_FineSurprisal_Stoch_Adap_PlusFracDLM
1.0	2	1.0	0.2	1	1078472	Galician_2.8	None	forWords_Finnish_OptimizeOrder_Coarse_FineSurprisal_Stoch_Adap_PlusFracDLM
1.0	2	1.0	0.2	1	6013887	Galician_2.8	None	forWords_Finnish_OptimizeOrder_Coarse_FineSurprisal_Stoch_Adap_PlusFracDLM
1.0	2	1.0	0.2	1	8056304	Galician_2.8	None	forWords_Finnish_OptimizeOrder_Coarse_FineSurprisal_Stoch_Adap_PlusFracDLM
1.0	2	1.0	0.2	1	5291987	Galician_2.8	None	forWords_Finnish_OptimizeOrder_Coarse_FineSurprisal_Stoch_Adap_PlusFracDLM
1.0	2	1.0	0.2	1	2929685	German-GSD_2.6	None	forWords_Finnish_OptimizeOrder_Coarse_FineSurprisal_Stoch_Adap_PlusFracDLM
1.0	2	1.0	0.8	1	2186209	German-GSD_2.6	None	forWords_Finnish_OptimizeOrder_Coarse_FineSurprisal_Stoch_Adap_PlusFracDLM
1.0	2	1.0	0.8	1	9573333	German-GSD_2.6	None	forWords_Finnish_OptimizeOrder_Coarse_FineSurprisal_Stoch_Adap_PlusFracDLM
1.0	2	1.0	0.8	1	770313	German-GSD_2.6	None	forWords_Finnish_OptimizeOrder_Coarse_FineSurprisal_Stoch_Adap_PlusFracDLM
1.0	2	1.0	0.2	1	6666173	German-GSD_2.6	None	forWords_Finnish_OptimizeOrder_Coarse_FineSurprisal_Stoch_Adap_PlusFracDLM
1.0	2	1.0	0.2	1	5645537	German-GSD_2.6	None	forWords_Finnish_OptimizeOrder_Coarse_FineSurprisal_Stoch_Adap_PlusFracDLM
1.0	2	1.0	0.2	1	4941750	German-GSD_2.6	None	forWords_Finnish_OptimizeOrder_Coarse_FineSurprisal_Stoch_Adap_PlusFracDLM
1.0	2	1.0	0.8	1	5350668	German-GSD_2.6	None	forWords_Finnish_OptimizeOrder_Coarse_FineSurprisal_Stoch_Adap_PlusFracDLM
1.0	2	1.0	0.8	1	1290247	German-GSD_2.6	None	forWords_Finnish_OptimizeOrder_Coarse_FineSurprisal_Stoch_Adap_PlusFracDLM
1.0	2	1.0	0.8	1	3146138	German-GSD_2.8	None	forWords_Finnish_OptimizeOrder_Coarse_FineSurprisal_Stoch_Adap_PlusFracDLM
1.0	2	1.0	0.8	1	5155105	German-GSD_2.8	None	forWords_Finnish_OptimizeOrder_Coarse_FineSurprisal_Stoch_Adap_PlusFracDLM
1.0	2	1.0	0.8	1	7076631	Gothic_2.8	None	forWords_Finnish_OptimizeOrder_Coarse_FineSurprisal_Stoch_Adap_PlusFracDLM
1.0	2	1.0	0.2	1	3837174	Gothic_2.8	None	forWords_Finnish_OptimizeOrder_Coarse_FineSurprisal_Stoch_Adap_PlusFracDLM
1.0	2	1.0	0.2	1	5186585	Gothic_2.8	None	forWords_Finnish_OptimizeOrder_Coarse_FineSurprisal_Stoch_Adap_PlusFracDLM
1.0	2	1.0	0.8	1	5572784	Gothic_2.8	None	forWords_Finnish_OptimizeOrder_Coarse_FineSurprisal_Stoch_Adap_PlusFracDLM
1.0	2	1.0	0.2	1	5013624	Gothic_2.8	None	forWords_Finnish_OptimizeOrder_Coarse_FineSurprisal_Stoch_Adap_PlusFracDLM
1.0	2	1.0	0.2	1	5673749	Gothic_2.8	None	forWords_Finnish_OptimizeOrder_Coarse_FineSurprisal_Stoch_Adap_PlusFracDLM
1.0	2	1.0	0.2	1	1070232	Gothic_2.8	None	forWords_Finnish_OptimizeOrder_Coarse_FineSurprisal_Stoch_Adap_PlusFracDLM
1.0	2	1.0	0.2	1	121104	Gothic_2.8	None	forWords_Finnish_OptimizeOrder_Coarse_FineSurprisal_Stoch_Adap_PlusFracDLM
1.0	2	1.0	0.8	1	6256336	Gothic_2.8	None	forWords_Finnish_OptimizeOrder_Coarse_FineSurprisal_Stoch_Adap_PlusFracDLM
1.0	2	1.0	0.2	1	4277621	Gothic_2.8	None	forWords_Finnish_OptimizeOrder_Coarse_FineSurprisal_Stoch_Adap_PlusFracDLM
1.0	2	1.0	0.2	1	2234262	Gothic_2.8	None	forWords_Finnish_OptimizeOrder_Coarse_FineSurprisal_Stoch_Adap_PlusFracDLM
1.0	2	1.0	0.2	1	8334122	Gothic_2.8	None	forWords_Finnish_OptimizeOrder_Coarse_FineSurprisal_Stoch_Adap_PlusFracDLM
1.0	2	1.0	0.8	1	3576244	Gothic_2.8	None	forWords_Finnish_OptimizeOrder_Coarse_FineSurprisal_Stoch_Adap_PlusFracDLM
1.0	2	1.0	0.2	1	8418843	Greek_2.8	None	forWords_Finnish_OptimizeOrder_Coarse_FineSurprisal_Stoch_Adap_PlusFracDLM
1.0	2	1.0	0.2	1	9559153	Greek_2.8	None	forWords_Finnish_OptimizeOrder_Coarse_FineSurprisal_Stoch_Adap_PlusFracDLM
1.0	2	1.0	0.8	1	8541884	Greek_2.8	None	forWords_Finnish_OptimizeOrder_Coarse_FineSurprisal_Stoch_Adap_PlusFracDLM
1.0	2	1.0	0.8	1	2892851	Greek_2.8	None	forWords_Finnish_OptimizeOrder_Coarse_FineSurprisal_Stoch_Adap_PlusFracDLM
1.0	2	1.0	0.8	1	7465561	Greek_2.8	None	forWords_Finnish_OptimizeOrder_Coarse_FineSurprisal_Stoch_Adap_PlusFracDLM
1.0	2	1.0	0.8	1	5518271	Greek_2.8	None	forWords_Finnish_OptimizeOrder_Coarse_FineSurprisal_Stoch_Adap_PlusFracDLM
1.0	2	1.0	0.2	1	6413161	Greek_2.8	None	forWords_Finnish_OptimizeOrder_Coarse_FineSurprisal_Stoch_Adap_PlusFracDLM
1.0	2	1.0	0.8	1	304981	Greek_2.8	None	forWords_Finnish_OptimizeOrder_Coarse_FineSurprisal_Stoch_Adap_PlusFracDLM
1.0	2	1.0	0.8	1	1391323	Greek_2.8	None	forWords_Finnish_OptimizeOrder_Coarse_FineSurprisal_Stoch_Adap_PlusFracDLM
1.0	2	1.0	0.8	1	4891601	Greek_2.8	None	forWords_Finnish_OptimizeOrder_Coarse_FineSurprisal_Stoch_Adap_PlusFracDLM
1.0	2	1.0	0.2	1	1739288	Hebrew_2.8	None	forWords_Finnish_OptimizeOrder_Coarse_FineSurprisal_Stoch_Adap_PlusFracDLM
1.0	2	1.0	0.2	1	253784	Hebrew_2.8	None	forWords_Finnish_OptimizeOrder_Coarse_FineSurprisal_Stoch_Adap_PlusFracDLM
1.0	2	1.0	0.8	1	966748	Hebrew_2.8	None	forWords_Finnish_OptimizeOrder_Coarse_FineSurprisal_Stoch_Adap_PlusFracDLM
1.0	2	1.0	0.2	1	4214409	Hebrew_2.8	None	forWords_Finnish_OptimizeOrder_Coarse_FineSurprisal_Stoch_Adap_PlusFracDLM
1.0	2	1.0	0.8	1	1371778	Hebrew_2.8	None	forWords_Finnish_OptimizeOrder_Coarse_FineSurprisal_Stoch_Adap_PlusFracDLM
1.0	2	1.0	0.2	1	9894168	Hebrew_2.8	None	forWords_Finnish_OptimizeOrder_Coarse_FineSurprisal_Stoch_Adap_PlusFracDLM
1.0	2	1.0	0.8	1	1026631	Hebrew_2.8	None	forWords_Finnish_OptimizeOrder_Coarse_FineSurprisal_Stoch_Adap_PlusFracDLM
1.0	2	1.0	0.8	1	9552417	Hebrew_2.8	None	forWords_Finnish_OptimizeOrder_Coarse_FineSurprisal_Stoch_Adap_PlusFracDLM
1.0	2	1.0	0.8	1	5936602	Hebrew_2.8	None	forWords_Finnish_OptimizeOrder_Coarse_FineSurprisal_Stoch_Adap_PlusFracDLM
1.0	2	1.0	0.8	1	7345603	Hebrew_2.8	None	forWords_Finnish_OptimizeOrder_Coarse_FineSurprisal_Stoch_Adap_PlusFracDLM
1.0	2	1.0	0.8	1	2617992	Hindi_2.8	None	forWords_Finnish_OptimizeOrder_Coarse_FineSurprisal_Stoch_Adap_PlusFracDLM
1.0	2	1.0	0.2	1	1923327	Hindi_2.8	None	forWords_Finnish_OptimizeOrder_Coarse_FineSurprisal_Stoch_Adap_PlusFracDLM
1.0	2	1.0	0.8	1	9554306	Hindi_2.8	None	forWords_Finnish_OptimizeOrder_Coarse_FineSurprisal_Stoch_Adap_PlusFracDLM
1.0	2	1.0	0.2	1	8237914	Hindi_2.8	None	forWords_Finnish_OptimizeOrder_Coarse_FineSurprisal_Stoch_Adap_PlusFracDLM
1.0	2	1.0	0.2	1	4143265	Hindi_2.8	None	forWords_Finnish_OptimizeOrder_Coarse_FineSurprisal_Stoch_Adap_PlusFracDLM
1.0	2	1.0	0.8	1	8449799	Hindi_2.8	None	forWords_Finnish_OptimizeOrder_Coarse_FineSurprisal_Stoch_Adap_PlusFracDLM
1.0	2	1.0	0.8	1	2250694	Hindi_2.8	None	forWords_Finnish_OptimizeOrder_Coarse_FineSurprisal_Stoch_Adap_PlusFracDLM
1.0	2	1.0	0.8	1	5487088	Hindi_2.8	None	forWords_Finnish_OptimizeOrder_Coarse_FineSurprisal_Stoch_Adap_PlusFracDLM
1.0	2	1.0	0.8	1	543595	Hindi_2.8	None	forWords_Finnish_OptimizeOrder_Coarse_FineSurprisal_Stoch_Adap_PlusFracDLM
1.0	2	1.0	0.2	1	6726911	Hungarian_2.8	None	forWords_Finnish_OptimizeOrder_Coarse_FineSurprisal_Stoch_Adap_PlusFracDLM
1.0	2	1.0	0.2	1	3622258	Hungarian_2.8	None	forWords_Finnish_OptimizeOrder_Coarse_FineSurprisal_Stoch_Adap_PlusFracDLM
1.0	2	1.0	0.2	1	3129047	Hungarian_2.8	None	forWords_Finnish_OptimizeOrder_Coarse_FineSurprisal_Stoch_Adap_PlusFracDLM
1.0	2	1.0	0.8	1	2968183	Hungarian_2.8	None	forWords_Finnish_OptimizeOrder_Coarse_FineSurprisal_Stoch_Adap_PlusFracDLM
1.0	2	1.0	0.2	1	3724353	Hungarian_2.8	None	forWords_Finnish_OptimizeOrder_Coarse_FineSurprisal_Stoch_Adap_PlusFracDLM
1.0	2	1.0	0.8	1	8492818	Hungarian_2.8	None	forWords_Finnish_OptimizeOrder_Coarse_FineSurprisal_Stoch_Adap_PlusFracDLM
1.0	2	1.0	0.8	1	1515658	Hungarian_2.8	None	forWords_Finnish_OptimizeOrder_Coarse_FineSurprisal_Stoch_Adap_PlusFracDLM
1.0	2	1.0	0.2	1	5504592	Hungarian_2.8	None	forWords_Finnish_OptimizeOrder_Coarse_FineSurprisal_Stoch_Adap_PlusFracDLM
1.0	2	1.0	0.8	1	4880008	Hungarian_2.8	None	forWords_Finnish_OptimizeOrder_Coarse_FineSurprisal_Stoch_Adap_PlusFracDLM
1.0	2	1.0	0.2	1	1924428	Hungarian_2.8	None	forWords_Finnish_OptimizeOrder_Coarse_FineSurprisal_Stoch_Adap_PlusFracDLM
1.0	2	1.0	0.8	1	2652979	Icelandic_2.8	None	forWords_Finnish_OptimizeOrder_Coarse_FineSurprisal_Stoch_Adap_PlusFracDLM
1.0	2	1.0	0.8	1	3596268	Icelandic_2.8	None	forWords_Finnish_OptimizeOrder_Coarse_FineSurprisal_Stoch_Adap_PlusFracDLM
1.0	2	1.0	0.2	1	8054456	Icelandic_2.8	None	forWords_Finnish_OptimizeOrder_Coarse_FineSurprisal_Stoch_Adap_PlusFracDLM
1.0	2	1.0	0.8	1	6368814	Icelandic_2.8	None	forWords_Finnish_OptimizeOrder_Coarse_FineSurprisal_Stoch_Adap_PlusFracDLM
1.0	2	1.0	0.2	1	940186	Icelandic_2.8	None	forWords_Finnish_OptimizeOrder_Coarse_FineSurprisal_Stoch_Adap_PlusFracDLM
1.0	2	1.0	0.2	1	5997705	Icelandic_2.8	None	forWords_Finnish_OptimizeOrder_Coarse_FineSurprisal_Stoch_Adap_PlusFracDLM
1.0	2	1.0	0.8	1	8157011	Icelandic_2.8	None	forWords_Finnish_OptimizeOrder_Coarse_FineSurprisal_Stoch_Adap_PlusFracDLM
1.0	2	1.0	0.2	1	1070451	Icelandic_2.8	None	forWords_Finnish_OptimizeOrder_Coarse_FineSurprisal_Stoch_Adap_PlusFracDLM
1.0	2	1.0	0.2	1	4806176	Icelandic_2.8	None	forWords_Finnish_OptimizeOrder_Coarse_FineSurprisal_Stoch_Adap_PlusFracDLM
1.0	2	1.0	0.2	1	8279714	Icelandic_2.8	None	forWords_Finnish_OptimizeOrder_Coarse_FineSurprisal_Stoch_Adap_PlusFracDLM
1.0	2	1.0	0.8	1	7680321	Icelandic_2.8	None	forWords_Finnish_OptimizeOrder_Coarse_FineSurprisal_Stoch_Adap_PlusFracDLM
1.0	2	1.0	0.2	1	3569017	Indonesian_2.8	None	forWords_Finnish_OptimizeOrder_Coarse_FineSurprisal_Stoch_Adap_PlusFracDLM
1.0	2	1.0	0.8	1	4155813	Indonesian_2.8	None	forWords_Finnish_OptimizeOrder_Coarse_FineSurprisal_Stoch_Adap_PlusFracDLM
1.0	2	1.0	0.2	1	9273596	Indonesian_2.8	None	forWords_Finnish_OptimizeOrder_Coarse_FineSurprisal_Stoch_Adap_PlusFracDLM
1.0	2	1.0	0.8	1	8231383	Indonesian_2.8	None	forWords_Finnish_OptimizeOrder_Coarse_FineSurprisal_Stoch_Adap_PlusFracDLM
1.0	2	1.0	0.2	1	5116849	Indonesian_2.8	None	forWords_Finnish_OptimizeOrder_Coarse_FineSurprisal_Stoch_Adap_PlusFracDLM
1.0	2	1.0	0.8	1	4623943	Indonesian_2.8	None	forWords_Finnish_OptimizeOrder_Coarse_FineSurprisal_Stoch_Adap_PlusFracDLM
1.0	2	1.0	0.2	1	1852433	Indonesian_2.8	None	forWords_Finnish_OptimizeOrder_Coarse_FineSurprisal_Stoch_Adap_PlusFracDLM
1.0	2	1.0	0.8	1	1397106	Indonesian_2.8	None	forWords_Finnish_OptimizeOrder_Coarse_FineSurprisal_Stoch_Adap_PlusFracDLM
1.0	2	1.0	0.8	1	3714134	Indonesian_2.8	None	forWords_Finnish_OptimizeOrder_Coarse_FineSurprisal_Stoch_Adap_PlusFracDLM
1.0	2	1.0	0.8	1	1104114	Indonesian_2.8	None	forWords_Finnish_OptimizeOrder_Coarse_FineSurprisal_Stoch_Adap_PlusFracDLM
1.0	2	1.0	0.8	1	4908309	Indonesian_2.8	None	forWords_Finnish_OptimizeOrder_Coarse_FineSurprisal_Stoch_Adap_PlusFracDLM
1.0	2	1.0	0.8	1	5477705	Indonesian_2.8	None	forWords_Finnish_OptimizeOrder_Coarse_FineSurprisal_Stoch_Adap_PlusFracDLM
1.0	2	1.0	0.2	1	7884510	Indonesian_2.8	None	forWords_Finnish_OptimizeOrder_Coarse_FineSurprisal_Stoch_Adap_PlusFracDLM
1.0	2	1.0	0.8	1	279101	Indonesian_2.8	None	forWords_Finnish_OptimizeOrder_Coarse_FineSurprisal_Stoch_Adap_PlusFracDLM
1.0	2	1.0	0.8	1	8678831	Indonesian_2.8	None	forWords_Finnish_OptimizeOrder_Coarse_FineSurprisal_Stoch_Adap_PlusFracDLM
1.0	2	1.0	0.2	1	4535367	Irish_2.8	None	forWords_Finnish_OptimizeOrder_Coarse_FineSurprisal_Stoch_Adap_PlusFracDLM
1.0	2	1.0	0.8	1	8468388	Irish_2.8	None	forWords_Finnish_OptimizeOrder_Coarse_FineSurprisal_Stoch_Adap_PlusFracDLM
1.0	2	1.0	0.2	1	1438781	Irish_2.8	None	forWords_Finnish_OptimizeOrder_Coarse_FineSurprisal_Stoch_Adap_PlusFracDLM
1.0	2	1.0	0.2	1	3137688	Irish_2.8	None	forWords_Finnish_OptimizeOrder_Coarse_FineSurprisal_Stoch_Adap_PlusFracDLM
1.0	2	1.0	0.8	1	2710843	Irish_2.8	None	forWords_Finnish_OptimizeOrder_Coarse_FineSurprisal_Stoch_Adap_PlusFracDLM
1.0	2	1.0	0.2	1	7116312	Irish_2.8	None	forWords_Finnish_OptimizeOrder_Coarse_FineSurprisal_Stoch_Adap_PlusFracDLM
1.0	2	1.0	0.2	1	6417640	Irish_2.8	None	forWords_Finnish_OptimizeOrder_Coarse_FineSurprisal_Stoch_Adap_PlusFracDLM
1.0	2	1.0	0.2	1	4391267	Irish_2.8	None	forWords_Finnish_OptimizeOrder_Coarse_FineSurprisal_Stoch_Adap_PlusFracDLM
1.0	2	1.0	0.8	1	4420973	Irish_2.8	None	forWords_Finnish_OptimizeOrder_Coarse_FineSurprisal_Stoch_Adap_PlusFracDLM
1.0	2	1.0	0.2	1	9189252	Irish_2.8	None	forWords_Finnish_OptimizeOrder_Coarse_FineSurprisal_Stoch_Adap_PlusFracDLM
1.0	2	1.0	0.8	1	1379109	Irish_2.8	None	forWords_Finnish_OptimizeOrder_Coarse_FineSurprisal_Stoch_Adap_PlusFracDLM
1.0	2	1.0	0.8	1	531172	Irish_2.8	None	forWords_Finnish_OptimizeOrder_Coarse_FineSurprisal_Stoch_Adap_PlusFracDLM
1.0	2	1.0	0.2	1	8235863	Irish_2.8	None	forWords_Finnish_OptimizeOrder_Coarse_FineSurprisal_Stoch_Adap_PlusFracDLM
1.0	2	1.0	0.2	1	5525207	Italian_2.8	None	forWords_Finnish_OptimizeOrder_Coarse_FineSurprisal_Stoch_Adap_PlusFracDLM
1.0	2	1.0	0.8	1	7765645	Italian_2.8	None	forWords_Finnish_OptimizeOrder_Coarse_FineSurprisal_Stoch_Adap_PlusFracDLM
1.0	2	1.0	0.8	1	1769982	Italian_2.8	None	forWords_Finnish_OptimizeOrder_Coarse_FineSurprisal_Stoch_Adap_PlusFracDLM
1.0	2	1.0	0.2	1	5118735	Italian_2.8	None	forWords_Finnish_OptimizeOrder_Coarse_FineSurprisal_Stoch_Adap_PlusFracDLM
1.0	2	1.0	0.8	1	6477663	Italian_2.8	None	forWords_Finnish_OptimizeOrder_Coarse_FineSurprisal_Stoch_Adap_PlusFracDLM
1.0	2	1.0	0.2	1	8595284	Italian_2.8	None	forWords_Finnish_OptimizeOrder_Coarse_FineSurprisal_Stoch_Adap_PlusFracDLM
1.0	2	1.0	0.2	1	4489289	Japanese-GSD_2.6	None	forWords_Finnish_OptimizeOrder_Coarse_FineSurprisal_Stoch_Adap_PlusFracDLM
1.0	2	1.0	0.2	1	4979068	Japanese-GSD_2.6	None	forWords_Finnish_OptimizeOrder_Coarse_FineSurprisal_Stoch_Adap_PlusFracDLM
1.0	2	1.0	0.8	1	6879188	Japanese-GSD_2.6	None	forWords_Finnish_OptimizeOrder_Coarse_FineSurprisal_Stoch_Adap_PlusFracDLM
1.0	2	1.0	0.2	1	1076833	Japanese-GSD_2.6	None	forWords_Finnish_OptimizeOrder_Coarse_FineSurprisal_Stoch_Adap_PlusFracDLM
1.0	2	1.0	0.8	1	2543365	Japanese-GSD_2.6	None	forWords_Finnish_OptimizeOrder_Coarse_FineSurprisal_Stoch_Adap_PlusFracDLM
1.0	2	1.0	0.2	1	6255743	Japanese-GSD_2.6	None	forWords_Finnish_OptimizeOrder_Coarse_FineSurprisal_Stoch_Adap_PlusFracDLM
1.0	2	1.0	0.2	1	4908218	Japanese-GSD_2.6	None	forWords_Finnish_OptimizeOrder_Coarse_FineSurprisal_Stoch_Adap_PlusFracDLM
1.0	2	1.0	0.2	1	4745071	Japanese-GSD_2.6	None	forWords_Finnish_OptimizeOrder_Coarse_FineSurprisal_Stoch_Adap_PlusFracDLM
1.0	2	1.0	0.8	1	8090146	Japanese-GSD_2.6	None	forWords_Finnish_OptimizeOrder_Coarse_FineSurprisal_Stoch_Adap_PlusFracDLM
1.0	2	1.0	0.2	1	1566357	Japanese-GSD_2.6	None	forWords_Finnish_OptimizeOrder_Coarse_FineSurprisal_Stoch_Adap_PlusFracDLM
1.0	2	1.0	0.2	1	2671527	Kazakh_2.8	None	forWords_Finnish_OptimizeOrder_Coarse_FineSurprisal_Stoch_Adap_PlusFracDLM
1.0	2	1.0	0.8	1	5569190	Kazakh_2.8	None	forWords_Finnish_OptimizeOrder_Coarse_FineSurprisal_Stoch_Adap_PlusFracDLM
1.0	2	1.0	0.8	1	8918815	Kazakh_2.8	None	forWords_Finnish_OptimizeOrder_Coarse_FineSurprisal_Stoch_Adap_PlusFracDLM
1.0	2	1.0	0.2	1	1009988	Kazakh_2.8	None	forWords_Finnish_OptimizeOrder_Coarse_FineSurprisal_Stoch_Adap_PlusFracDLM
1.0	2	1.0	0.2	1	47483	Kazakh_2.8	None	forWords_Finnish_OptimizeOrder_Coarse_FineSurprisal_Stoch_Adap_PlusFracDLM
1.0	2	1.0	0.2	1	1357071	Kazakh_2.8	None	forWords_Finnish_OptimizeOrder_Coarse_FineSurprisal_Stoch_Adap_PlusFracDLM
1.0	2	1.0	0.8	1	4849941	Kazakh_2.8	None	forWords_Finnish_OptimizeOrder_Coarse_FineSurprisal_Stoch_Adap_PlusFracDLM
1.0	2	1.0	0.8	1	7666683	Kazakh_2.8	None	forWords_Finnish_OptimizeOrder_Coarse_FineSurprisal_Stoch_Adap_PlusFracDLM
1.0	2	1.0	0.2	1	3099743	Kazakh_2.8	None	forWords_Finnish_OptimizeOrder_Coarse_FineSurprisal_Stoch_Adap_PlusFracDLM
1.0	2	1.0	0.8	1	9054782	Kazakh_2.8	None	forWords_Finnish_OptimizeOrder_Coarse_FineSurprisal_Stoch_Adap_PlusFracDLM
1.0	2	1.0	0.8	1	3980731	Kazakh_2.8	None	forWords_Finnish_OptimizeOrder_Coarse_FineSurprisal_Stoch_Adap_PlusFracDLM
1.0	2	1.0	0.8	1	5746278	Kazakh_2.8	None	forWords_Finnish_OptimizeOrder_Coarse_FineSurprisal_Stoch_Adap_PlusFracDLM
1.0	2	1.0	0.2	1	5092870	Kazakh_2.8	None	forWords_Finnish_OptimizeOrder_Coarse_FineSurprisal_Stoch_Adap_PlusFracDLM
1.0	2	1.0	0.8	1	1255100	Kazakh_2.8	None	forWords_Finnish_OptimizeOrder_Coarse_FineSurprisal_Stoch_Adap_PlusFracDLM
1.0	2	1.0	0.8	1	4157178	Kiche_2.8	None	forWords_Finnish_OptimizeOrder_Coarse_FineSurprisal_Stoch_Adap_PlusFracDLM
1.0	2	1.0	0.2	1	6878831	Kiche_2.8	None	forWords_Finnish_OptimizeOrder_Coarse_FineSurprisal_Stoch_Adap_PlusFracDLM
1.0	2	1.0	0.8	1	8095042	Kiche_2.8	None	forWords_Finnish_OptimizeOrder_Coarse_FineSurprisal_Stoch_Adap_PlusFracDLM
1.0	2	1.0	0.8	1	2455717	Kiche_2.8	None	forWords_Finnish_OptimizeOrder_Coarse_FineSurprisal_Stoch_Adap_PlusFracDLM
1.0	2	1.0	0.2	1	9001643	Kiche_2.8	None	forWords_Finnish_OptimizeOrder_Coarse_FineSurprisal_Stoch_Adap_PlusFracDLM
1.0	2	1.0	0.8	1	4905973	Kiche_2.8	None	forWords_Finnish_OptimizeOrder_Coarse_FineSurprisal_Stoch_Adap_PlusFracDLM
1.0	2	1.0	0.8	1	2505660	Kiche_2.8	None	forWords_Finnish_OptimizeOrder_Coarse_FineSurprisal_Stoch_Adap_PlusFracDLM
1.0	2	1.0	0.8	1	1302355	Kiche_2.8	None	forWords_Finnish_OptimizeOrder_Coarse_FineSurprisal_Stoch_Adap_PlusFracDLM
1.0	2	1.0	0.8	1	9737728	Kiche_2.8	None	forWords_Finnish_OptimizeOrder_Coarse_FineSurprisal_Stoch_Adap_PlusFracDLM
1.0	2	1.0	0.8	1	7710561	Kiche_2.8	None	forWords_Finnish_OptimizeOrder_Coarse_FineSurprisal_Stoch_Adap_PlusFracDLM
1.0	2	1.0	0.8	1	4592638	Kiche_2.8	None	forWords_Finnish_OptimizeOrder_Coarse_FineSurprisal_Stoch_Adap_PlusFracDLM
1.0	2	1.0	0.8	1	6231800	Kiche_2.8	None	forWords_Finnish_OptimizeOrder_Coarse_FineSurprisal_Stoch_Adap_PlusFracDLM
1.0	2	1.0	0.8	1	1256736	Komi_Zyrian_2.8	None	forWords_Finnish_OptimizeOrder_Coarse_FineSurprisal_Stoch_Adap_PlusFracDLM
1.0	2	1.0	0.8	1	305373	Komi_Zyrian_2.8	None	forWords_Finnish_OptimizeOrder_Coarse_FineSurprisal_Stoch_Adap_PlusFracDLM
1.0	2	1.0	0.8	1	2192081	Komi_Zyrian_2.8	None	forWords_Finnish_OptimizeOrder_Coarse_FineSurprisal_Stoch_Adap_PlusFracDLM
1.0	2	1.0	0.2	1	7759836	Komi_Zyrian_2.8	None	forWords_Finnish_OptimizeOrder_Coarse_FineSurprisal_Stoch_Adap_PlusFracDLM
1.0	2	1.0	0.2	1	7208072	Komi_Zyrian_2.8	None	forWords_Finnish_OptimizeOrder_Coarse_FineSurprisal_Stoch_Adap_PlusFracDLM
1.0	2	1.0	0.2	1	1361631	Komi_Zyrian_2.8	None	forWords_Finnish_OptimizeOrder_Coarse_FineSurprisal_Stoch_Adap_PlusFracDLM
1.0	2	1.0	0.8	1	8182394	Komi_Zyrian_2.8	None	forWords_Finnish_OptimizeOrder_Coarse_FineSurprisal_Stoch_Adap_PlusFracDLM
1.0	2	1.0	0.2	1	7868837	Komi_Zyrian_2.8	None	forWords_Finnish_OptimizeOrder_Coarse_FineSurprisal_Stoch_Adap_PlusFracDLM
1.0	2	1.0	0.8	1	750944	Komi_Zyrian_2.8	None	forWords_Finnish_OptimizeOrder_Coarse_FineSurprisal_Stoch_Adap_PlusFracDLM
1.0	2	1.0	0.2	1	2933460	Komi_Zyrian_2.8	None	forWords_Finnish_OptimizeOrder_Coarse_FineSurprisal_Stoch_Adap_PlusFracDLM
1.0	2	1.0	0.8	1	7810074	Komi_Zyrian_2.8	None	forWords_Finnish_OptimizeOrder_Coarse_FineSurprisal_Stoch_Adap_PlusFracDLM
1.0	2	1.0	0.8	1	8660487	Komi_Zyrian_2.8	None	forWords_Finnish_OptimizeOrder_Coarse_FineSurprisal_Stoch_Adap_PlusFracDLM
1.0	2	1.0	0.2	1	9525143	Korean_2.8	None	forWords_Finnish_OptimizeOrder_Coarse_FineSurprisal_Stoch_Adap_PlusFracDLM
1.0	2	1.0	0.8	1	6144443	Korean_2.8	None	forWords_Finnish_OptimizeOrder_Coarse_FineSurprisal_Stoch_Adap_PlusFracDLM
1.0	2	1.0	0.8	1	1733513	Korean_2.8	None	forWords_Finnish_OptimizeOrder_Coarse_FineSurprisal_Stoch_Adap_PlusFracDLM
1.0	2	1.0	0.8	1	6508491	Korean_2.8	None	forWords_Finnish_OptimizeOrder_Coarse_FineSurprisal_Stoch_Adap_PlusFracDLM
1.0	2	1.0	0.8	1	3731322	Korean_2.8	None	forWords_Finnish_OptimizeOrder_Coarse_FineSurprisal_Stoch_Adap_PlusFracDLM
1.0	2	1.0	0.8	1	6619785	Korean_2.8	None	forWords_Finnish_OptimizeOrder_Coarse_FineSurprisal_Stoch_Adap_PlusFracDLM
1.0	2	1.0	0.2	1	8194889	Korean_2.8	None	forWords_Finnish_OptimizeOrder_Coarse_FineSurprisal_Stoch_Adap_PlusFracDLM
1.0	2	1.0	0.2	1	2595643	Korean_2.8	None	forWords_Finnish_OptimizeOrder_Coarse_FineSurprisal_Stoch_Adap_PlusFracDLM
1.0	2	1.0	0.2	1	3000636	Korean_2.8	None	forWords_Finnish_OptimizeOrder_Coarse_FineSurprisal_Stoch_Adap_PlusFracDLM
1.0	2	1.0	0.8	1	4472307	Korean_2.8	None	forWords_Finnish_OptimizeOrder_Coarse_FineSurprisal_Stoch_Adap_PlusFracDLM
1.0	2	1.0	0.2	1	7758140	Kurmanji_2.8	None	forWords_Finnish_OptimizeOrder_Coarse_FineSurprisal_Stoch_Adap_PlusFracDLM
1.0	2	1.0	0.8	1	4526973	Kurmanji_2.8	None	forWords_Finnish_OptimizeOrder_Coarse_FineSurprisal_Stoch_Adap_PlusFracDLM
1.0	2	1.0	0.8	1	718191	Kurmanji_2.8	None	forWords_Finnish_OptimizeOrder_Coarse_FineSurprisal_Stoch_Adap_PlusFracDLM
1.0	2	1.0	0.8	1	1456689	Kurmanji_2.8	None	forWords_Finnish_OptimizeOrder_Coarse_FineSurprisal_Stoch_Adap_PlusFracDLM
1.0	2	1.0	0.8	1	8273482	Kurmanji_2.8	None	forWords_Finnish_OptimizeOrder_Coarse_FineSurprisal_Stoch_Adap_PlusFracDLM
1.0	2	1.0	0.2	1	3467822	Kurmanji_2.8	None	forWords_Finnish_OptimizeOrder_Coarse_FineSurprisal_Stoch_Adap_PlusFracDLM
1.0	2	1.0	0.2	1	7379734	Kurmanji_2.8	None	forWords_Finnish_OptimizeOrder_Coarse_FineSurprisal_Stoch_Adap_PlusFracDLM
1.0	2	1.0	0.2	1	1432825	Kurmanji_2.8	None	forWords_Finnish_OptimizeOrder_Coarse_FineSurprisal_Stoch_Adap_PlusFracDLM
1.0	2	1.0	0.8	1	8122184	Kurmanji_2.8	None	forWords_Finnish_OptimizeOrder_Coarse_FineSurprisal_Stoch_Adap_PlusFracDLM
1.0	2	1.0	0.2	1	1908669	Kurmanji_2.8	None	forWords_Finnish_OptimizeOrder_Coarse_FineSurprisal_Stoch_Adap_PlusFracDLM
1.0	2	1.0	0.8	1	7213490	Kurmanji_2.8	None	forWords_Finnish_OptimizeOrder_Coarse_FineSurprisal_Stoch_Adap_PlusFracDLM
1.0	2	1.0	0.2	1	7885733	Kurmanji_2.8	None	forWords_Finnish_OptimizeOrder_Coarse_FineSurprisal_Stoch_Adap_PlusFracDLM
1.0	2	1.0	0.8	1	970255	Kurmanji_2.8	None	forWords_Finnish_OptimizeOrder_Coarse_FineSurprisal_Stoch_Adap_PlusFracDLM
1.0	2	1.0	0.8	1	5158350	Kurmanji_2.8	None	forWords_Finnish_OptimizeOrder_Coarse_FineSurprisal_Stoch_Adap_PlusFracDLM
1.0	2	1.0	0.2	1	9193698	Kurmanji_2.8	None	forWords_Finnish_OptimizeOrder_Coarse_FineSurprisal_Stoch_Adap_PlusFracDLM
1.0	2	1.0	0.8	1	4520208	Kurmanji_2.8	None	forWords_Finnish_OptimizeOrder_Coarse_FineSurprisal_Stoch_Adap_PlusFracDLM
1.0	2	1.0	0.8	1	5447147	Kurmanji_2.8	None	forWords_Finnish_OptimizeOrder_Coarse_FineSurprisal_Stoch_Adap_PlusFracDLM
1.0	2	1.0	0.8	1	7250078	Kurmanji_2.8	None	forWords_Finnish_OptimizeOrder_Coarse_FineSurprisal_Stoch_Adap_PlusFracDLM
1.0	2	1.0	0.8	1	1466142	Kurmanji_2.8	None	forWords_Finnish_OptimizeOrder_Coarse_FineSurprisal_Stoch_Adap_PlusFracDLM
1.0	2	1.0	0.8	1	6463544	Latin_2.8	None	forWords_Finnish_OptimizeOrder_Coarse_FineSurprisal_Stoch_Adap_PlusFracDLM
1.0	2	1.0	0.8	1	1581117	Latin_2.8	None	forWords_Finnish_OptimizeOrder_Coarse_FineSurprisal_Stoch_Adap_PlusFracDLM
1.0	2	1.0	0.8	1	8040079	Latin_2.8	None	forWords_Finnish_OptimizeOrder_Coarse_FineSurprisal_Stoch_Adap_PlusFracDLM
1.0	2	1.0	0.8	1	633927	Latin_2.8	None	forWords_Finnish_OptimizeOrder_Coarse_FineSurprisal_Stoch_Adap_PlusFracDLM
1.0	2	1.0	0.2	1	2258291	Latin_2.8	None	forWords_Finnish_OptimizeOrder_Coarse_FineSurprisal_Stoch_Adap_PlusFracDLM
1.0	2	1.0	0.2	1	1525275	Latin_2.8	None	forWords_Finnish_OptimizeOrder_Coarse_FineSurprisal_Stoch_Adap_PlusFracDLM
1.0	2	1.0	0.8	1	5920299	Latin_2.8	None	forWords_Finnish_OptimizeOrder_Coarse_FineSurprisal_Stoch_Adap_PlusFracDLM
1.0	2	1.0	0.8	1	6201230	Latin_2.8	None	forWords_Finnish_OptimizeOrder_Coarse_FineSurprisal_Stoch_Adap_PlusFracDLM
1.0	2	1.0	0.2	1	6073704	Latin_2.8	None	forWords_Finnish_OptimizeOrder_Coarse_FineSurprisal_Stoch_Adap_PlusFracDLM
1.0	2	1.0	0.8	1	1231209	Latin_2.8	None	forWords_Finnish_OptimizeOrder_Coarse_FineSurprisal_Stoch_Adap_PlusFracDLM
1.0	2	1.0	0.2	1	1925614	Latvian_2.8	None	forWords_Finnish_OptimizeOrder_Coarse_FineSurprisal_Stoch_Adap_PlusFracDLM
1.0	2	1.0	0.8	1	8690827	Latvian_2.8	None	forWords_Finnish_OptimizeOrder_Coarse_FineSurprisal_Stoch_Adap_PlusFracDLM
1.0	2	1.0	0.8	1	7718503	Latvian_2.8	None	forWords_Finnish_OptimizeOrder_Coarse_FineSurprisal_Stoch_Adap_PlusFracDLM
1.0	2	1.0	0.8	1	304090	Latvian_2.8	None	forWords_Finnish_OptimizeOrder_Coarse_FineSurprisal_Stoch_Adap_PlusFracDLM
1.0	2	1.0	0.2	1	6286141	Latvian_2.8	None	forWords_Finnish_OptimizeOrder_Coarse_FineSurprisal_Stoch_Adap_PlusFracDLM
1.0	2	1.0	0.8	1	3572970	Latvian_2.8	None	forWords_Finnish_OptimizeOrder_Coarse_FineSurprisal_Stoch_Adap_PlusFracDLM
1.0	2	1.0	0.8	1	2426084	Latvian_2.8	None	forWords_Finnish_OptimizeOrder_Coarse_FineSurprisal_Stoch_Adap_PlusFracDLM
1.0	2	1.0	0.8	1	7556990	Latvian_2.8	None	forWords_Finnish_OptimizeOrder_Coarse_FineSurprisal_Stoch_Adap_PlusFracDLM
1.0	2	1.0	0.8	1	8098953	Latvian_2.8	None	forWords_Finnish_OptimizeOrder_Coarse_FineSurprisal_Stoch_Adap_PlusFracDLM
1.0	2	1.0	0.8	1	6878480	Latvian_2.8	None	forWords_Finnish_OptimizeOrder_Coarse_FineSurprisal_Stoch_Adap_PlusFracDLM
1.0	2	1.0	0.2	1	8125114	Latvian_2.8	None	forWords_Finnish_OptimizeOrder_Coarse_FineSurprisal_Stoch_Adap_PlusFracDLM
1.0	2	1.0	0.2	1	6216118	Latvian_2.8	None	forWords_Finnish_OptimizeOrder_Coarse_FineSurprisal_Stoch_Adap_PlusFracDLM
1.0	2	1.0	0.8	1	7857056	Latvian_2.8	None	forWords_Finnish_OptimizeOrder_Coarse_FineSurprisal_Stoch_Adap_PlusFracDLM
1.0	2	1.0	0.2	1	1382226	Latvian_2.8	None	forWords_Finnish_OptimizeOrder_Coarse_FineSurprisal_Stoch_Adap_PlusFracDLM
1.0	2	1.0	0.2	1	5023849	Latvian_2.8	None	forWords_Finnish_OptimizeOrder_Coarse_FineSurprisal_Stoch_Adap_PlusFracDLM
1.0	2	1.0	0.8	1	7869832	Latvian_2.8	None	forWords_Finnish_OptimizeOrder_Coarse_FineSurprisal_Stoch_Adap_PlusFracDLM
1.0	2	1.0	0.8	1	7956826	Latvian_2.8	None	forWords_Finnish_OptimizeOrder_Coarse_FineSurprisal_Stoch_Adap_PlusFracDLM
1.0	2	1.0	0.8	1	7279216	Lithuanian_2.8	None	forWords_Finnish_OptimizeOrder_Coarse_FineSurprisal_Stoch_Adap_PlusFracDLM
1.0	2	1.0	0.2	1	6426636	Lithuanian_2.8	None	forWords_Finnish_OptimizeOrder_Coarse_FineSurprisal_Stoch_Adap_PlusFracDLM
1.0	2	1.0	0.8	1	4837586	Lithuanian_2.8	None	forWords_Finnish_OptimizeOrder_Coarse_FineSurprisal_Stoch_Adap_PlusFracDLM
1.0	2	1.0	0.8	1	2774234	Lithuanian_2.8	None	forWords_Finnish_OptimizeOrder_Coarse_FineSurprisal_Stoch_Adap_PlusFracDLM
1.0	2	1.0	0.8	1	4852377	Lithuanian_2.8	None	forWords_Finnish_OptimizeOrder_Coarse_FineSurprisal_Stoch_Adap_PlusFracDLM
1.0	2	1.0	0.8	1	2721646	Lithuanian_2.8	None	forWords_Finnish_OptimizeOrder_Coarse_FineSurprisal_Stoch_Adap_PlusFracDLM
1.0	2	1.0	0.2	1	8611683	Lithuanian_2.8	None	forWords_Finnish_OptimizeOrder_Coarse_FineSurprisal_Stoch_Adap_PlusFracDLM
1.0	2	1.0	0.2	1	1461653	Lithuanian_2.8	None	forWords_Finnish_OptimizeOrder_Coarse_FineSurprisal_Stoch_Adap_PlusFracDLM
1.0	2	1.0	0.8	1	3095588	Lithuanian_2.8	None	forWords_Finnish_OptimizeOrder_Coarse_FineSurprisal_Stoch_Adap_PlusFracDLM
1.0	2	1.0	0.8	1	3596554	Lithuanian_2.8	None	forWords_Finnish_OptimizeOrder_Coarse_FineSurprisal_Stoch_Adap_PlusFracDLM
1.0	2	1.0	0.8	1	6961088	Lithuanian_2.8	None	forWords_Finnish_OptimizeOrder_Coarse_FineSurprisal_Stoch_Adap_PlusFracDLM
1.0	2	1.0	0.2	1	9804848	Lithuanian_2.8	None	forWords_Finnish_OptimizeOrder_Coarse_FineSurprisal_Stoch_Adap_PlusFracDLM
1.0	2	1.0	0.2	1	8752624	Lithuanian_2.8	None	forWords_Finnish_OptimizeOrder_Coarse_FineSurprisal_Stoch_Adap_PlusFracDLM
1.0	2	1.0	0.8	1	7713143	Maltese_2.8	None	forWords_Finnish_OptimizeOrder_Coarse_FineSurprisal_Stoch_Adap_PlusFracDLM
1.0	2	1.0	0.8	1	518948	Maltese_2.8	None	forWords_Finnish_OptimizeOrder_Coarse_FineSurprisal_Stoch_Adap_PlusFracDLM
1.0	2	1.0	0.8	1	9968476	Maltese_2.8	None	forWords_Finnish_OptimizeOrder_Coarse_FineSurprisal_Stoch_Adap_PlusFracDLM
1.0	2	1.0	0.2	1	3427647	Maltese_2.8	None	forWords_Finnish_OptimizeOrder_Coarse_FineSurprisal_Stoch_Adap_PlusFracDLM
1.0	2	1.0	0.8	1	6693843	Maltese_2.8	None	forWords_Finnish_OptimizeOrder_Coarse_FineSurprisal_Stoch_Adap_PlusFracDLM
1.0	2	1.0	0.2	1	7000602	Maltese_2.8	None	forWords_Finnish_OptimizeOrder_Coarse_FineSurprisal_Stoch_Adap_PlusFracDLM
1.0	2	1.0	0.2	1	1190158	Maltese_2.8	None	forWords_Finnish_OptimizeOrder_Coarse_FineSurprisal_Stoch_Adap_PlusFracDLM
1.0	2	1.0	0.2	1	9883935	Maltese_2.8	None	forWords_Finnish_OptimizeOrder_Coarse_FineSurprisal_Stoch_Adap_PlusFracDLM
1.0	2	1.0	0.8	1	5114274	Maltese_2.8	None	forWords_Finnish_OptimizeOrder_Coarse_FineSurprisal_Stoch_Adap_PlusFracDLM
1.0	2	1.0	0.8	1	8898387	Maltese_2.8	None	forWords_Finnish_OptimizeOrder_Coarse_FineSurprisal_Stoch_Adap_PlusFracDLM
1.0	2	1.0	0.8	1	3584242	Maltese_2.8	None	forWords_Finnish_OptimizeOrder_Coarse_FineSurprisal_Stoch_Adap_PlusFracDLM
1.0	2	1.0	0.8	1	1450184	Maltese_2.8	None	forWords_Finnish_OptimizeOrder_Coarse_FineSurprisal_Stoch_Adap_PlusFracDLM
1.0	2	1.0	0.8	1	9875	Maltese_2.8	None	forWords_Finnish_OptimizeOrder_Coarse_FineSurprisal_Stoch_Adap_PlusFracDLM
1.0	2	1.0	0.8	1	8884823	Maltese_2.8	None	forWords_Finnish_OptimizeOrder_Coarse_FineSurprisal_Stoch_Adap_PlusFracDLM
1.0	2	1.0	0.8	1	4868604	Maltese_2.8	None	forWords_Finnish_OptimizeOrder_Coarse_FineSurprisal_Stoch_Adap_PlusFracDLM
1.0	2	1.0	0.2	1	9959457	Maltese_2.8	None	forWords_Finnish_OptimizeOrder_Coarse_FineSurprisal_Stoch_Adap_PlusFracDLM
1.0	2	1.0	0.2	1	4307524	Maltese_2.8	None	forWords_Finnish_OptimizeOrder_Coarse_FineSurprisal_Stoch_Adap_PlusFracDLM
1.0	2	1.0	0.2	1	9929498	Manx_2.8	None	forWords_Finnish_OptimizeOrder_Coarse_FineSurprisal_Stoch_Adap_PlusFracDLM
1.0	2	1.0	0.2	1	5913491	Manx_2.8	None	forWords_Finnish_OptimizeOrder_Coarse_FineSurprisal_Stoch_Adap_PlusFracDLM
1.0	2	1.0	0.8	1	8808186	Manx_2.8	None	forWords_Finnish_OptimizeOrder_Coarse_FineSurprisal_Stoch_Adap_PlusFracDLM
1.0	2	1.0	0.2	1	2096559	Manx_2.8	None	forWords_Finnish_OptimizeOrder_Coarse_FineSurprisal_Stoch_Adap_PlusFracDLM
1.0	2	1.0	0.8	1	3897587	Manx_2.8	None	forWords_Finnish_OptimizeOrder_Coarse_FineSurprisal_Stoch_Adap_PlusFracDLM
1.0	2	1.0	0.8	1	5348776	Manx_2.8	None	forWords_Finnish_OptimizeOrder_Coarse_FineSurprisal_Stoch_Adap_PlusFracDLM
1.0	2	1.0	0.8	1	8350351	Manx_2.8	None	forWords_Finnish_OptimizeOrder_Coarse_FineSurprisal_Stoch_Adap_PlusFracDLM
1.0	2	1.0	0.2	1	9781095	Manx_2.8	None	forWords_Finnish_OptimizeOrder_Coarse_FineSurprisal_Stoch_Adap_PlusFracDLM
1.0	2	1.0	0.2	1	7016485	Manx_2.8	None	forWords_Finnish_OptimizeOrder_Coarse_FineSurprisal_Stoch_Adap_PlusFracDLM
1.0	2	1.0	0.2	1	5235828	Mbya_Guarani_2.8	None	forWords_Finnish_OptimizeOrder_Coarse_FineSurprisal_Stoch_Adap_PlusFracDLM
1.0	2	1.0	0.2	1	1681877	Mbya_Guarani_2.8	None	forWords_Finnish_OptimizeOrder_Coarse_FineSurprisal_Stoch_Adap_PlusFracDLM
1.0	2	1.0	0.2	1	4864344	Mbya_Guarani_2.8	None	forWords_Finnish_OptimizeOrder_Coarse_FineSurprisal_Stoch_Adap_PlusFracDLM
1.0	2	1.0	0.8	1	7007256	Mbya_Guarani_2.8	None	forWords_Finnish_OptimizeOrder_Coarse_FineSurprisal_Stoch_Adap_PlusFracDLM
1.0	2	1.0	0.8	1	685188	Mbya_Guarani_2.8	None	forWords_Finnish_OptimizeOrder_Coarse_FineSurprisal_Stoch_Adap_PlusFracDLM
1.0	2	1.0	0.2	1	1746985	Mbya_Guarani_2.8	None	forWords_Finnish_OptimizeOrder_Coarse_FineSurprisal_Stoch_Adap_PlusFracDLM
1.0	2	1.0	0.8	1	8020021	Mbya_Guarani_2.8	None	forWords_Finnish_OptimizeOrder_Coarse_FineSurprisal_Stoch_Adap_PlusFracDLM
1.0	2	1.0	0.8	1	6678212	Mbya_Guarani_2.8	None	forWords_Finnish_OptimizeOrder_Coarse_FineSurprisal_Stoch_Adap_PlusFracDLM
1.0	2	1.0	0.8	1	3918803	Mbya_Guarani_2.8	None	forWords_Finnish_OptimizeOrder_Coarse_FineSurprisal_Stoch_Adap_PlusFracDLM
1.0	2	1.0	0.8	1	9557620	Mbya_Guarani_2.8	None	forWords_Finnish_OptimizeOrder_Coarse_FineSurprisal_Stoch_Adap_PlusFracDLM
1.0	2	1.0	0.2	1	272522	Mbya_Guarani_2.8	None	forWords_Finnish_OptimizeOrder_Coarse_FineSurprisal_Stoch_Adap_PlusFracDLM
1.0	2	1.0	0.8	1	7927923	Mbya_Guarani_2.8	None	forWords_Finnish_OptimizeOrder_Coarse_FineSurprisal_Stoch_Adap_PlusFracDLM
1.0	2	1.0	0.2	1	6190811	Mbya_Guarani_2.8	None	forWords_Finnish_OptimizeOrder_Coarse_FineSurprisal_Stoch_Adap_PlusFracDLM
1.0	2	1.0	0.8	1	6012721	Mbya_Guarani_2.8	None	forWords_Finnish_OptimizeOrder_Coarse_FineSurprisal_Stoch_Adap_PlusFracDLM
1.0	2	1.0	0.8	1	3657850	Mbya_Guarani_2.8	None	forWords_Finnish_OptimizeOrder_Coarse_FineSurprisal_Stoch_Adap_PlusFracDLM
1.0	2	1.0	0.2	1	2028113	Naija_2.8	None	forWords_Finnish_OptimizeOrder_Coarse_FineSurprisal_Stoch_Adap_PlusFracDLM
1.0	2	1.0	0.2	1	9175211	Naija_2.8	None	forWords_Finnish_OptimizeOrder_Coarse_FineSurprisal_Stoch_Adap_PlusFracDLM
1.0	2	1.0	0.2	1	7887046	Naija_2.8	None	forWords_Finnish_OptimizeOrder_Coarse_FineSurprisal_Stoch_Adap_PlusFracDLM
1.0	2	1.0	0.2	1	3574708	Naija_2.8	None	forWords_Finnish_OptimizeOrder_Coarse_FineSurprisal_Stoch_Adap_PlusFracDLM
1.0	2	1.0	0.2	1	294842	Naija_2.8	None	forWords_Finnish_OptimizeOrder_Coarse_FineSurprisal_Stoch_Adap_PlusFracDLM
1.0	2	1.0	0.2	1	1863819	Naija_2.8	None	forWords_Finnish_OptimizeOrder_Coarse_FineSurprisal_Stoch_Adap_PlusFracDLM
1.0	2	1.0	0.8	1	1592006	Naija_2.8	None	forWords_Finnish_OptimizeOrder_Coarse_FineSurprisal_Stoch_Adap_PlusFracDLM
1.0	2	1.0	0.8	1	3594835	Naija_2.8	None	forWords_Finnish_OptimizeOrder_Coarse_FineSurprisal_Stoch_Adap_PlusFracDLM
1.0	2	1.0	0.2	1	1908646	Naija_2.8	None	forWords_Finnish_OptimizeOrder_Coarse_FineSurprisal_Stoch_Adap_PlusFracDLM
1.0	2	1.0	0.8	1	2143512	Naija_2.8	None	forWords_Finnish_OptimizeOrder_Coarse_FineSurprisal_Stoch_Adap_PlusFracDLM
1.0	2	1.0	0.8	1	2854414	North_Sami_2.8	None	forWords_Finnish_OptimizeOrder_Coarse_FineSurprisal_Stoch_Adap_PlusFracDLM
1.0	2	1.0	0.2	1	8107984	North_Sami_2.8	None	forWords_Finnish_OptimizeOrder_Coarse_FineSurprisal_Stoch_Adap_PlusFracDLM
1.0	2	1.0	0.2	1	7926492	North_Sami_2.8	None	forWords_Finnish_OptimizeOrder_Coarse_FineSurprisal_Stoch_Adap_PlusFracDLM
1.0	2	1.0	0.2	1	1158514	North_Sami_2.8	None	forWords_Finnish_OptimizeOrder_Coarse_FineSurprisal_Stoch_Adap_PlusFracDLM
1.0	2	1.0	0.2	1	4673740	North_Sami_2.8	None	forWords_Finnish_OptimizeOrder_Coarse_FineSurprisal_Stoch_Adap_PlusFracDLM
1.0	2	1.0	0.2	1	4737095	North_Sami_2.8	None	forWords_Finnish_OptimizeOrder_Coarse_FineSurprisal_Stoch_Adap_PlusFracDLM
1.0	2	1.0	0.2	1	9324721	North_Sami_2.8	None	forWords_Finnish_OptimizeOrder_Coarse_FineSurprisal_Stoch_Adap_PlusFracDLM
1.0	2	1.0	0.2	1	3659787	North_Sami_2.8	None	forWords_Finnish_OptimizeOrder_Coarse_FineSurprisal_Stoch_Adap_PlusFracDLM
1.0	2	1.0	0.2	1	7436315	North_Sami_2.8	None	forWords_Finnish_OptimizeOrder_Coarse_FineSurprisal_Stoch_Adap_PlusFracDLM
1.0	2	1.0	0.8	1	5135309	North_Sami_2.8	None	forWords_Finnish_OptimizeOrder_Coarse_FineSurprisal_Stoch_Adap_PlusFracDLM
1.0	2	1.0	0.8	1	9368404	North_Sami_2.8	None	forWords_Finnish_OptimizeOrder_Coarse_FineSurprisal_Stoch_Adap_PlusFracDLM
1.0	2	1.0	0.8	1	5942335	Norwegian_2.8	None	forWords_Finnish_OptimizeOrder_Coarse_FineSurprisal_Stoch_Adap_PlusFracDLM
1.0	2	1.0	0.8	1	3963006	Norwegian_2.8	None	forWords_Finnish_OptimizeOrder_Coarse_FineSurprisal_Stoch_Adap_PlusFracDLM
1.0	2	1.0	0.8	1	4783005	Norwegian_2.8	None	forWords_Finnish_OptimizeOrder_Coarse_FineSurprisal_Stoch_Adap_PlusFracDLM
1.0	2	1.0	0.8	1	4788752	Norwegian_2.8	None	forWords_Finnish_OptimizeOrder_Coarse_FineSurprisal_Stoch_Adap_PlusFracDLM
1.0	2	1.0	0.8	1	1831996	Norwegian_2.8	None	forWords_Finnish_OptimizeOrder_Coarse_FineSurprisal_Stoch_Adap_PlusFracDLM
1.0	2	1.0	0.2	1	3922854	Norwegian_2.8	None	forWords_Finnish_OptimizeOrder_Coarse_FineSurprisal_Stoch_Adap_PlusFracDLM
1.0	2	1.0	0.2	1	1485197	Norwegian_2.8	None	forWords_Finnish_OptimizeOrder_Coarse_FineSurprisal_Stoch_Adap_PlusFracDLM
1.0	2	1.0	0.2	1	4138079	Norwegian_2.8	None	forWords_Finnish_OptimizeOrder_Coarse_FineSurprisal_Stoch_Adap_PlusFracDLM
1.0	2	1.0	0.2	1	2383977	Norwegian_2.8	None	forWords_Finnish_OptimizeOrder_Coarse_FineSurprisal_Stoch_Adap_PlusFracDLM
1.0	2	1.0	0.8	1	4741163	Norwegian_2.8	None	forWords_Finnish_OptimizeOrder_Coarse_FineSurprisal_Stoch_Adap_PlusFracDLM
1.0	2	1.0	0.8	1	4225590	Old_Church_Slavonic_2.8	None	forWords_Finnish_OptimizeOrder_Coarse_FineSurprisal_Stoch_Adap_PlusFracDLM
1.0	2	1.0	0.8	1	2945568	Old_Church_Slavonic_2.8	None	forWords_Finnish_OptimizeOrder_Coarse_FineSurprisal_Stoch_Adap_PlusFracDLM
1.0	2	1.0	0.8	1	861739	Old_Church_Slavonic_2.8	None	forWords_Finnish_OptimizeOrder_Coarse_FineSurprisal_Stoch_Adap_PlusFracDLM
1.0	2	1.0	0.2	1	8367208	Old_Church_Slavonic_2.8	None	forWords_Finnish_OptimizeOrder_Coarse_FineSurprisal_Stoch_Adap_PlusFracDLM
1.0	2	1.0	0.2	1	134031	Old_Church_Slavonic_2.8	None	forWords_Finnish_OptimizeOrder_Coarse_FineSurprisal_Stoch_Adap_PlusFracDLM
1.0	2	1.0	0.8	1	6497041	Old_Church_Slavonic_2.8	None	forWords_Finnish_OptimizeOrder_Coarse_FineSurprisal_Stoch_Adap_PlusFracDLM
1.0	2	1.0	0.2	1	9540508	Old_Church_Slavonic_2.8	None	forWords_Finnish_OptimizeOrder_Coarse_FineSurprisal_Stoch_Adap_PlusFracDLM
1.0	2	1.0	0.8	1	582197	Old_East_Slavic_2.8	None	forWords_Finnish_OptimizeOrder_Coarse_FineSurprisal_Stoch_Adap_PlusFracDLM
1.0	2	1.0	0.2	1	5042080	Old_East_Slavic_2.8	None	forWords_Finnish_OptimizeOrder_Coarse_FineSurprisal_Stoch_Adap_PlusFracDLM
1.0	2	1.0	0.8	1	728300	Old_East_Slavic_2.8	None	forWords_Finnish_OptimizeOrder_Coarse_FineSurprisal_Stoch_Adap_PlusFracDLM
1.0	2	1.0	0.2	1	3923527	Old_East_Slavic_2.8	None	forWords_Finnish_OptimizeOrder_Coarse_FineSurprisal_Stoch_Adap_PlusFracDLM
1.0	2	1.0	0.2	1	1124017	Old_East_Slavic_2.8	None	forWords_Finnish_OptimizeOrder_Coarse_FineSurprisal_Stoch_Adap_PlusFracDLM
1.0	2	1.0	0.2	1	7442719	Old_East_Slavic_2.8	None	forWords_Finnish_OptimizeOrder_Coarse_FineSurprisal_Stoch_Adap_PlusFracDLM
1.0	2	1.0	0.8	1	7149695	Old_East_Slavic_2.8	None	forWords_Finnish_OptimizeOrder_Coarse_FineSurprisal_Stoch_Adap_PlusFracDLM
1.0	2	1.0	0.8	1	7044497	Old_East_Slavic_2.8	None	forWords_Finnish_OptimizeOrder_Coarse_FineSurprisal_Stoch_Adap_PlusFracDLM
1.0	2	1.0	0.2	1	7907266	Old_East_Slavic_2.8	None	forWords_Finnish_OptimizeOrder_Coarse_FineSurprisal_Stoch_Adap_PlusFracDLM
1.0	2	1.0	0.8	1	6331426	Old_East_Slavic_2.8	None	forWords_Finnish_OptimizeOrder_Coarse_FineSurprisal_Stoch_Adap_PlusFracDLM
1.0	2	1.0	0.8	1	9064929	Old_East_Slavic_2.8	None	forWords_Finnish_OptimizeOrder_Coarse_FineSurprisal_Stoch_Adap_PlusFracDLM
1.0	2	1.0	0.8	1	2955730	Old_East_Slavic_2.8	None	forWords_Finnish_OptimizeOrder_Coarse_FineSurprisal_Stoch_Adap_PlusFracDLM
1.0	2	1.0	0.8	1	7523423	Old_East_Slavic_2.8	None	forWords_Finnish_OptimizeOrder_Coarse_FineSurprisal_Stoch_Adap_PlusFracDLM
1.0	2	1.0	0.8	1	5752587	Old_East_Slavic_2.8	None	forWords_Finnish_OptimizeOrder_Coarse_FineSurprisal_Stoch_Adap_PlusFracDLM
1.0	2	1.0	0.2	1	8894211	Old_East_Slavic_2.8	None	forWords_Finnish_OptimizeOrder_Coarse_FineSurprisal_Stoch_Adap_PlusFracDLM
1.0	2	1.0	0.8	1	9977365	Old_French_2.8	None	forWords_Finnish_OptimizeOrder_Coarse_FineSurprisal_Stoch_Adap_PlusFracDLM
1.0	2	1.0	0.8	1	8656374	Old_French_2.8	None	forWords_Finnish_OptimizeOrder_Coarse_FineSurprisal_Stoch_Adap_PlusFracDLM
1.0	2	1.0	0.2	1	2066679	Old_French_2.8	None	forWords_Finnish_OptimizeOrder_Coarse_FineSurprisal_Stoch_Adap_PlusFracDLM
1.0	2	1.0	0.2	1	102865	Old_French_2.8	None	forWords_Finnish_OptimizeOrder_Coarse_FineSurprisal_Stoch_Adap_PlusFracDLM
1.0	2	1.0	0.8	1	9306051	Old_French_2.8	None	forWords_Finnish_OptimizeOrder_Coarse_FineSurprisal_Stoch_Adap_PlusFracDLM
1.0	2	1.0	0.8	1	5613133	Old_French_2.8	None	forWords_Finnish_OptimizeOrder_Coarse_FineSurprisal_Stoch_Adap_PlusFracDLM
1.0	2	1.0	0.8	1	4686548	Old_French_2.8	None	forWords_Finnish_OptimizeOrder_Coarse_FineSurprisal_Stoch_Adap_PlusFracDLM
1.0	2	1.0	0.8	1	2574412	Old_French_2.8	None	forWords_Finnish_OptimizeOrder_Coarse_FineSurprisal_Stoch_Adap_PlusFracDLM
1.0	2	1.0	0.2	1	4041451	Old_French_2.8	None	forWords_Finnish_OptimizeOrder_Coarse_FineSurprisal_Stoch_Adap_PlusFracDLM
1.0	2	1.0	0.8	1	3784182	Persian_2.8	None	forWords_Finnish_OptimizeOrder_Coarse_FineSurprisal_Stoch_Adap_PlusFracDLM
1.0	2	1.0	0.2	1	7733622	Persian_2.8	None	forWords_Finnish_OptimizeOrder_Coarse_FineSurprisal_Stoch_Adap_PlusFracDLM
1.0	2	1.0	0.2	1	8337196	Persian_2.8	None	forWords_Finnish_OptimizeOrder_Coarse_FineSurprisal_Stoch_Adap_PlusFracDLM
1.0	2	1.0	0.2	1	3471895	Persian_2.8	None	forWords_Finnish_OptimizeOrder_Coarse_FineSurprisal_Stoch_Adap_PlusFracDLM
1.0	2	1.0	0.2	1	998808	Persian_2.8	None	forWords_Finnish_OptimizeOrder_Coarse_FineSurprisal_Stoch_Adap_PlusFracDLM
1.0	2	1.0	0.8	1	5154864	Persian_2.8	None	forWords_Finnish_OptimizeOrder_Coarse_FineSurprisal_Stoch_Adap_PlusFracDLM
1.0	2	1.0	0.8	1	552373	Polish_2.8	None	forWords_Finnish_OptimizeOrder_Coarse_FineSurprisal_Stoch_Adap_PlusFracDLM
1.0	2	1.0	0.8	1	2361217	Polish_2.8	None	forWords_Finnish_OptimizeOrder_Coarse_FineSurprisal_Stoch_Adap_PlusFracDLM
1.0	2	1.0	0.8	1	3523401	Polish_2.8	None	forWords_Finnish_OptimizeOrder_Coarse_FineSurprisal_Stoch_Adap_PlusFracDLM
1.0	2	1.0	0.2	1	4198391	Polish_2.8	None	forWords_Finnish_OptimizeOrder_Coarse_FineSurprisal_Stoch_Adap_PlusFracDLM
1.0	2	1.0	0.2	1	6132373	Polish_2.8	None	forWords_Finnish_OptimizeOrder_Coarse_FineSurprisal_Stoch_Adap_PlusFracDLM
1.0	2	1.0	0.2	1	339899	Polish_2.8	None	forWords_Finnish_OptimizeOrder_Coarse_FineSurprisal_Stoch_Adap_PlusFracDLM
1.0	2	1.0	0.8	1	3388540	Polish_2.8	None	forWords_Finnish_OptimizeOrder_Coarse_FineSurprisal_Stoch_Adap_PlusFracDLM
1.0	2	1.0	0.2	1	4434852	Polish_2.8	None	forWords_Finnish_OptimizeOrder_Coarse_FineSurprisal_Stoch_Adap_PlusFracDLM
1.0	2	1.0	0.2	1	2234917	Polish_2.8	None	forWords_Finnish_OptimizeOrder_Coarse_FineSurprisal_Stoch_Adap_PlusFracDLM
1.0	2	1.0	0.2	1	4688843	Polish_2.8	None	forWords_Finnish_OptimizeOrder_Coarse_FineSurprisal_Stoch_Adap_PlusFracDLM
1.0	2	1.0	0.2	1	957471	Portuguese_2.8	None	forWords_Finnish_OptimizeOrder_Coarse_FineSurprisal_Stoch_Adap_PlusFracDLM
1.0	2	1.0	0.8	1	1407447	Portuguese_2.8	None	forWords_Finnish_OptimizeOrder_Coarse_FineSurprisal_Stoch_Adap_PlusFracDLM
1.0	2	1.0	0.2	1	6512914	Portuguese_2.8	None	forWords_Finnish_OptimizeOrder_Coarse_FineSurprisal_Stoch_Adap_PlusFracDLM
1.0	2	1.0	0.2	1	802006	Portuguese_2.8	None	forWords_Finnish_OptimizeOrder_Coarse_FineSurprisal_Stoch_Adap_PlusFracDLM
1.0	2	1.0	0.2	1	1494764	Portuguese_2.8	None	forWords_Finnish_OptimizeOrder_Coarse_FineSurprisal_Stoch_Adap_PlusFracDLM
1.0	2	1.0	0.2	1	7829665	Romanian_2.8	None	forWords_Finnish_OptimizeOrder_Coarse_FineSurprisal_Stoch_Adap_PlusFracDLM
1.0	2	1.0	0.8	1	7738292	Romanian_2.8	None	forWords_Finnish_OptimizeOrder_Coarse_FineSurprisal_Stoch_Adap_PlusFracDLM
1.0	2	1.0	0.2	1	5762556	Romanian_2.8	None	forWords_Finnish_OptimizeOrder_Coarse_FineSurprisal_Stoch_Adap_PlusFracDLM
1.0	2	1.0	0.2	1	4605728	Romanian_2.8	None	forWords_Finnish_OptimizeOrder_Coarse_FineSurprisal_Stoch_Adap_PlusFracDLM
1.0	2	1.0	0.2	1	3755939	Romanian_2.8	None	forWords_Finnish_OptimizeOrder_Coarse_FineSurprisal_Stoch_Adap_PlusFracDLM
1.0	2	1.0	0.8	1	5086926	Romanian_2.8	None	forWords_Finnish_OptimizeOrder_Coarse_FineSurprisal_Stoch_Adap_PlusFracDLM
1.0	2	1.0	0.8	1	5908762	Romanian_2.8	None	forWords_Finnish_OptimizeOrder_Coarse_FineSurprisal_Stoch_Adap_PlusFracDLM
1.0	2	1.0	0.8	1	9426086	Romanian_2.8	None	forWords_Finnish_OptimizeOrder_Coarse_FineSurprisal_Stoch_Adap_PlusFracDLM
1.0	2	1.0	0.2	1	3635690	Romanian_2.8	None	forWords_Finnish_OptimizeOrder_Coarse_FineSurprisal_Stoch_Adap_PlusFracDLM
1.0	2	1.0	0.8	1	6848378	Romanian_2.8	None	forWords_Finnish_OptimizeOrder_Coarse_FineSurprisal_Stoch_Adap_PlusFracDLM
1.0	2	1.0	0.2	1	6973992	Russian_2.8	None	forWords_Finnish_OptimizeOrder_Coarse_FineSurprisal_Stoch_Adap_PlusFracDLM
1.0	2	1.0	0.8	1	3669069	Russian_2.8	None	forWords_Finnish_OptimizeOrder_Coarse_FineSurprisal_Stoch_Adap_PlusFracDLM
1.0	2	1.0	0.2	1	8144304	Russian_2.8	None	forWords_Finnish_OptimizeOrder_Coarse_FineSurprisal_Stoch_Adap_PlusFracDLM
1.0	2	1.0	0.8	1	5477498	Russian_2.8	None	forWords_Finnish_OptimizeOrder_Coarse_FineSurprisal_Stoch_Adap_PlusFracDLM
1.0	2	1.0	0.2	1	9026062	Russian_2.8	None	forWords_Finnish_OptimizeOrder_Coarse_FineSurprisal_Stoch_Adap_PlusFracDLM
1.0	2	1.0	0.2	1	7536298	Sanskrit_2.8	None	forWords_Finnish_OptimizeOrder_Coarse_FineSurprisal_Stoch_Adap_PlusFracDLM
1.0	2	1.0	0.8	1	6743844	Sanskrit_2.8	None	forWords_Finnish_OptimizeOrder_Coarse_FineSurprisal_Stoch_Adap_PlusFracDLM
1.0	2	1.0	0.2	1	2257903	Sanskrit_2.8	None	forWords_Finnish_OptimizeOrder_Coarse_FineSurprisal_Stoch_Adap_PlusFracDLM
1.0	2	1.0	0.8	1	749986	Sanskrit_2.8	None	forWords_Finnish_OptimizeOrder_Coarse_FineSurprisal_Stoch_Adap_PlusFracDLM
1.0	2	1.0	0.8	1	1219722	Sanskrit_2.8	None	forWords_Finnish_OptimizeOrder_Coarse_FineSurprisal_Stoch_Adap_PlusFracDLM
1.0	2	1.0	0.2	1	209541	Sanskrit_2.8	None	forWords_Finnish_OptimizeOrder_Coarse_FineSurprisal_Stoch_Adap_PlusFracDLM
1.0	2	1.0	0.8	1	2335141	Sanskrit_2.8	None	forWords_Finnish_OptimizeOrder_Coarse_FineSurprisal_Stoch_Adap_PlusFracDLM
1.0	2	1.0	0.2	1	3068276	Sanskrit_2.8	None	forWords_Finnish_OptimizeOrder_Coarse_FineSurprisal_Stoch_Adap_PlusFracDLM
1.0	2	1.0	0.8	1	6512506	Sanskrit_2.8	None	forWords_Finnish_OptimizeOrder_Coarse_FineSurprisal_Stoch_Adap_PlusFracDLM
1.0	2	1.0	0.2	1	3414445	Sanskrit_2.8	None	forWords_Finnish_OptimizeOrder_Coarse_FineSurprisal_Stoch_Adap_PlusFracDLM
1.0	2	1.0	0.2	1	2200712	Scottish_Gaelic_2.8	None	forWords_Finnish_OptimizeOrder_Coarse_FineSurprisal_Stoch_Adap_PlusFracDLM
1.0	2	1.0	0.2	1	2367861	Scottish_Gaelic_2.8	None	forWords_Finnish_OptimizeOrder_Coarse_FineSurprisal_Stoch_Adap_PlusFracDLM
1.0	2	1.0	0.2	1	6177333	Scottish_Gaelic_2.8	None	forWords_Finnish_OptimizeOrder_Coarse_FineSurprisal_Stoch_Adap_PlusFracDLM
1.0	2	1.0	0.8	1	5780074	Scottish_Gaelic_2.8	None	forWords_Finnish_OptimizeOrder_Coarse_FineSurprisal_Stoch_Adap_PlusFracDLM
1.0	2	1.0	0.2	1	968471	Scottish_Gaelic_2.8	None	forWords_Finnish_OptimizeOrder_Coarse_FineSurprisal_Stoch_Adap_PlusFracDLM
1.0	2	1.0	0.2	1	1511944	Scottish_Gaelic_2.8	None	forWords_Finnish_OptimizeOrder_Coarse_FineSurprisal_Stoch_Adap_PlusFracDLM
1.0	2	1.0	0.8	1	8188602	Scottish_Gaelic_2.8	None	forWords_Finnish_OptimizeOrder_Coarse_FineSurprisal_Stoch_Adap_PlusFracDLM
1.0	2	1.0	0.8	1	7573204	Scottish_Gaelic_2.8	None	forWords_Finnish_OptimizeOrder_Coarse_FineSurprisal_Stoch_Adap_PlusFracDLM
1.0	2	1.0	0.8	1	7182601	Scottish_Gaelic_2.8	None	forWords_Finnish_OptimizeOrder_Coarse_FineSurprisal_Stoch_Adap_PlusFracDLM
1.0	2	1.0	0.2	1	6575555	Scottish_Gaelic_2.8	None	forWords_Finnish_OptimizeOrder_Coarse_FineSurprisal_Stoch_Adap_PlusFracDLM
1.0	2	1.0	0.2	1	6734480	Serbian_2.8	None	forWords_Finnish_OptimizeOrder_Coarse_FineSurprisal_Stoch_Adap_PlusFracDLM
1.0	2	1.0	0.2	1	6221666	Serbian_2.8	None	forWords_Finnish_OptimizeOrder_Coarse_FineSurprisal_Stoch_Adap_PlusFracDLM
1.0	2	1.0	0.8	1	2353263	Serbian_2.8	None	forWords_Finnish_OptimizeOrder_Coarse_FineSurprisal_Stoch_Adap_PlusFracDLM
1.0	2	1.0	0.8	1	2344979	Serbian_2.8	None	forWords_Finnish_OptimizeOrder_Coarse_FineSurprisal_Stoch_Adap_PlusFracDLM
1.0	2	1.0	0.2	1	8659737	Serbian_2.8	None	forWords_Finnish_OptimizeOrder_Coarse_FineSurprisal_Stoch_Adap_PlusFracDLM
1.0	2	1.0	0.2	1	8182023	Serbian_2.8	None	forWords_Finnish_OptimizeOrder_Coarse_FineSurprisal_Stoch_Adap_PlusFracDLM
1.0	2	1.0	0.8	1	8665274	Serbian_2.8	None	forWords_Finnish_OptimizeOrder_Coarse_FineSurprisal_Stoch_Adap_PlusFracDLM
1.0	2	1.0	0.8	1	7745041	Serbian_2.8	None	forWords_Finnish_OptimizeOrder_Coarse_FineSurprisal_Stoch_Adap_PlusFracDLM
1.0	2	1.0	0.8	1	9195226	Serbian_2.8	None	forWords_Finnish_OptimizeOrder_Coarse_FineSurprisal_Stoch_Adap_PlusFracDLM
1.0	2	1.0	0.8	1	3279939	Serbian_2.8	None	forWords_Finnish_OptimizeOrder_Coarse_FineSurprisal_Stoch_Adap_PlusFracDLM
1.0	2	1.0	0.8	1	8276000	Serbian_2.8	None	forWords_Finnish_OptimizeOrder_Coarse_FineSurprisal_Stoch_Adap_PlusFracDLM
1.0	2	1.0	0.8	1	9407506	Serbian_2.8	None	forWords_Finnish_OptimizeOrder_Coarse_FineSurprisal_Stoch_Adap_PlusFracDLM
1.0	2	1.0	0.2	1	2628691	Serbian_2.8	None	forWords_Finnish_OptimizeOrder_Coarse_FineSurprisal_Stoch_Adap_PlusFracDLM
1.0	2	1.0	0.2	1	3361114	Serbian_2.8	None	forWords_Finnish_OptimizeOrder_Coarse_FineSurprisal_Stoch_Adap_PlusFracDLM
1.0	2	1.0	0.2	1	306639	Slovak_2.8	None	forWords_Finnish_OptimizeOrder_Coarse_FineSurprisal_Stoch_Adap_PlusFracDLM
1.0	2	1.0	0.2	1	1203135	Slovak_2.8	None	forWords_Finnish_OptimizeOrder_Coarse_FineSurprisal_Stoch_Adap_PlusFracDLM
1.0	2	1.0	0.2	1	3288611	Slovak_2.8	None	forWords_Finnish_OptimizeOrder_Coarse_FineSurprisal_Stoch_Adap_PlusFracDLM
1.0	2	1.0	0.2	1	225970	Slovak_2.8	None	forWords_Finnish_OptimizeOrder_Coarse_FineSurprisal_Stoch_Adap_PlusFracDLM
1.0	2	1.0	0.8	1	1738270	Slovak_2.8	None	forWords_Finnish_OptimizeOrder_Coarse_FineSurprisal_Stoch_Adap_PlusFracDLM
1.0	2	1.0	0.2	1	7336925	Slovak_2.8	None	forWords_Finnish_OptimizeOrder_Coarse_FineSurprisal_Stoch_Adap_PlusFracDLM
1.0	2	1.0	0.8	1	7722241	Slovak_2.8	None	forWords_Finnish_OptimizeOrder_Coarse_FineSurprisal_Stoch_Adap_PlusFracDLM
1.0	2	1.0	0.8	1	5348016	Slovak_2.8	None	forWords_Finnish_OptimizeOrder_Coarse_FineSurprisal_Stoch_Adap_PlusFracDLM
1.0	2	1.0	0.8	1	4215994	Slovak_2.8	None	forWords_Finnish_OptimizeOrder_Coarse_FineSurprisal_Stoch_Adap_PlusFracDLM
1.0	2	1.0	0.8	1	2676747	Slovenian_2.8	None	forWords_Finnish_OptimizeOrder_Coarse_FineSurprisal_Stoch_Adap_PlusFracDLM
1.0	2	1.0	0.2	1	8518937	Slovenian_2.8	None	forWords_Finnish_OptimizeOrder_Coarse_FineSurprisal_Stoch_Adap_PlusFracDLM
1.0	2	1.0	0.2	1	5049932	Slovenian_2.8	None	forWords_Finnish_OptimizeOrder_Coarse_FineSurprisal_Stoch_Adap_PlusFracDLM
1.0	2	1.0	0.8	1	1255655	Slovenian_2.8	None	forWords_Finnish_OptimizeOrder_Coarse_FineSurprisal_Stoch_Adap_PlusFracDLM
1.0	2	1.0	0.8	1	2472048	Slovenian_2.8	None	forWords_Finnish_OptimizeOrder_Coarse_FineSurprisal_Stoch_Adap_PlusFracDLM
1.0	2	1.0	0.2	1	447314	Slovenian_2.8	None	forWords_Finnish_OptimizeOrder_Coarse_FineSurprisal_Stoch_Adap_PlusFracDLM
1.0	2	1.0	0.8	1	7938611	Slovenian_2.8	None	forWords_Finnish_OptimizeOrder_Coarse_FineSurprisal_Stoch_Adap_PlusFracDLM
1.0	2	1.0	0.8	1	5943535	Slovenian_2.8	None	forWords_Finnish_OptimizeOrder_Coarse_FineSurprisal_Stoch_Adap_PlusFracDLM
1.0	2	1.0	0.8	1	7439273	Slovenian_2.8	None	forWords_Finnish_OptimizeOrder_Coarse_FineSurprisal_Stoch_Adap_PlusFracDLM
1.0	2	1.0	0.2	1	5283921	Slovenian_2.8	None	forWords_Finnish_OptimizeOrder_Coarse_FineSurprisal_Stoch_Adap_PlusFracDLM
1.0	2	1.0	0.2	1	502943	Spanish_2.8	None	forWords_Finnish_OptimizeOrder_Coarse_FineSurprisal_Stoch_Adap_PlusFracDLM
1.0	2	1.0	0.8	1	441945	Spanish_2.8	None	forWords_Finnish_OptimizeOrder_Coarse_FineSurprisal_Stoch_Adap_PlusFracDLM
1.0	2	1.0	0.2	1	7179683	Spanish_2.8	None	forWords_Finnish_OptimizeOrder_Coarse_FineSurprisal_Stoch_Adap_PlusFracDLM
1.0	2	1.0	0.8	1	9772110	Spanish_2.8	None	forWords_Finnish_OptimizeOrder_Coarse_FineSurprisal_Stoch_Adap_PlusFracDLM
1.0	2	1.0	0.8	1	4235274	Spanish_2.8	None	forWords_Finnish_OptimizeOrder_Coarse_FineSurprisal_Stoch_Adap_PlusFracDLM
1.0	2	1.0	0.8	1	4847629	Spanish_2.8	None	forWords_Finnish_OptimizeOrder_Coarse_FineSurprisal_Stoch_Adap_PlusFracDLM
1.0	2	1.0	0.2	1	2309268	Spanish_2.8	None	forWords_Finnish_OptimizeOrder_Coarse_FineSurprisal_Stoch_Adap_PlusFracDLM
1.0	2	1.0	0.8	1	612091	Spanish_2.8	None	forWords_Finnish_OptimizeOrder_Coarse_FineSurprisal_Stoch_Adap_PlusFracDLM
1.0	2	1.0	0.2	1	8084857	Spanish_2.8	None	forWords_Finnish_OptimizeOrder_Coarse_FineSurprisal_Stoch_Adap_PlusFracDLM
1.0	2	1.0	0.2	1	1359178	Swedish_2.8	None	forWords_Finnish_OptimizeOrder_Coarse_FineSurprisal_Stoch_Adap_PlusFracDLM
1.0	2	1.0	0.8	1	309788	Swedish_2.8	None	forWords_Finnish_OptimizeOrder_Coarse_FineSurprisal_Stoch_Adap_PlusFracDLM
1.0	2	1.0	0.8	1	9919739	Swedish_2.8	None	forWords_Finnish_OptimizeOrder_Coarse_FineSurprisal_Stoch_Adap_PlusFracDLM
1.0	2	1.0	0.8	1	9363050	Swedish_2.8	None	forWords_Finnish_OptimizeOrder_Coarse_FineSurprisal_Stoch_Adap_PlusFracDLM
1.0	2	1.0	0.2	1	312346	Swedish_2.8	None	forWords_Finnish_OptimizeOrder_Coarse_FineSurprisal_Stoch_Adap_PlusFracDLM
1.0	2	1.0	0.2	1	1981738	Swedish_2.8	None	forWords_Finnish_OptimizeOrder_Coarse_FineSurprisal_Stoch_Adap_PlusFracDLM
1.0	2	1.0	0.8	1	8471916	Swedish_2.8	None	forWords_Finnish_OptimizeOrder_Coarse_FineSurprisal_Stoch_Adap_PlusFracDLM
1.0	2	1.0	0.8	1	14370	Swedish_2.8	None	forWords_Finnish_OptimizeOrder_Coarse_FineSurprisal_Stoch_Adap_PlusFracDLM
1.0	2	1.0	0.2	1	9311845	Swedish_2.8	None	forWords_Finnish_OptimizeOrder_Coarse_FineSurprisal_Stoch_Adap_PlusFracDLM
1.0	2	1.0	0.8	1	6796585	Swedish_2.8	None	forWords_Finnish_OptimizeOrder_Coarse_FineSurprisal_Stoch_Adap_PlusFracDLM
1.0	2	1.0	0.2	1	7048348	Thai_2.8	None	forWords_Finnish_OptimizeOrder_Coarse_FineSurprisal_Stoch_Adap_PlusFracDLM
1.0	2	1.0	0.2	1	3564610	Thai_2.8	None	forWords_Finnish_OptimizeOrder_Coarse_FineSurprisal_Stoch_Adap_PlusFracDLM
1.0	2	1.0	0.8	1	8418373	Thai_2.8	None	forWords_Finnish_OptimizeOrder_Coarse_FineSurprisal_Stoch_Adap_PlusFracDLM
1.0	2	1.0	0.8	1	4173288	Thai_2.8	None	forWords_Finnish_OptimizeOrder_Coarse_FineSurprisal_Stoch_Adap_PlusFracDLM
1.0	2	1.0	0.2	1	1378056	Thai_2.8	None	forWords_Finnish_OptimizeOrder_Coarse_FineSurprisal_Stoch_Adap_PlusFracDLM
1.0	2	1.0	0.8	1	8514709	Thai_2.8	None	forWords_Finnish_OptimizeOrder_Coarse_FineSurprisal_Stoch_Adap_PlusFracDLM
1.0	2	1.0	0.8	1	1242243	Thai_2.8	None	forWords_Finnish_OptimizeOrder_Coarse_FineSurprisal_Stoch_Adap_PlusFracDLM
1.0	2	1.0	0.2	1	5479982	Thai_2.8	None	forWords_Finnish_OptimizeOrder_Coarse_FineSurprisal_Stoch_Adap_PlusFracDLM
1.0	2	1.0	0.8	1	5921819	Thai_2.8	None	forWords_Finnish_OptimizeOrder_Coarse_FineSurprisal_Stoch_Adap_PlusFracDLM
1.0	2	1.0	0.8	1	3447511	Thai_2.8	None	forWords_Finnish_OptimizeOrder_Coarse_FineSurprisal_Stoch_Adap_PlusFracDLM
1.0	2	1.0	0.8	1	3338468	Turkish_2.8	None	forWords_Finnish_OptimizeOrder_Coarse_FineSurprisal_Stoch_Adap_PlusFracDLM
1.0	2	1.0	0.2	1	8087741	Turkish_2.8	None	forWords_Finnish_OptimizeOrder_Coarse_FineSurprisal_Stoch_Adap_PlusFracDLM
1.0	2	1.0	0.8	1	6006708	Turkish_2.8	None	forWords_Finnish_OptimizeOrder_Coarse_FineSurprisal_Stoch_Adap_PlusFracDLM
1.0	2	1.0	0.8	1	6041453	Turkish_2.8	None	forWords_Finnish_OptimizeOrder_Coarse_FineSurprisal_Stoch_Adap_PlusFracDLM
1.0	2	1.0	0.2	1	5151864	Turkish_2.8	None	forWords_Finnish_OptimizeOrder_Coarse_FineSurprisal_Stoch_Adap_PlusFracDLM
1.0	2	1.0	0.2	1	2497781	Turkish_2.8	None	forWords_Finnish_OptimizeOrder_Coarse_FineSurprisal_Stoch_Adap_PlusFracDLM
1.0	2	1.0	0.8	1	3635710	Ukrainian_2.8	None	forWords_Finnish_OptimizeOrder_Coarse_FineSurprisal_Stoch_Adap_PlusFracDLM
1.0	2	1.0	0.2	1	5773385	Ukrainian_2.8	None	forWords_Finnish_OptimizeOrder_Coarse_FineSurprisal_Stoch_Adap_PlusFracDLM
1.0	2	1.0	0.8	1	3264759	Ukrainian_2.8	None	forWords_Finnish_OptimizeOrder_Coarse_FineSurprisal_Stoch_Adap_PlusFracDLM
1.0	2	1.0	0.2	1	3851981	Ukrainian_2.8	None	forWords_Finnish_OptimizeOrder_Coarse_FineSurprisal_Stoch_Adap_PlusFracDLM
1.0	2	1.0	0.8	1	9170819	Ukrainian_2.8	None	forWords_Finnish_OptimizeOrder_Coarse_FineSurprisal_Stoch_Adap_PlusFracDLM
1.0	2	1.0	0.8	1	8144175	Upper_Sorbian_2.8	None	forWords_Finnish_OptimizeOrder_Coarse_FineSurprisal_Stoch_Adap_PlusFracDLM
1.0	2	1.0	0.2	1	215391	Upper_Sorbian_2.8	None	forWords_Finnish_OptimizeOrder_Coarse_FineSurprisal_Stoch_Adap_PlusFracDLM
1.0	2	1.0	0.2	1	4052695	Upper_Sorbian_2.8	None	forWords_Finnish_OptimizeOrder_Coarse_FineSurprisal_Stoch_Adap_PlusFracDLM
1.0	2	1.0	0.2	1	940712	Upper_Sorbian_2.8	None	forWords_Finnish_OptimizeOrder_Coarse_FineSurprisal_Stoch_Adap_PlusFracDLM
1.0	2	1.0	0.2	1	1387853	Upper_Sorbian_2.8	None	forWords_Finnish_OptimizeOrder_Coarse_FineSurprisal_Stoch_Adap_PlusFracDLM
1.0	2	1.0	0.8	1	5036161	Upper_Sorbian_2.8	None	forWords_Finnish_OptimizeOrder_Coarse_FineSurprisal_Stoch_Adap_PlusFracDLM
1.0	2	1.0	0.2	1	8127062	Upper_Sorbian_2.8	None	forWords_Finnish_OptimizeOrder_Coarse_FineSurprisal_Stoch_Adap_PlusFracDLM
1.0	2	1.0	0.2	1	961551	Upper_Sorbian_2.8	None	forWords_Finnish_OptimizeOrder_Coarse_FineSurprisal_Stoch_Adap_PlusFracDLM
1.0	2	1.0	0.8	1	1571293	Upper_Sorbian_2.8	None	forWords_Finnish_OptimizeOrder_Coarse_FineSurprisal_Stoch_Adap_PlusFracDLM
1.0	2	1.0	0.8	1	8146921	Upper_Sorbian_2.8	None	forWords_Finnish_OptimizeOrder_Coarse_FineSurprisal_Stoch_Adap_PlusFracDLM
1.0	2	1.0	0.8	1	8624373	Upper_Sorbian_2.8	None	forWords_Finnish_OptimizeOrder_Coarse_FineSurprisal_Stoch_Adap_PlusFracDLM
1.0	2	1.0	0.8	1	9542121	Urdu_2.8	None	forWords_Finnish_OptimizeOrder_Coarse_FineSurprisal_Stoch_Adap_PlusFracDLM
1.0	2	1.0	0.8	1	957643	Urdu_2.8	None	forWords_Finnish_OptimizeOrder_Coarse_FineSurprisal_Stoch_Adap_PlusFracDLM
1.0	2	1.0	0.8	1	1452762	Urdu_2.8	None	forWords_Finnish_OptimizeOrder_Coarse_FineSurprisal_Stoch_Adap_PlusFracDLM
1.0	2	1.0	0.8	1	1142488	Urdu_2.8	None	forWords_Finnish_OptimizeOrder_Coarse_FineSurprisal_Stoch_Adap_PlusFracDLM
1.0	2	1.0	0.8	1	4934722	Urdu_2.8	None	forWords_Finnish_OptimizeOrder_Coarse_FineSurprisal_Stoch_Adap_PlusFracDLM
1.0	2	1.0	0.2	1	1519463	Urdu_2.8	None	forWords_Finnish_OptimizeOrder_Coarse_FineSurprisal_Stoch_Adap_PlusFracDLM
1.0	2	1.0	0.2	1	7803885	Urdu_2.8	None	forWords_Finnish_OptimizeOrder_Coarse_FineSurprisal_Stoch_Adap_PlusFracDLM
1.0	2	1.0	0.8	1	2373076	Urdu_2.8	None	forWords_Finnish_OptimizeOrder_Coarse_FineSurprisal_Stoch_Adap_PlusFracDLM
1.0	2	1.0	0.2	1	3941907	Urdu_2.8	None	forWords_Finnish_OptimizeOrder_Coarse_FineSurprisal_Stoch_Adap_PlusFracDLM
1.0	2	1.0	0.2	1	3144397	Urdu_2.8	None	forWords_Finnish_OptimizeOrder_Coarse_FineSurprisal_Stoch_Adap_PlusFracDLM
1.0	2	1.0	0.2	1	1630960	Urdu_2.8	None	forWords_Finnish_OptimizeOrder_Coarse_FineSurprisal_Stoch_Adap_PlusFracDLM
1.0	2	1.0	0.2	1	1484359	Urdu_2.8	None	forWords_Finnish_OptimizeOrder_Coarse_FineSurprisal_Stoch_Adap_PlusFracDLM
1.0	2	1.0	0.2	1	827953	Uyghur_2.8	None	forWords_Finnish_OptimizeOrder_Coarse_FineSurprisal_Stoch_Adap_PlusFracDLM
1.0	2	1.0	0.2	1	266192	Uyghur_2.8	None	forWords_Finnish_OptimizeOrder_Coarse_FineSurprisal_Stoch_Adap_PlusFracDLM
1.0	2	1.0	0.8	1	4943513	Uyghur_2.8	None	forWords_Finnish_OptimizeOrder_Coarse_FineSurprisal_Stoch_Adap_PlusFracDLM
1.0	2	1.0	0.2	1	7651284	Uyghur_2.8	None	forWords_Finnish_OptimizeOrder_Coarse_FineSurprisal_Stoch_Adap_PlusFracDLM
1.0	2	1.0	0.8	1	6649640	Uyghur_2.8	None	forWords_Finnish_OptimizeOrder_Coarse_FineSurprisal_Stoch_Adap_PlusFracDLM
1.0	2	1.0	0.8	1	5371312	Uyghur_2.8	None	forWords_Finnish_OptimizeOrder_Coarse_FineSurprisal_Stoch_Adap_PlusFracDLM
1.0	2	1.0	0.2	1	8111032	Uyghur_2.8	None	forWords_Finnish_OptimizeOrder_Coarse_FineSurprisal_Stoch_Adap_PlusFracDLM
1.0	2	1.0	0.8	1	1194154	Uyghur_2.8	None	forWords_Finnish_OptimizeOrder_Coarse_FineSurprisal_Stoch_Adap_PlusFracDLM
1.0	2	1.0	0.2	1	7324445	Uyghur_2.8	None	forWords_Finnish_OptimizeOrder_Coarse_FineSurprisal_Stoch_Adap_PlusFracDLM
1.0	2	1.0	0.8	1	5796993	Uyghur_2.8	None	forWords_Finnish_OptimizeOrder_Coarse_FineSurprisal_Stoch_Adap_PlusFracDLM
1.0	2	1.0	0.8	1	7484051	Uyghur_2.8	None	forWords_Finnish_OptimizeOrder_Coarse_FineSurprisal_Stoch_Adap_PlusFracDLM
1.0	2	1.0	0.8	1	9530216	Uyghur_2.8	None	forWords_Finnish_OptimizeOrder_Coarse_FineSurprisal_Stoch_Adap_PlusFracDLM
1.0	2	1.0	0.8	1	9267776	Uyghur_2.8	None	forWords_Finnish_OptimizeOrder_Coarse_FineSurprisal_Stoch_Adap_PlusFracDLM
1.0	2	1.0	0.8	1	6710324	Uyghur_2.8	None	forWords_Finnish_OptimizeOrder_Coarse_FineSurprisal_Stoch_Adap_PlusFracDLM
1.0	2	1.0	0.2	1	1581122	Uyghur_2.8	None	forWords_Finnish_OptimizeOrder_Coarse_FineSurprisal_Stoch_Adap_PlusFracDLM
1.0	2	1.0	0.2	1	6148404	Vietnamese_2.8	None	forWords_Finnish_OptimizeOrder_Coarse_FineSurprisal_Stoch_Adap_PlusFracDLM
1.0	2	1.0	0.2	1	3973240	Vietnamese_2.8	None	forWords_Finnish_OptimizeOrder_Coarse_FineSurprisal_Stoch_Adap_PlusFracDLM
1.0	2	1.0	0.2	1	4211835	Vietnamese_2.8	None	forWords_Finnish_OptimizeOrder_Coarse_FineSurprisal_Stoch_Adap_PlusFracDLM
1.0	2	1.0	0.8	1	3651241	Vietnamese_2.8	None	forWords_Finnish_OptimizeOrder_Coarse_FineSurprisal_Stoch_Adap_PlusFracDLM
1.0	2	1.0	0.2	1	7559852	Vietnamese_2.8	None	forWords_Finnish_OptimizeOrder_Coarse_FineSurprisal_Stoch_Adap_PlusFracDLM
1.0	2	1.0	0.2	1	6475499	Vietnamese_2.8	None	forWords_Finnish_OptimizeOrder_Coarse_FineSurprisal_Stoch_Adap_PlusFracDLM
1.0	2	1.0	0.8	1	933925	Vietnamese_2.8	None	forWords_Finnish_OptimizeOrder_Coarse_FineSurprisal_Stoch_Adap_PlusFracDLM
1.0	2	1.0	0.8	1	2147725	Vietnamese_2.8	None	forWords_Finnish_OptimizeOrder_Coarse_FineSurprisal_Stoch_Adap_PlusFracDLM
1.0	2	1.0	0.2	1	6182468	Vietnamese_2.8	None	forWords_Finnish_OptimizeOrder_Coarse_FineSurprisal_Stoch_Adap_PlusFracDLM
1.0	2	1.0	0.8	1	693041	Vietnamese_2.8	None	forWords_Finnish_OptimizeOrder_Coarse_FineSurprisal_Stoch_Adap_PlusFracDLM
1.0	2	1.0	0.8	1	4864299	Vietnamese_2.8	None	forWords_Finnish_OptimizeOrder_Coarse_FineSurprisal_Stoch_Adap_PlusFracDLM
1.0	2	1.0	0.8	1	9237402	Vietnamese_2.8	None	forWords_Finnish_OptimizeOrder_Coarse_FineSurprisal_Stoch_Adap_PlusFracDLM
1.0	2	1.0	0.8	1	2268611	Vietnamese_2.8	None	forWords_Finnish_OptimizeOrder_Coarse_FineSurprisal_Stoch_Adap_PlusFracDLM
1.0	2	1.0	0.8	1	4503467	Vietnamese_2.8	None	forWords_Finnish_OptimizeOrder_Coarse_FineSurprisal_Stoch_Adap_PlusFracDLM
1.0	2	1.0	0.8	1	6381924	Vietnamese_2.8	None	forWords_Finnish_OptimizeOrder_Coarse_FineSurprisal_Stoch_Adap_PlusFracDLM
1.0	2	1.0	0.8	1	7921981	Vietnamese_2.8	None	forWords_Finnish_OptimizeOrder_Coarse_FineSurprisal_Stoch_Adap_PlusFracDLM
1.0	2	1.0	0.2	1	475780	Welsh_2.8	None	forWords_Finnish_OptimizeOrder_Coarse_FineSurprisal_Stoch_Adap_PlusFracDLM
1.0	2	1.0	0.2	1	7173212	Welsh_2.8	None	forWords_Finnish_OptimizeOrder_Coarse_FineSurprisal_Stoch_Adap_PlusFracDLM
1.0	2	1.0	0.2	1	3632628	Welsh_2.8	None	forWords_Finnish_OptimizeOrder_Coarse_FineSurprisal_Stoch_Adap_PlusFracDLM
1.0	2	1.0	0.8	1	3149375	Welsh_2.8	None	forWords_Finnish_OptimizeOrder_Coarse_FineSurprisal_Stoch_Adap_PlusFracDLM
1.0	2	1.0	0.2	1	4111562	Welsh_2.8	None	forWords_Finnish_OptimizeOrder_Coarse_FineSurprisal_Stoch_Adap_PlusFracDLM
1.0	2	1.0	0.2	1	2519562	Welsh_2.8	None	forWords_Finnish_OptimizeOrder_Coarse_FineSurprisal_Stoch_Adap_PlusFracDLM
1.0	2	1.0	0.8	1	2554524	Welsh_2.8	None	forWords_Finnish_OptimizeOrder_Coarse_FineSurprisal_Stoch_Adap_PlusFracDLM
1.0	2	1.0	0.8	1	5491102	Welsh_2.8	None	forWords_Finnish_OptimizeOrder_Coarse_FineSurprisal_Stoch_Adap_PlusFracDLM
1.0	2	1.0	0.2	1	3436975	Welsh_2.8	None	forWords_Finnish_OptimizeOrder_Coarse_FineSurprisal_Stoch_Adap_PlusFracDLM
1.0	2	1.0	0.8	1	153177	Welsh_2.8	None	forWords_Finnish_OptimizeOrder_Coarse_FineSurprisal_Stoch_Adap_PlusFracDLM
1.0	2	1.0	0.8	1	9933568	Welsh_2.8	None	forWords_Finnish_OptimizeOrder_Coarse_FineSurprisal_Stoch_Adap_PlusFracDLM
1.0	2	1.0	0.2	1	2040651	Welsh_2.8	None	forWords_Finnish_OptimizeOrder_Coarse_FineSurprisal_Stoch_Adap_PlusFracDLM
1.0	2	1.0	0.2	1	4460875	Welsh_2.8	None	forWords_Finnish_OptimizeOrder_Coarse_FineSurprisal_Stoch_Adap_PlusFracDLM
1.0	2	1.0	0.8	1	3653444	Western_Armenian_2.8	None	forWords_Finnish_OptimizeOrder_Coarse_FineSurprisal_Stoch_Adap_PlusFracDLM
1.0	2	1.0	0.2	1	8929614	Western_Armenian_2.8	None	forWords_Finnish_OptimizeOrder_Coarse_FineSurprisal_Stoch_Adap_PlusFracDLM
1.0	2	1.0	0.2	1	621319	Western_Armenian_2.8	None	forWords_Finnish_OptimizeOrder_Coarse_FineSurprisal_Stoch_Adap_PlusFracDLM
1.0	2	1.0	0.8	1	7873193	Western_Armenian_2.8	None	forWords_Finnish_OptimizeOrder_Coarse_FineSurprisal_Stoch_Adap_PlusFracDLM
1.0	2	1.0	0.8	1	9063734	Western_Armenian_2.8	None	forWords_Finnish_OptimizeOrder_Coarse_FineSurprisal_Stoch_Adap_PlusFracDLM
1.0	2	1.0	0.2	1	5734619	Western_Armenian_2.8	None	forWords_Finnish_OptimizeOrder_Coarse_FineSurprisal_Stoch_Adap_PlusFracDLM
1.0	2	1.0	0.8	1	7077694	Western_Armenian_2.8	None	forWords_Finnish_OptimizeOrder_Coarse_FineSurprisal_Stoch_Adap_PlusFracDLM
1.0	2	1.0	0.8	1	5862644	Western_Armenian_2.8	None	forWords_Finnish_OptimizeOrder_Coarse_FineSurprisal_Stoch_Adap_PlusFracDLM
1.0	2	1.0	0.2	1	1457722	Western_Armenian_2.8	None	forWords_Finnish_OptimizeOrder_Coarse_FineSurprisal_Stoch_Adap_PlusFracDLM
1.0	2	1.0	0.8	1	5749417	Western_Armenian_2.8	None	forWords_Finnish_OptimizeOrder_Coarse_FineSurprisal_Stoch_Adap_PlusFracDLM
1.0	2	1.0	0.2	1	3134856	Wolof_2.8	None	forWords_Finnish_OptimizeOrder_Coarse_FineSurprisal_Stoch_Adap_PlusFracDLM
1.0	2	1.0	0.8	1	6440588	Wolof_2.8	None	forWords_Finnish_OptimizeOrder_Coarse_FineSurprisal_Stoch_Adap_PlusFracDLM
1.0	2	1.0	0.8	1	7117574	Wolof_2.8	None	forWords_Finnish_OptimizeOrder_Coarse_FineSurprisal_Stoch_Adap_PlusFracDLM
1.0	2	1.0	0.8	1	5672384	Wolof_2.8	None	forWords_Finnish_OptimizeOrder_Coarse_FineSurprisal_Stoch_Adap_PlusFracDLM
1.0	2	1.0	0.2	1	1834697	Wolof_2.8	None	forWords_Finnish_OptimizeOrder_Coarse_FineSurprisal_Stoch_Adap_PlusFracDLM
1.0	2	1.0	0.8	1	1820535	Wolof_2.8	None	forWords_Finnish_OptimizeOrder_Coarse_FineSurprisal_Stoch_Adap_PlusFracDLM
1.0	2	1.0	0.2	1	6356743	Wolof_2.8	None	forWords_Finnish_OptimizeOrder_Coarse_FineSurprisal_Stoch_Adap_PlusFracDLM
1.0	2	1.0	0.8	1	3255343	Wolof_2.8	None	forWords_Finnish_OptimizeOrder_Coarse_FineSurprisal_Stoch_Adap_PlusFracDLM
1.0	2	1.0	0.8	1	683472	Wolof_2.8	None	forWords_Finnish_OptimizeOrder_Coarse_FineSurprisal_Stoch_Adap_PlusFracDLM
1.0	2	1.0	0.2	1	3194039	Wolof_2.8	None	forWords_Finnish_OptimizeOrder_Coarse_FineSurprisal_Stoch_Adap_PlusFracDLM
1.0	2	1.0	0.8	1	1461588	Wolof_2.8	None	forWords_Finnish_OptimizeOrder_Coarse_FineSurprisal_Stoch_Adap_PlusFracDLM
