language	ID	basic	np	Dist_D	Dist_N	Dist_A	Surprisal2	DepLen
Afrikaans_2.8	2013813	SVO	DAN_	3	1	2	5.844	2.638
Afrikaans_2.8	4122336	SVO	DAN_	3	1	2	5.895	2.723
Afrikaans_2.8	4648512	OSV	A_ND	2	1	1	5.926	2.651
Afrikaans_2.8	5585334	SVO	A_ND	2	1	1	5.981	3.17
Afrikaans_2.8	5858881	SVO	A_ND	2	1	1	5.848	2.724
Afrikaans_2.8	6873245	SVO	AN_D	1	1	2	5.822	2.884
Afrikaans_2.8	899379	SVO	DAN_	3	1	2	5.864	2.674
Akkadian_2.8	1310615	SOV	NDA_	2	3	1	4.453	3.214
Akkadian_2.8	3540093	SVO	DA_N	2	1	1	4.549	3.864
Akkadian_2.8	3968555	SOV	DNA_	3	2	1	4.464	3.434
Akkadian_2.8	475237	SOV	NDA_	2	3	1	4.46	3.227
Akkadian_2.8	5165281	SOV	DNA_	3	2	1	4.466	3.436
Akkadian_2.8	5657232	SOV	DNA_	3	2	1	4.452	3.246
Akkadian_2.8	6122332	SOV	DNA_	3	2	1	4.464	3.434
Akkadian_2.8	7417663	SOV	NDA_	2	3	1	4.489	3.255
Akkadian_2.8	8418533	OSV	DNA_	3	2	1	4.454	3.24
Akkadian_2.8	8429801	SOV	DNA_	3	2	1	4.478	3.366
Akkadian_2.8	845759	SOV	DA_N	2	1	1	4.585	4.047
Akkadian_2.8	8833578	SOV	NDA_	2	3	1	4.475	3.217
Akkadian_2.8	9384418	SOV	A_ND	2	1	1	4.55	3.865
Akkadian_2.8	9562704	SOV	NDA_	2	3	1	4.469	3.214
Amharic_2.8	2022281	SVO	A_DN	1	2	1	4.967	2.15
Amharic_2.8	2391972	SOV	AN_D	1	1	2	5.113	2.382
Amharic_2.8	3968002	SVO	AN_D	1	1	2	5.002	2.087
Amharic_2.8	4514377	SVO	AN_D	1	1	2	4.97	2.091
Amharic_2.8	514741	SOV	AN_D	1	1	2	4.94	2.696
Amharic_2.8	6334875	SVO	AN_D	1	1	2	4.99	2.145
Amharic_2.8	6431343	SVO	AND_	1	2	3	4.967	2.086
Amharic_2.8	7431797	SOV	A_DN	1	2	1	5.015	2.438
Amharic_2.8	7509365	SVO	AND_	1	2	3	5.029	2.14
Amharic_2.8	7891027	SVO	AN_D	1	1	2	4.949	2.164
Amharic_2.8	8751381	SOV	DAN_	3	1	2	5.106	2.42
Amharic_2.8	8759717	SVO	DAN_	3	1	2	5.068	1.895
Amharic_2.8	9132469	SVO	A_DN	1	2	1	4.958	2.194
Amharic_2.8	9680	SVO	AN_D	1	1	2	5.001	2.239
Ancient_Greek_2.8	7944848	SOV	AD_N	1	1	2	7.507	2.45
Arabic_2.8	1120807	OSV	NAD_	1	3	2	2.47	3.724
Arabic_2.8	1708369	OSV	DAN_	3	1	2	2.482	3.26
Arabic_2.8	1912315	OSV	DNA_	3	2	1	2.49	3.285
Arabic_2.8	6293912	OSV	NDA_	2	3	1	2.481	3.236
Arabic_2.8	8261163	OSV	NAD_	1	3	2	2.462	2.943
Arabic_2.8	9206733	SOV	NAD_	1	3	2	2.493	3.711
Armenian_2.8	109250	SVO	DNA_	3	2	1	7.916	2.792
Armenian_2.8	1208630	SVO	A_ND	2	1	1	7.903	2.904
Armenian_2.8	1254660	SVO	A_ND	2	1	1	7.904	2.892
Armenian_2.8	2515331	SVO	A_ND	2	1	1	7.922	3.115
Armenian_2.8	3313760	SVO	DAN_	3	1	2	7.924	3.049
Armenian_2.8	340596	OSV	NA_D	1	2	1	7.972	3.008
Armenian_2.8	5311831	SVO	A_ND	2	1	1	7.906	2.93
Armenian_2.8	6949064	SVO	A_ND	2	1	1	7.905	2.891
Armenian_2.8	7129573	OSV	NA_D	1	2	1	7.935	3.074
Armenian_2.8	7263185	SVO	A_ND	2	1	1	7.902	2.901
Armenian_2.8	7757231	SVO	A_ND	2	1	1	7.906	2.903
Armenian_2.8	8432305	SVO	A_ND	2	1	1	7.937	3.329
Armenian_2.8	8494317	SVO	A_ND	2	1	1	7.908	2.923
Armenian_2.8	9108301	SVO	A_ND	2	1	1	7.913	2.923
Bambara_2.8	1452032	SVO	AN_D	1	1	2	4.344	2.15
Bambara_2.8	1586408	SOV	NA_D	1	2	1	4.447	2.121
Bambara_2.8	1813796	SOV	NDA_	2	3	1	4.371	2.183
Bambara_2.8	2664156	SOV	A_ND	2	1	1	4.433	2.31
Bambara_2.8	4846626	SVO	NA_D	1	2	1	4.355	2.202
Bambara_2.8	7143793	SVO	NA_D	1	2	1	4.379	2.379
Bambara_2.8	7315624	SOV	A_DN	1	2	1	4.373	2.216
Bambara_2.8	7549979	SOV	NDA_	2	3	1	4.365	2.245
Basque_2.8	1185092	OSV	DNA_	3	2	1	7.863	2.184
Basque_2.8	3060144	OSV	DNA_	3	2	1	7.837	2.269
Basque_2.8	365629	SOV	DNA_	3	2	1	7.862	2.217
Basque_2.8	3755144	SOV	DNA_	3	2	1	7.981	2.561
Basque_2.8	4557361	SOV	DNA_	3	2	1	7.793	2.53
Basque_2.8	686560	OSV	DNA_	3	2	1	7.833	2.271
Basque_2.8	6993646	SOV	DAN_	3	1	2	7.867	2.272
Basque_2.8	918607	OSV	DNA_	3	2	1	7.831	2.261
Belarusian_2.8	1156830	SVO	DA_N	2	1	1	8.073	2.409
Belarusian_2.8	163610	SVO	DA_N	2	1	1	8.069	2.38
Belarusian_2.8	3987816	OSV	DA_N	2	1	1	8.156	2.583
Belarusian_2.8	4658467	SVO	NA_D	1	2	1	8.189	2.441
Belarusian_2.8	6755073	OSV	AD_N	1	1	2	8.117	2.392
Belarusian_2.8	9059356	SVO	DA_N	2	1	1	8.084	2.397
Breton_2.8	2829986	SOV	ADN_	2	1	3	5.925	2.397
Breton_2.8	3524977	SOV	DAN_	3	1	2	5.944	2.139
Breton_2.8	4376123	SOV	DAN_	3	1	2	6.031	3.033
Breton_2.8	5190618	SOV	DA_N	2	1	1	5.965	2.231
Breton_2.8	6145758	SOV	DAN_	3	1	2	5.967	2.214
Breton_2.8	71514	SOV	A_ND	2	1	1	5.917	2.37
Breton_2.8	7454660	OSV	A_ND	2	1	1	5.959	2.348
Breton_2.8	8934118	SOV	DA_N	2	1	1	5.968	2.178
Breton_2.8	900263	SOV	A_ND	2	1	1	5.925	2.414
Breton_2.8	9214995	OSV	A_ND	2	1	1	5.973	2.562
Breton_2.8	981811	SOV	AN_D	1	1	2	6.021	2.746
Bulgarian_2.8	1489874	OSV	NDA_	2	3	1	7.36	2.373
Bulgarian_2.8	2072665	SOV	DAN_	3	1	2	7.39	2.322
Bulgarian_2.8	2206579	SOV	DAN_	3	1	2	7.394	2.317
Bulgarian_2.8	2592182	OSV	AN_D	1	1	2	7.415	2.23
Bulgarian_2.8	387955	SVO	ADN_	2	1	3	7.436	2.387
Bulgarian_2.8	4856906	SOV	DAN_	3	1	2	7.384	2.346
Bulgarian_2.8	6047481	SOV	AN_D	1	1	2	7.471	2.388
Bulgarian_2.8	7947312	OSV	NDA_	2	3	1	7.379	2.445
Bulgarian_2.8	8160449	SOV	AN_D	1	1	2	7.418	2.384
Bulgarian_2.8	8587510	SOV	NDA_	2	3	1	7.37	2.363
Bulgarian_2.8	8679732	SOV	NDA_	2	3	1	7.365	2.431
Buryat_2.8	1824063	SVO	NAD_	1	3	2	7.897	2.212
Buryat_2.8	268558	SOV	A_DN	1	2	1	7.869	2.186
Buryat_2.8	2952699	SVO	NDA_	2	3	1	7.881	2.245
Buryat_2.8	382639	SVO	NDA_	2	3	1	7.873	2.366
Buryat_2.8	4346558	SOV	NDA_	2	3	1	7.88	2.24
Buryat_2.8	5069874	SOV	DA_N	2	1	1	7.868	2.156
Buryat_2.8	6190781	SOV	DA_N	2	1	1	7.868	2.097
Buryat_2.8	6273393	SVO	NDA_	2	3	1	7.913	2.15
Buryat_2.8	710935	SOV	DA_N	2	1	1	7.873	2.065
Buryat_2.8	8400283	SVO	NDA_	2	3	1	7.993	2.405
Cantonese_2.8	2376945	SOV	AND_	1	2	3	5.323	2.49
Cantonese_2.8	3102612	SVO	ADN_	2	1	3	5.534	4.408
Cantonese_2.8	5115852	SOV	DA_N	2	1	1	5.311	2.669
Cantonese_2.8	5447126	SOV	DNA_	3	2	1	5.299	2.532
Cantonese_2.8	5639974	SOV	DNA_	3	2	1	5.275	2.743
Cantonese_2.8	5951992	SVO	NA_D	1	2	1	5.338	2.663
Cantonese_2.8	662991	SVO	A_ND	2	1	1	5.306	2.666
Cantonese_2.8	8485493	SVO	A_ND	2	1	1	5.331	2.692
Catalan_2.8	1911143	SVO	A_DN	1	2	1	5.85	3.478
Catalan_2.8	2053476	OSV	A_DN	1	2	1	5.85	3.117
Catalan_2.8	335250	SVO	NA_D	1	2	1	5.815	3.192
Catalan_2.8	3631746	SVO	A_DN	1	2	1	5.83	3.364
Catalan_2.8	3899077	SVO	NA_D	1	2	1	5.769	3.051
Catalan_2.8	4410994	SVO	NA_D	1	2	1	5.758	3.042
Catalan_2.8	5230337	SVO	NA_D	1	2	1	5.757	3.047
Catalan_2.8	689226	SVO	A_DN	1	2	1	5.819	3.299
Catalan_2.8	8756640	SVO	A_DN	1	2	1	5.839	3.139
Catalan_2.8	9693192	SVO	NA_D	1	2	1	5.841	3.997
Chinese_2.8	187576	SOV	ADN_	2	1	3	7.586	3.218
Chinese_2.8	2880805	OSV	AN_D	1	1	2	7.477	2.776
Chinese_2.8	3375706	SOV	DA_N	2	1	1	7.499	2.99
Chinese_2.8	3682850	SVO	AN_D	1	1	2	7.507	2.798
Chinese_2.8	3836	SVO	A_ND	2	1	1	7.515	2.839
Chinese_2.8	3916667	SOV	DAN_	3	1	2	7.49	2.728
Chinese_2.8	6764044	SOV	AD_N	1	1	2	7.477	2.866
Chinese_2.8	6783962	SVO	DAN_	3	1	2	7.502	2.853
Chinese_2.8	865625	OSV	AN_D	1	1	2	7.496	2.853
Chinese_2.8	9156136	OSV	A_ND	2	1	1	7.49	2.823
Classical_Chinese_2.8	2794129	SOV	DA_N	2	1	1	5.514	1.742
Classical_Chinese_2.8	3049266	SOV	DNA_	3	2	1	5.519	1.682
Classical_Chinese_2.8	3305190	SOV	DA_N	2	1	1	5.491	1.72
Classical_Chinese_2.8	4407172	SOV	A_ND	2	1	1	5.514	1.702
Classical_Chinese_2.8	4665804	SOV	DA_N	2	1	1	5.498	1.706
Classical_Chinese_2.8	5208454	SOV	DNA_	3	2	1	5.513	1.706
Classical_Chinese_2.8	5938477	SOV	DNA_	3	2	1	5.518	1.667
Classical_Chinese_2.8	6161799	SOV	DNA_	3	2	1	5.505	1.705
Classical_Chinese_2.8	6984509	SOV	DA_N	2	1	1	5.495	1.719
Classical_Chinese_2.8	8503323	SOV	DA_N	2	1	1	5.532	1.683
Classical_Chinese_2.8	8828961	SOV	DA_N	2	1	1	5.523	1.703
Classical_Chinese_2.8	9562835	SOV	A_ND	2	1	1	5.516	1.699
Classical_Chinese_2.8	9755889	SOV	DNA_	3	2	1	5.533	1.706
Coptic_2.8	2582946	SVO	AN_D	1	1	2	4.517	2.826
Coptic_2.8	2596950	SVO	DA_N	2	1	1	4.519	2.811
Coptic_2.8	3429489	SVO	DA_N	2	1	1	4.551	3.012
Coptic_2.8	3797131	SVO	DA_N	2	1	1	4.505	2.84
Coptic_2.8	4875675	SVO	NA_D	1	2	1	4.698	3.083
Coptic_2.8	6014997	SVO	NDA_	2	3	1	4.48	3.012
Coptic_2.8	6579588	SVO	DA_N	2	1	1	4.525	2.988
Coptic_2.8	6962916	SVO	DA_N	2	1	1	4.5	2.836
Coptic_2.8	7839947	SVO	A_DN	1	2	1	4.484	2.78
Coptic_2.8	8006231	SVO	NA_D	1	2	1	4.512	2.814
Croatian_2.8	3630428	SVO	DNA_	3	2	1	7.838	2.537
Croatian_2.8	9788496	OSV	DA_N	2	1	1	7.883	2.701
Danish_2.8	4747122	OSV	DAN_	3	1	2	7.038	2.861
Danish_2.8	5355410	SVO	DAN_	3	1	2	7.027	2.937
Danish_2.8	6936599	OSV	ADN_	2	1	3	7.092	3.813
Danish_2.8	733412	SVO	A_ND	2	1	1	7.074	2.8
Danish_2.8	737454	OSV	DAN_	3	1	2	7.072	3.056
Dutch_2.8	3971415	SVO	NA_D	1	2	1	6.723	2.544
Dutch_2.8	4222981	SVO	A_DN	1	2	1	6.695	2.622
Dutch_2.8	6059488	SVO	NA_D	1	2	1	6.697	2.506
Dutch_2.8	8068154	SVO	A_DN	1	2	1	6.714	2.748
English_2.8	4065595	SVO	A_ND	2	1	1	6.549	2.611
English_2.8	4322052	SVO	NDA_	2	3	1	6.516	2.538
English_2.8	4770724	SVO	AN_D	1	1	2	6.487	2.55
English_2.8	6157615	SVO	AN_D	1	1	2	6.486	2.549
English_2.8	703403	SVO	NA_D	1	2	1	6.541	2.87
English_2.8	9327350	SVO	NA_D	1	2	1	6.542	2.59
Erzya_2.8	5345159	SVO	NDA_	2	3	1	7.935	2.099
Erzya_2.8	6011044	SVO	NAD_	1	3	2	7.956	2.379
Erzya_2.8	6886964	SOV	NAD_	1	3	2	7.963	2.153
Erzya_2.8	8091931	SOV	NAD_	1	3	2	7.978	2.173
Erzya_2.8	8982396	SOV	AD_N	1	1	2	7.93	2.178
Erzya_2.8	9844682	SVO	NDA_	2	3	1	7.938	2.105
Estonian_2.8	2318437	OSV	DAN_	3	1	2	8.556	2.741
Estonian_2.8	5748267	SVO	DAN_	3	1	2	8.566	2.599
Estonian_2.8	5813695	OSV	DAN_	3	1	2	8.558	2.695
Estonian_2.8	8005117	OSV	DAN_	3	1	2	8.58	2.41
Estonian_2.8	9712607	SVO	DAN_	3	1	2	8.618	2.559
Estonian_2.8	973579	OSV	NDA_	2	3	1	8.611	2.459
Estonian_2.8	9814405	OSV	DAN_	3	1	2	8.564	2.79
Estonian_2.8	9893589	OSV	DAN_	3	1	2	8.584	2.386
Faroese_2.8	228469	SVO	DAN_	3	1	2	5.799	2.679
Faroese_2.8	7139827	OSV	DNA_	3	2	1	5.79	2.551
Faroese_2.8	7853664	SVO	DAN_	3	1	2	5.747	2.725
Faroese_2.8	7880832	SVO	DAN_	3	1	2	5.743	2.627
Faroese_2.8	9264098	SVO	DAN_	3	1	2	5.741	2.645
Faroese_2.8	9308891	SVO	NDA_	2	3	1	5.856	3.029
Faroese_2.8	9992065	SVO	DAN_	3	1	2	5.768	2.63
Finnish_2.8	1133201	OSV	AND_	1	2	3	8.769	2.391
Finnish_2.8	1838581	OSV	ADN_	2	1	3	8.799	2.346
Finnish_2.8	2223579	OSV	DNA_	3	2	1	8.78	2.435
Finnish_2.8	256614	SVO	DAN_	3	1	2	8.867	2.518
Finnish_2.8	6386954	OSV	DNA_	3	2	1	8.773	2.448
Finnish_2.8	9880148	OSV	AND_	1	2	3	8.789	2.612
Finnish_2.8	989688	OSV	DNA_	3	2	1	8.794	2.404
Finnish_2.8	992990	OSV	DNA_	3	2	1	8.794	2.679
French_2.8	1281449	SVO	A_ND	2	1	1	6.033	2.841
French_2.8	305044	SVO	A_ND	2	1	1	6.106	3.144
French_2.8	3594956	SVO	A_ND	2	1	1	6.132	3.085
French_2.8	4619459	OSV	A_ND	2	1	1	6.034	3.042
French_2.8	5768878	SVO	NA_D	1	2	1	6.112	2.839
French_2.8	7502404	SVO	A_ND	2	1	1	6.141	3.078
French_2.8	7666944	SVO	A_ND	2	1	1	6.135	2.916
French_2.8	818667	SVO	A_ND	2	1	1	6.129	2.956
French_2.8	8658366	SVO	A_ND	2	1	1	6.129	2.924
French_2.8	950183	OSV	A_ND	2	1	1	6.054	3.113
Galician_2.8	131098	SVO	NA_D	1	2	1	6.276	3.254
Galician_2.8	1605255	OSV	NAD_	1	3	2	6.299	2.791
Galician_2.8	2144632	SVO	A_DN	1	2	1	6.29	3.067
Galician_2.8	3102275	SVO	A_DN	1	2	1	6.264	2.877
Galician_2.8	3572681	SVO	A_DN	1	2	1	6.286	3.067
Galician_2.8	4669680	SVO	A_DN	1	2	1	6.264	2.896
Galician_2.8	6143681	OSV	NAD_	1	3	2	6.299	2.791
Galician_2.8	7154859	OSV	A_DN	1	2	1	6.283	2.928
German-GSD_2.6	4233587	SVO	AN_D	1	1	2	7.431	2.773
German-GSD_2.6	4428045	SVO	AN_D	1	1	2	7.586	2.837
German-GSD_2.6	6035267	OSV	AN_D	1	1	2	7.498	2.636
German-GSD_2.6	6841558	SVO	AN_D	1	1	2	7.47	2.939
German-GSD_2.6	8901415	SVO	NA_D	1	2	1	7.505	2.541
German-GSD_2.6	9156990	SVO	A_DN	1	2	1	7.559	2.591
German-GSD_2.6	9188527	SVO	AN_D	1	1	2	7.467	2.654
German-GSD_2.6	9392081	SVO	AN_D	1	1	2	7.488	2.826
German-GSD_2.6	9599905	OSV	NA_D	1	2	1	7.503	2.616
Gothic_2.8	1981165	OSV	DA_N	2	1	1	6.283	2.306
Gothic_2.8	2948996	OSV	DA_N	2	1	1	6.303	2.395
Gothic_2.8	5255438	SVO	DA_N	2	1	1	6.276	2.464
Gothic_2.8	6952066	OSV	DA_N	2	1	1	6.323	2.384
Gothic_2.8	8752749	SVO	DA_N	2	1	1	6.276	2.457
Gothic_2.8	9713207	SVO	DA_N	2	1	1	6.292	2.395
Greek_2.8	1865088	SVO	NA_D	1	2	1	6.671	2.93
Greek_2.8	2008755	SVO	A_DN	1	2	1	6.684	3.053
Greek_2.8	2020991	SOV	A_DN	1	2	1	6.727	2.782
Greek_2.8	202425	SOV	A_DN	1	2	1	6.746	2.871
Greek_2.8	4974589	SOV	A_DN	1	2	1	6.778	2.921
Greek_2.8	5161501	SVO	NA_D	1	2	1	6.687	2.828
Greek_2.8	6232702	SOV	A_DN	1	2	1	6.752	2.843
Greek_2.8	6646309	SVO	NA_D	1	2	1	6.784	3.061
Hebrew_2.8	1287328	OSV	DNA_	3	2	1	6.369	2.737
Hebrew_2.8	2323853	OSV	DNA_	3	2	1	6.375	2.803
Hebrew_2.8	4181627	OSV	DNA_	3	2	1	6.375	2.853
Hebrew_2.8	9631015	OSV	DNA_	3	2	1	6.54	5.039
Hindi_2.8	1467592	OSV	DNA_	3	2	1	5.911	3.099
Hindi_2.8	2134718	OSV	DNA_	3	2	1	5.836	2.932
Hindi_2.8	2673786	OSV	DNA_	3	2	1	5.836	2.932
Hindi_2.8	3341279	OSV	DNA_	3	2	1	5.752	2.899
Hindi_2.8	6852643	OSV	DNA_	3	2	1	5.852	3.031
Hindi_2.8	8311386	SVO	DNA_	3	2	1	6.265	3.291
Hindi_2.8	8830903	OSV	DNA_	3	2	1	6.194	4.181
Hungarian_2.8	1591504	SVO	NAD_	1	3	2	7.979	2.823
Hungarian_2.8	2358187	SOV	DAN_	3	1	2	7.993	2.774
Hungarian_2.8	2662596	OSV	DAN_	3	1	2	7.963	2.829
Hungarian_2.8	2909643	OSV	DAN_	3	1	2	8.01	2.805
Hungarian_2.8	4532106	SOV	DAN_	3	1	2	7.962	2.839
Hungarian_2.8	4710564	SOV	AN_D	1	1	2	7.961	3.033
Hungarian_2.8	5484483	SOV	DAN_	3	1	2	7.97	2.791
Hungarian_2.8	6091978	SOV	DAN_	3	1	2	7.998	2.901
Hungarian_2.8	7621669	SOV	NAD_	1	3	2	7.955	2.932
Hungarian_2.8	8064765	SVO	DAN_	3	1	2	7.992	2.712
Hungarian_2.8	8593198	SVO	AD_N	1	1	2	7.987	2.979
Hungarian_2.8	8839344	OSV	AD_N	1	1	2	7.977	2.699
Hungarian_2.8	9313792	SVO	DAN_	3	1	2	7.984	2.92
Hungarian_2.8	9506458	SVO	AD_N	1	1	2	7.999	2.731
Hungarian_2.8	9852403	SOV	DAN_	3	1	2	7.975	2.789
Icelandic_2.8	1086256	SVO	DAN_	3	1	2	6.689	3.064
Icelandic_2.8	2619319	OSV	ADN_	2	1	3	6.72	3.046
Icelandic_2.8	5839736	OSV	DAN_	3	1	2	6.718	3.058
Icelandic_2.8	713426	OSV	DAN_	3	1	2	6.731	3.08
Icelandic_2.8	7195383	SVO	NAD_	1	3	2	6.733	2.918
Icelandic_2.8	7352216	OSV	DNA_	3	2	1	6.721	3.065
Icelandic_2.8	7580053	SVO	DAN_	3	1	2	6.7	3.051
Icelandic_2.8	8683310	SVO	DAN_	3	1	2	6.732	2.872
Indonesian_2.8	2959102	SVO	A_ND	2	1	1	7.59	2.793
Indonesian_2.8	3294914	SVO	DNA_	3	2	1	7.522	2.578
Indonesian_2.8	3676133	SVO	NA_D	1	2	1	7.585	2.684
Indonesian_2.8	3741906	SVO	NA_D	1	2	1	7.524	2.55
Indonesian_2.8	6794939	SVO	NA_D	1	2	1	7.524	2.55
Indonesian_2.8	8793741	SVO	NA_D	1	2	1	7.524	2.55
Indonesian_2.8	9007048	SVO	NA_D	1	2	1	7.579	2.671
Indonesian_2.8	95678	SVO	NA_D	1	2	1	7.557	2.885
Indonesian_2.8	9741859	SVO	NA_D	1	2	1	7.599	2.727
Irish_2.8	13462	SVO	NA_D	1	2	1	6.629	2.894
Irish_2.8	3473579	OSV	A_DN	1	2	1	6.53	2.932
Irish_2.8	4196256	SVO	DNA_	3	2	1	6.539	2.842
Irish_2.8	6061628	SVO	NA_D	1	2	1	6.536	2.879
Irish_2.8	6262321	OSV	DA_N	2	1	1	6.501	2.796
Irish_2.8	7121419	OSV	DNA_	3	2	1	6.56	2.924
Irish_2.8	8072498	OSV	A_DN	1	2	1	6.551	2.934
Irish_2.8	816334	OSV	NA_D	1	2	1	6.554	2.907
Irish_2.8	8474368	OSV	NDA_	2	3	1	6.568	2.853
Irish_2.8	8604652	OSV	DA_N	2	1	1	6.501	2.779
Irish_2.8	8695804	SVO	NA_D	1	2	1	6.574	3.142
Italian_2.8	1408202	OSV	NA_D	1	2	1	6.191	2.805
Italian_2.8	170809	SVO	NA_D	1	2	1	6.194	2.773
Italian_2.8	2186619	SVO	AN_D	1	1	2	6.229	2.806
Italian_2.8	7263318	SVO	NA_D	1	2	1	6.193	2.775
Japanese-GSD_2.6	1043462	SOV	AND_	1	2	3	6.316	2.739
Japanese-GSD_2.6	3971523	SOV	AND_	1	2	3	6.312	2.76
Japanese-GSD_2.6	7064616	SOV	AND_	1	2	3	6.32	2.758
Japanese-GSD_2.6	7708111	SOV	A_ND	2	1	1	6.407	3.009
Kazakh_2.8	3142035	SOV	DAN_	3	1	2	7.866	2.034
Kazakh_2.8	3203548	SOV	DAN_	3	1	2	7.871	2.037
Kazakh_2.8	3674563	SOV	DAN_	3	1	2	7.886	2.062
Kazakh_2.8	4540119	SOV	DAN_	3	1	2	7.983	1.965
Kazakh_2.8	525842	SOV	DAN_	3	1	2	7.871	2.028
Kiche_2.8	1617735	SOV	A_DN	1	2	1	5.561	2.003
Kiche_2.8	1896634	SOV	A_DN	1	2	1	5.596	1.84
Kiche_2.8	2075346	SOV	NAD_	1	3	2	5.58	1.708
Kiche_2.8	2761839	SOV	A_DN	1	2	1	5.565	1.821
Kiche_2.8	3163112	SOV	NDA_	2	3	1	5.542	1.795
Kiche_2.8	3321567	OSV	AD_N	1	1	2	5.598	1.831
Kiche_2.8	3456492	SOV	AN_D	1	1	2	5.54	1.836
Kiche_2.8	453166	SOV	DA_N	2	1	1	5.558	1.9
Kiche_2.8	4750217	SOV	AN_D	1	1	2	5.613	1.689
Kiche_2.8	6283319	SOV	DA_N	2	1	1	5.577	1.765
Kiche_2.8	6853210	SOV	NAD_	1	3	2	5.585	1.906
Komi_Zyrian_2.8	1222273	SVO	DAN_	3	1	2	7.827	2.509
Komi_Zyrian_2.8	2682676	SVO	NA_D	1	2	1	7.811	2.496
Komi_Zyrian_2.8	2774499	OSV	DNA_	3	2	1	7.875	2.222
Komi_Zyrian_2.8	3547638	SVO	DNA_	3	2	1	7.889	2.514
Komi_Zyrian_2.8	4743270	SVO	A_DN	1	2	1	7.847	2.462
Komi_Zyrian_2.8	6238685	SVO	NA_D	1	2	1	7.814	2.476
Komi_Zyrian_2.8	694368	SVO	DNA_	3	2	1	7.887	2.308
Komi_Zyrian_2.8	7357090	SVO	A_ND	2	1	1	7.839	2.431
Komi_Zyrian_2.8	7977331	SVO	NA_D	1	2	1	7.854	2.3
Komi_Zyrian_2.8	8372145	SVO	NAD_	1	3	2	7.864	2.285
Komi_Zyrian_2.8	8487715	SVO	DAN_	3	1	2	7.856	2.341
Korean_2.8	1764357	SOV	DAN_	3	1	2	9.639	2.478
Korean_2.8	2366383	OSV	ADN_	2	1	3	9.77	2.547
Korean_2.8	2515623	SOV	DAN_	3	1	2	9.639	2.479
Korean_2.8	3240285	SOV	DAN_	3	1	2	9.705	2.509
Korean_2.8	5571953	SOV	DAN_	3	1	2	9.649	2.503
Korean_2.8	5686114	SOV	DAN_	3	1	2	9.643	2.483
Korean_2.8	634761	SOV	DAN_	3	1	2	9.733	2.722
Korean_2.8	6852744	SOV	DAN_	3	1	2	9.704	2.508
Korean_2.8	7925150	SOV	DAN_	3	1	2	9.639	2.478
Korean_2.8	9784362	SOV	DAN_	3	1	2	9.754	2.299
Kurmanji_2.8	1415042	OSV	NDA_	2	3	1	6.397	2.427
Kurmanji_2.8	2247304	SVO	AND_	1	2	3	6.397	2.506
Kurmanji_2.8	334865	SVO	A_ND	2	1	1	6.398	2.429
Kurmanji_2.8	5258164	SOV	A_DN	1	2	1	6.378	2.463
Kurmanji_2.8	6088180	SVO	NDA_	2	3	1	6.41	2.415
Kurmanji_2.8	6525979	SVO	DNA_	3	2	1	6.42	2.653
Kurmanji_2.8	7151935	SOV	ADN_	2	1	3	6.374	2.465
Kurmanji_2.8	8087628	SVO	A_DN	1	2	1	6.39	2.448
Kurmanji_2.8	8713907	SVO	A_DN	1	2	1	6.402	2.524
Kurmanji_2.8	8861760	SVO	A_DN	1	2	1	6.375	2.408
Kurmanji_2.8	997160	SVO	AND_	1	2	3	6.379	2.423
Latin_2.8	3244	SVO	AD_N	1	1	2	7.486	2.684
Latin_2.8	4493530	SOV	NAD_	1	3	2	7.48	2.606
Latin_2.8	5978647	SVO	AD_N	1	1	2	7.494	2.679
Latin_2.8	7831744	SOV	NAD_	1	3	2	7.478	2.532
Latvian_2.8	2470145	SVO	DAN_	3	1	2	8.486	2.719
Latvian_2.8	2892940	OSV	ADN_	2	1	3	8.479	2.533
Latvian_2.8	3878218	SVO	DAN_	3	1	2	8.47	2.559
Latvian_2.8	4412479	SVO	DAN_	3	1	2	8.497	2.603
Latvian_2.8	4426987	OSV	ADN_	2	1	3	8.48	2.612
Latvian_2.8	4885119	SVO	DAN_	3	1	2	8.474	2.529
Latvian_2.8	5227488	SVO	DAN_	3	1	2	8.469	2.614
Latvian_2.8	6975579	SVO	DAN_	3	1	2	8.462	2.698
Latvian_2.8	7546608	SVO	DAN_	3	1	2	8.467	2.626
Latvian_2.8	781789	SOV	DAN_	3	1	2	8.526	2.588
Latvian_2.8	9095116	OSV	DAN_	3	1	2	8.482	2.569
Latvian_2.8	9730103	SVO	DAN_	3	1	2	8.464	2.634
Lithuanian_2.8	3645273	SVO	DA_N	2	1	1	8.101	2.767
Lithuanian_2.8	4050472	SVO	DNA_	3	2	1	8.161	3.149
Lithuanian_2.8	4103042	SOV	DA_N	2	1	1	8.093	2.901
Lithuanian_2.8	4560595	SVO	DA_N	2	1	1	8.098	2.741
Lithuanian_2.8	5376931	OSV	DA_N	2	1	1	8.111	2.678
Lithuanian_2.8	883474	SOV	DA_N	2	1	1	8.095	2.775
Lithuanian_2.8	9254666	SVO	DA_N	2	1	1	8.105	2.77
Maltese_2.8	2408879	OSV	A_ND	2	1	1	6.615	2.491
Maltese_2.8	2893687	OSV	DA_N	2	1	1	6.612	2.518
Maltese_2.8	3273829	OSV	A_ND	2	1	1	6.613	2.523
Maltese_2.8	3315080	OSV	DA_N	2	1	1	6.603	2.59
Maltese_2.8	3579133	SVO	A_DN	1	2	1	6.637	2.875
Maltese_2.8	3667234	OSV	A_DN	1	2	1	6.591	2.563
Maltese_2.8	4252443	OSV	DA_N	2	1	1	6.63	2.6
Maltese_2.8	5813474	OSV	A_DN	1	2	1	6.592	2.578
Maltese_2.8	7999905	OSV	A_DN	1	2	1	6.628	2.745
Maltese_2.8	9136289	OSV	A_DN	1	2	1	6.601	2.56
Maltese_2.8	9545939	OSV	DA_N	2	1	1	6.603	2.592
Manx_2.8	2584675	SVO	DA_N	2	1	1	4.835	2.208
Manx_2.8	2961693	SVO	DNA_	3	2	1	4.853	2.047
Manx_2.8	2979977	SVO	DA_N	2	1	1	4.857	1.93
Manx_2.8	4629687	SVO	AN_D	1	1	2	4.896	2.187
Manx_2.8	509078	OSV	NAD_	1	3	2	4.854	2.074
Manx_2.8	5451855	SVO	AN_D	1	1	2	4.881	1.919
Manx_2.8	6482429	SVO	DA_N	2	1	1	4.846	2.223
Manx_2.8	667106	SVO	A_DN	1	2	1	5.006	2.212
Manx_2.8	7752020	OSV	A_DN	1	2	1	4.911	2.234
Manx_2.8	9289004	SVO	A_ND	2	1	1	4.862	2.015
Mbya_Guarani_2.8	2006371	OSV	NA_D	1	2	1	1.123	2.001
Mbya_Guarani_2.8	219687	SOV	NAD_	1	3	2	1.148	2.387
Mbya_Guarani_2.8	2300596	SVO	A_DN	1	2	1	1.127	2.058
Mbya_Guarani_2.8	2348022	SVO	DA_N	2	1	1	1.118	2.038
Mbya_Guarani_2.8	292710	SVO	A_DN	1	2	1	1.106	2.023
Mbya_Guarani_2.8	4691450	SOV	DNA_	3	2	1	1.118	2.056
Mbya_Guarani_2.8	5013357	SOV	DNA_	3	2	1	1.118	2.054
Mbya_Guarani_2.8	6826887	SOV	NDA_	2	3	1	1.119	2.035
Mbya_Guarani_2.8	7478914	SVO	A_ND	2	1	1	1.116	2.057
Mbya_Guarani_2.8	7511575	SVO	DA_N	2	1	1	1.129	2.1
Mbya_Guarani_2.8	8163493	SVO	A_DN	1	2	1	1.105	2.023
Mbya_Guarani_2.8	8990430	SOV	DAN_	3	1	2	1.122	2.02
Naija_2.8	1550984	SOV	DA_N	2	1	1	4.393	2.851
Naija_2.8	1701619	SVO	NA_D	1	2	1	4.381	2.997
Naija_2.8	3078298	SVO	DA_N	2	1	1	4.366	3.313
Naija_2.8	3489260	OSV	NDA_	2	3	1	4.429	2.71
Naija_2.8	4887039	SVO	DA_N	2	1	1	4.363	3.034
Naija_2.8	6460599	SVO	DA_N	2	1	1	4.425	3.45
Naija_2.8	6719024	SVO	AD_N	1	1	2	4.39	2.949
Naija_2.8	7331059	SVO	DA_N	2	1	1	4.326	3.029
Naija_2.8	7897528	SVO	DA_N	2	1	1	4.327	3.014
Naija_2.8	8509524	SVO	AD_N	1	1	2	4.375	3.01
Naija_2.8	8958109	SVO	DA_N	2	1	1	4.345	3.109
North_Sami_2.8	4313389	SVO	NA_D	1	2	1	7.316	2.047
North_Sami_2.8	4444494	SVO	NAD_	1	3	2	7.312	2.012
North_Sami_2.8	5542757	SVO	NAD_	1	3	2	7.345	2.074
North_Sami_2.8	6395356	SVO	NA_D	1	2	1	7.33	1.994
North_Sami_2.8	6480395	SVO	NA_D	1	2	1	7.326	2.172
North_Sami_2.8	6936215	SVO	DNA_	3	2	1	7.317	2.069
North_Sami_2.8	724192	SVO	DNA_	3	2	1	7.342	2.065
North_Sami_2.8	7402240	SVO	NA_D	1	2	1	7.316	2.045
North_Sami_2.8	7727673	SVO	NAD_	1	3	2	7.311	2.096
North_Sami_2.8	7958419	SVO	NAD_	1	3	2	7.333	2.211
Norwegian_2.8	2090045	SVO	NAD_	1	3	2	6.752	2.551
Norwegian_2.8	2267214	SVO	NAD_	1	3	2	6.786	2.845
Norwegian_2.8	2689510	SVO	NAD_	1	3	2	6.799	2.671
Norwegian_2.8	2842699	SVO	NAD_	1	3	2	6.868	2.512
Norwegian_2.8	3072514	SVO	NAD_	1	3	2	6.751	2.548
Norwegian_2.8	4407121	SVO	NAD_	1	3	2	6.841	2.841
Norwegian_2.8	507331	SVO	NAD_	1	3	2	6.754	2.579
Old_Church_Slavonic_2.8	2944338	SVO	NDA_	2	3	1	6.122	2.243
Old_Church_Slavonic_2.8	3984172	SOV	NDA_	2	3	1	6.134	2.337
Old_Church_Slavonic_2.8	405867	SOV	NDA_	2	3	1	6.136	2.37
Old_Church_Slavonic_2.8	5367362	SVO	NDA_	2	3	1	6.125	2.661
Old_Church_Slavonic_2.8	6503138	SVO	NDA_	2	3	1	6.126	2.355
Old_Church_Slavonic_2.8	6902019	SOV	NDA_	2	3	1	6.108	2.372
Old_Church_Slavonic_2.8	7577771	SVO	DAN_	3	1	2	6.159	2.235
Old_Church_Slavonic_2.8	761983	SOV	DA_N	2	1	1	6.119	2.27
Old_Church_Slavonic_2.8	801073	SOV	NDA_	2	3	1	6.107	2.347
Old_Church_Slavonic_2.8	8307018	SOV	NDA_	2	3	1	6.125	2.406
Old_Church_Slavonic_2.8	963014	SOV	NDA_	2	3	1	6.096	2.347
Old_East_Slavic_2.8	2553252	SOV	DNA_	3	2	1	7.508	2.469
Old_East_Slavic_2.8	290728	SOV	DA_N	2	1	1	7.49	2.59
Old_East_Slavic_2.8	3082496	SOV	DNA_	3	2	1	7.509	2.526
Old_East_Slavic_2.8	3109250	SOV	DA_N	2	1	1	7.486	2.593
Old_East_Slavic_2.8	3541857	SOV	DA_N	2	1	1	7.541	2.702
Old_East_Slavic_2.8	4824088	SVO	A_ND	2	1	1	7.501	2.676
Old_East_Slavic_2.8	7483586	SVO	DNA_	3	2	1	7.572	2.478
Old_East_Slavic_2.8	8237854	SOV	AN_D	1	1	2	7.514	2.67
Old_East_Slavic_2.8	9423993	SOV	DNA_	3	2	1	7.511	2.476
Old_East_Slavic_2.8	9975522	SVO	DNA_	3	2	1	7.503	2.522
Old_French_2.8	2081512	SVO	DA_N	2	1	1	6.146	2.327
Old_French_2.8	2124956	SVO	DAN_	3	1	2	6.12	2.61
Old_French_2.8	2406923	SVO	DAN_	3	1	2	6.123	2.472
Old_French_2.8	2766401	SVO	DAN_	3	1	2	6.113	2.36
Old_French_2.8	3837538	OSV	DAN_	3	1	2	6.171	2.335
Old_French_2.8	4462465	SVO	A_ND	2	1	1	6.176	2.309
Old_French_2.8	8151007	OSV	ADN_	2	1	3	6.088	3.76
Old_French_2.8	8370126	OSV	DAN_	3	1	2	6.145	2.212
Persian_2.8	1348591	SOV	DAN_	3	1	2	6.713	2.549
Persian_2.8	1518583	SOV	NDA_	2	3	1	6.764	2.963
Persian_2.8	1663382	SOV	DAN_	3	1	2	6.689	2.739
Persian_2.8	1838326	SOV	DAN_	3	1	2	6.714	2.556
Persian_2.8	7924856	SOV	DA_N	2	1	1	6.863	2.811
Persian_2.8	866991	SOV	DNA_	3	2	1	6.857	2.735
Persian_2.8	9588034	OSV	DA_N	2	1	1	6.861	2.89
Polish_2.8	3715155	SVO	DAN_	3	1	2	7.906	2.421
Polish_2.8	500860	SOV	DAN_	3	1	2	8.112	2.897
Polish_2.8	5071114	SVO	DAN_	3	1	2	7.91	2.391
Polish_2.8	7266156	OSV	DAN_	3	1	2	7.909	2.438
Polish_2.8	8470913	SOV	DAN_	3	1	2	7.936	2.291
Polish_2.8	861141	SVO	DAN_	3	1	2	7.906	2.44
Polish_2.8	9778878	SOV	DAN_	3	1	2	7.918	2.358
Polish_2.8	9935512	OSV	AND_	1	2	3	7.984	2.337
Portuguese_2.8	1092333	OSV	A_ND	2	1	1	6.326	3.011
Portuguese_2.8	1722075	OSV	A_ND	2	1	1	6.568	3.081
Portuguese_2.8	2755004	SVO	AN_D	1	1	2	6.346	2.816
Portuguese_2.8	2905101	OSV	A_ND	2	1	1	6.32	2.94
Portuguese_2.8	3055511	OSV	A_ND	2	1	1	6.31	2.931
Portuguese_2.8	5926260	SVO	A_ND	2	1	1	6.365	2.763
Portuguese_2.8	6323144	SVO	NA_D	1	2	1	6.411	2.643
Portuguese_2.8	6717118	SVO	A_ND	2	1	1	6.334	2.771
Portuguese_2.8	6897190	OSV	A_DN	1	2	1	6.56	3.077
Portuguese_2.8	9727752	OSV	A_ND	2	1	1	6.439	2.751
Romanian_2.8	4078630	SVO	NA_D	1	2	1	6.994	2.704
Romanian_2.8	6061217	SVO	NA_D	1	2	1	7.035	2.867
Romanian_2.8	7536126	SOV	NA_D	1	2	1	6.998	2.93
Romanian_2.8	9709539	SOV	NA_D	1	2	1	7.012	2.901
Russian_2.8	2537270	SVO	NDA_	2	3	1	8.378	2.617
Russian_2.8	3731360	SVO	DNA_	3	2	1	8.364	2.634
Russian_2.8	9087686	SVO	DNA_	3	2	1	8.367	2.65
Russian_2.8	9512977	SVO	DNA_	3	2	1	8.354	2.637
Russian_2.8	9996376	SVO	DNA_	3	2	1	8.353	2.671
Sanskrit_2.8	1234638	SVO	A_DN	1	2	1	7.105	2.2
Sanskrit_2.8	1748178	SVO	A_DN	1	2	1	7.115	2.43
Sanskrit_2.8	1942427	SVO	A_DN	1	2	1	7.113	2.14
Sanskrit_2.8	2795991	SOV	A_DN	1	2	1	7.167	2.423
Sanskrit_2.8	312214	SVO	A_DN	1	2	1	7.102	2.155
Sanskrit_2.8	4874388	SVO	A_DN	1	2	1	7.152	2.139
Sanskrit_2.8	4958695	SOV	AD_N	1	1	2	7.153	2.18
Sanskrit_2.8	5563883	SVO	AD_N	1	1	2	7.113	2.314
Sanskrit_2.8	6038103	SVO	AD_N	1	1	2	7.111	2.26
Sanskrit_2.8	6705312	SOV	AD_N	1	1	2	7.097	2.316
Sanskrit_2.8	7994405	SOV	NA_D	1	2	1	7.143	2.269
Sanskrit_2.8	8243075	SVO	AD_N	1	1	2	7.122	2.125
Scottish_Gaelic_2.8	1243274	SVO	A_DN	1	2	1	5.517	3.017
Scottish_Gaelic_2.8	1969583	OSV	AN_D	1	1	2	5.529	3.225
Scottish_Gaelic_2.8	2292986	OSV	NA_D	1	2	1	5.613	2.983
Scottish_Gaelic_2.8	3352228	OSV	AN_D	1	1	2	5.494	2.877
Scottish_Gaelic_2.8	3673983	SVO	A_ND	2	1	1	5.532	2.744
Scottish_Gaelic_2.8	3710940	OSV	NA_D	1	2	1	5.58	3.343
Scottish_Gaelic_2.8	4642704	OSV	NA_D	1	2	1	5.512	2.764
Scottish_Gaelic_2.8	634396	SVO	A_DN	1	2	1	5.559	2.767
Scottish_Gaelic_2.8	6922969	SVO	A_DN	1	2	1	5.738	3.472
Scottish_Gaelic_2.8	7379669	OSV	NA_D	1	2	1	5.506	2.855
Serbian_2.8	1534025	SVO	A_ND	2	1	1	7.315	2.532
Serbian_2.8	1915825	OSV	A_ND	2	1	1	7.332	2.712
Serbian_2.8	2985718	OSV	A_ND	2	1	1	7.302	2.627
Serbian_2.8	301619	OSV	A_DN	1	2	1	7.299	2.525
Serbian_2.8	3230593	OSV	DA_N	2	1	1	7.269	2.525
Serbian_2.8	4315962	SVO	A_DN	1	2	1	7.365	3.145
Serbian_2.8	5555396	OSV	NAD_	1	3	2	7.272	2.592
Serbian_2.8	5935602	OSV	DA_N	2	1	1	7.264	2.534
Serbian_2.8	7062189	OSV	DA_N	2	1	1	7.271	2.531
Serbian_2.8	8245400	OSV	DA_N	2	1	1	7.261	2.524
Serbian_2.8	888026	OSV	DA_N	2	1	1	7.272	2.598
Serbian_2.8	9241441	SVO	DNA_	3	2	1	7.518	3.315
Serbian_2.8	968773	OSV	DA_N	2	1	1	7.26	2.528
Slovak_2.8	1588879	OSV	DA_N	2	1	1	7.831	2.194
Slovak_2.8	329198	OSV	AN_D	1	1	2	7.844	2.076
Slovak_2.8	4651530	SVO	DAN_	3	1	2	7.875	2.074
Slovak_2.8	5709375	SOV	DAN_	3	1	2	7.836	nan
Slovak_2.8	6043509	OSV	A_ND	2	1	1	7.848	2.259
Slovak_2.8	8014599	SVO	NA_D	1	2	1	7.869	2.099
Slovak_2.8	8078491	OSV	DAN_	3	1	2	7.87	2.186
Slovak_2.8	823624	OSV	DAN_	3	1	2	7.864	2.059
Slovak_2.8	8953026	SVO	NDA_	2	3	1	7.842	2.473
Slovak_2.8	9508320	SVO	A_ND	2	1	1	7.87	2.055
Slovenian_2.8	2209907	OSV	AN_D	1	1	2	7.752	2.787
Slovenian_2.8	3367159	OSV	NA_D	1	2	1	7.752	2.656
Slovenian_2.8	3583823	OSV	DAN_	3	1	2	7.687	2.528
Slovenian_2.8	441177	OSV	NDA_	2	3	1	7.691	2.616
Slovenian_2.8	5885691	OSV	AN_D	1	1	2	7.738	2.557
Slovenian_2.8	7511265	OSV	NA_D	1	2	1	7.707	2.428
Spanish_2.8	1841066	SVO	NA_D	1	2	1	6.373	2.805
Spanish_2.8	3759374	SVO	NA_D	1	2	1	6.362	2.789
Spanish_2.8	4331361	SVO	AND_	1	2	3	6.421	2.762
Spanish_2.8	7763071	SVO	NA_D	1	2	1	6.406	2.883
Spanish_2.8	8892739	SVO	NA_D	1	2	1	6.386	2.765
Spanish_2.8	9480510	OSV	AND_	1	2	3	6.474	3.081
Swedish_2.8	1966380	SVO	NDA_	2	3	1	7.076	2.713
Swedish_2.8	7068380	SVO	NDA_	2	3	1	7.081	2.446
Swedish_2.8	7080762	SVO	ADN_	2	1	3	7.058	2.555
Swedish_2.8	8164648	SVO	ADN_	2	1	3	7.022	2.583
Swedish_2.8	818044	SVO	NDA_	2	3	1	7.038	2.676
Thai_2.8	4675872	OSV	A_ND	2	1	1	6.486	2.963
Thai_2.8	4808880	SOV	DNA_	3	2	1	6.527	2.673
Thai_2.8	6243320	SVO	DAN_	3	1	2	6.494	2.625
Thai_2.8	7559805	OSV	A_ND	2	1	1	6.455	2.872
Thai_2.8	874093	SVO	DAN_	3	1	2	6.526	2.668
Thai_2.8	9038321	SVO	A_ND	2	1	1	6.491	2.715
Thai_2.8	9384870	OSV	DAN_	3	1	2	6.501	2.969
Thai_2.8	9560773	OSV	NA_D	1	2	1	6.49	2.926
Turkish_2.8	1040406	SOV	AND_	1	2	3	8.297	2.318
Turkish_2.8	1114023	OSV	AND_	1	2	3	8.292	2.297
Turkish_2.8	1345388	SOV	AND_	1	2	3	8.34	2.249
Turkish_2.8	2697666	OSV	NAD_	1	3	2	8.293	2.303
Turkish_2.8	4444375	SOV	AND_	1	2	3	8.284	2.346
Turkish_2.8	45139	SOV	AND_	1	2	3	8.285	2.344
Turkish_2.8	6654495	SOV	AND_	1	2	3	8.285	2.342
Ukrainian_2.8	3008388	OSV	NDA_	2	3	1	8.632	2.695
Ukrainian_2.8	6710181	SVO	NDA_	2	3	1	8.63	2.671
Ukrainian_2.8	6734492	SOV	NDA_	2	3	1	8.634	2.942
Ukrainian_2.8	6792234	SVO	NDA_	2	3	1	8.63	2.766
Ukrainian_2.8	6815094	SVO	DA_N	2	1	1	8.64	2.719
Ukrainian_2.8	731312	SVO	DNA_	3	2	1	8.632	2.683
Ukrainian_2.8	7514970	SVO	NDA_	2	3	1	8.65	2.623
Ukrainian_2.8	9570948	SVO	DAN_	3	1	2	8.645	2.862
Upper_Sorbian_2.8	1759295	OSV	NA_D	1	2	1	7.344	2.552
Upper_Sorbian_2.8	178539	SVO	A_DN	1	2	1	7.347	2.716
Upper_Sorbian_2.8	3363074	OSV	DNA_	3	2	1	7.394	2.569
Upper_Sorbian_2.8	5074002	SVO	A_DN	1	2	1	7.364	2.663
Upper_Sorbian_2.8	6481968	OSV	NA_D	1	2	1	7.322	2.681
Upper_Sorbian_2.8	7120665	SVO	NA_D	1	2	1	7.34	2.634
Upper_Sorbian_2.8	7508651	SVO	AD_N	1	1	2	7.351	2.617
Upper_Sorbian_2.8	7976514	OSV	A_DN	1	2	1	7.342	2.604
Urdu_2.8	1029960	SVO	NAD_	1	3	2	5.949	3.157
Urdu_2.8	1185884	SVO	NDA_	2	3	1	6.302	6.531
Urdu_2.8	2186578	OSV	NAD_	1	3	2	5.957	3.179
Urdu_2.8	4743531	SVO	NDA_	2	3	1	5.823	3.01
Urdu_2.8	5608438	SVO	NDA_	2	3	1	5.823	3.001
Urdu_2.8	5877086	SVO	NAD_	1	3	2	6.203	3.291
Urdu_2.8	9359836	SVO	NDA_	2	3	1	5.824	3.001
Urdu_2.8	9773214	SVO	NAD_	1	3	2	5.958	3.184
Uyghur_2.8	2091600	OSV	AND_	1	2	3	8.184	2.418
Uyghur_2.8	2244213	SVO	NAD_	1	3	2	8.254	2.292
Uyghur_2.8	2503897	OSV	ADN_	2	1	3	8.182	2.424
Uyghur_2.8	6574593	SOV	DAN_	3	1	2	8.183	2.485
Uyghur_2.8	8820220	SOV	ADN_	2	1	3	8.184	2.417
Uyghur_2.8	960566	OSV	AND_	1	2	3	8.158	2.453
Uyghur_2.8	9670421	OSV	DNA_	3	2	1	8.178	2.377
Vietnamese_2.8	2351814	SOV	A_DN	1	2	1	6.605	2.494
Vietnamese_2.8	4381534	SOV	NAD_	1	3	2	6.578	2.614
Vietnamese_2.8	8040206	SOV	NA_D	1	2	1	6.636	2.518
Welsh_2.8	1660402	OSV	A_ND	2	1	1	6.192	2.387
Welsh_2.8	4156828	OSV	A_ND	2	1	1	6.19	2.418
Welsh_2.8	4617210	SVO	DAN_	3	1	2	6.173	2.396
Welsh_2.8	6237580	OSV	A_ND	2	1	1	6.202	2.423
Welsh_2.8	7588325	OSV	A_ND	2	1	1	6.174	2.375
Welsh_2.8	7782459	OSV	A_ND	2	1	1	6.227	2.379
Welsh_2.8	8673540	OSV	DNA_	3	2	1	6.194	2.34
Welsh_2.8	9827068	OSV	DNA_	3	2	1	6.209	2.514
Welsh_2.8	9941639	SVO	DAN_	3	1	2	6.221	2.544
Western_Armenian_2.8	2435153	OSV	AD_N	1	1	2	7.859	2.721
Western_Armenian_2.8	305645	OSV	AD_N	1	1	2	7.858	2.691
Western_Armenian_2.8	3502526	OSV	AD_N	1	1	2	7.857	2.835
Western_Armenian_2.8	4765831	OSV	NAD_	1	3	2	7.858	2.733
Western_Armenian_2.8	7503613	OSV	AD_N	1	1	2	7.889	2.657
Western_Armenian_2.8	8028205	SVO	AN_D	1	1	2	7.889	2.642
Western_Armenian_2.8	8203443	SVO	AN_D	1	1	2	7.858	2.701
Western_Armenian_2.8	9560493	SVO	NA_D	1	2	1	7.909	2.693
Wolof_2.8	1166884	SVO	A_DN	1	2	1	6.012	2.748
Wolof_2.8	264321	SVO	NAD_	1	3	2	5.836	2.699
Wolof_2.8	2663932	SVO	NDA_	2	3	1	5.862	2.923
Wolof_2.8	4040411	SVO	NDA_	2	3	1	5.867	2.726
Wolof_2.8	4605726	SVO	NAD_	1	3	2	5.869	2.691
Wolof_2.8	4828180	SVO	NAD_	1	3	2	5.847	2.871
Wolof_2.8	5322030	SVO	A_DN	1	2	1	5.869	2.853
Wolof_2.8	5594229	SVO	A_ND	2	1	1	5.89	2.735
Wolof_2.8	5757949	SVO	NAD_	1	3	2	5.842	2.886
Wolof_2.8	7394007	SVO	NDA_	2	3	1	5.841	2.859
Wolof_2.8	8185004	SVO	NAD_	1	3	2	5.847	2.868
Wolof_2.8	835341	SVO	A_ND	2	1	1	5.904	2.797
Wolof_2.8	956908	SVO	A_ND	2	1	1	5.895	3.015
