language	ID	basic	np	Dist_D	Dist_N	Dist_A
Afrikaans_2.6	1789056	SVO	DNA_	3	2	1
Afrikaans_2.6	2722100	SVO	NA_D	1	2	1
Afrikaans_2.6	7691131	SVO	NA_D	1	2	1
Afrikaans_2.6	8608227	SVO	DNA_	3	2	1
Afrikaans_2.6	8682145	SVO	A_ND	2	1	1
Afrikaans_2.6	9785640	SVO	A_ND	2	1	1
Afrikaans_2.6	163641	SVO	A_ND	2	1	1
Afrikaans_2.6	4657612	OSV	AND_	1	2	3
Afrikaans_2.6	6242435	SVO	A_ND	2	1	1
Afrikaans_2.6	7943553	OSV	AN_D	1	1	2
Afrikaans_2.6	3586106	SOV	A_DN	1	2	1
Afrikaans_2.6	6104696	SVO	A_ND	2	1	1
Afrikaans_2.6	772212	SVO	NA_D	1	2	1
Afrikaans_2.6	4279942	SVO	A_ND	2	1	1
Afrikaans_2.8	1581587	SVO	A_ND	2	1	1
Afrikaans_2.8	1713189	SOV	NAD_	1	3	2
Afrikaans_2.8	3305060	SVO	A_ND	2	1	1
Afrikaans_2.8	330736	SVO	A_ND	2	1	1
Afrikaans_2.8	350892	SVO	A_ND	2	1	1
Afrikaans_2.8	4183401	SVO	A_ND	2	1	1
Afrikaans_2.8	445551	SOV	DA_N	2	1	1
Afrikaans_2.8	5389469	SVO	AN_D	1	1	2
Afrikaans_2.8	675874	SVO	AN_D	1	1	2
Afrikaans_2.8	8817953	OSV	A_ND	2	1	1
Afrikaans_2.8	9083337	SVO	DAN_	3	1	2
Afrikaans_2.8	9092691	SOV	AN_D	1	1	2
Afrikaans_2.8	9541751	SOV	DA_N	2	1	1
Afrikaans_2.8	9843225	OSV	A_ND	2	1	1
Akkadian_2.7	4216657	SVO	AN_D	1	1	2
Akkadian_2.7	5336199	SOV	NDA_	2	3	1
Akkadian_2.7	7356971	SOV	AD_N	1	1	2
Akkadian_2.7	8304382	SVO	AN_D	1	1	2
Akkadian_2.7	9910638	SOV	DA_N	2	1	1
Akkadian_2.8	1224853	SVO	DNA_	3	2	1
Akkadian_2.8	1501031	OSV	A_ND	2	1	1
Akkadian_2.8	1841071	SVO	DNA_	3	2	1
Akkadian_2.8	2425600	OSV	DNA_	3	2	1
Akkadian_2.8	2765063	OSV	DNA_	3	2	1
Akkadian_2.8	356810	SVO	DNA_	3	2	1
Akkadian_2.8	4079063	SOV	DNA_	3	2	1
Akkadian_2.8	4688149	SVO	DNA_	3	2	1
Akkadian_2.8	5249423	SOV	DA_N	2	1	1
Akkadian_2.8	5506569	SVO	AND_	1	2	3
Akkadian_2.8	6440320	SOV	DNA_	3	2	1
Akkadian_2.8	6619426	SOV	DNA_	3	2	1
Akkadian_2.8	6803690	OSV	DNA_	3	2	1
Akkadian_2.8	8828041	OSV	DNA_	3	2	1
Akkadian_2.8	9523638	OSV	NDA_	2	3	1
Amharic_2.6	1225246	SOV	AN_D	1	1	2
Amharic_2.6	1310436	SOV	AN_D	1	1	2
Amharic_2.6	1506211	SVO	AN_D	1	1	2
Amharic_2.6	1618609	SOV	NA_D	1	2	1
Amharic_2.6	1955136	OSV	ADN_	2	1	3
Amharic_2.6	2102103	OSV	AND_	1	2	3
Amharic_2.6	272223	SVO	AN_D	1	1	2
Amharic_2.6	4687743	SVO	AND_	1	2	3
Amharic_2.6	5262888	SOV	NA_D	1	2	1
Amharic_2.6	5382348	OSV	AND_	1	2	3
Amharic_2.6	6000098	SVO	AN_D	1	1	2
Amharic_2.6	6091860	SOV	AN_D	1	1	2
Amharic_2.6	6971372	SOV	AD_N	1	1	2
Amharic_2.6	7097174	SOV	AD_N	1	1	2
Amharic_2.6	7339696	SOV	NDA_	2	3	1
Amharic_2.6	9306339	SOV	AD_N	1	1	2
Amharic_2.6	9474104	SVO	AND_	1	2	3
Amharic_2.6	9597969	OSV	DAN_	3	1	2
Amharic_2.8	2126540	SOV	AD_N	1	1	2
Amharic_2.8	2892807	SOV	AD_N	1	1	2
Amharic_2.8	293396	SOV	AND_	1	2	3
Amharic_2.8	3294355	SOV	DA_N	2	1	1
Amharic_2.8	3295362	SVO	AN_D	1	1	2
Amharic_2.8	355135	SOV	AD_N	1	1	2
Amharic_2.8	3784582	SOV	NA_D	1	2	1
Amharic_2.8	4106730	SOV	NA_D	1	2	1
Amharic_2.8	4493277	SOV	NA_D	1	2	1
Amharic_2.8	6974911	SVO	AN_D	1	1	2
Amharic_2.8	7178369	SOV	DAN_	3	1	2
Amharic_2.8	7518803	SOV	NA_D	1	2	1
Amharic_2.8	7570837	SOV	AN_D	1	1	2
Amharic_2.8	8567282	SOV	NA_D	1	2	1
Amharic_2.8	8915474	SOV	NA_D	1	2	1
Amharic_2.8	9187104	SOV	DA_N	2	1	1
Amharic_2.8	9350922	SOV	NA_D	1	2	1
Ancient_Greek_2.6	2436928	SOV	A_DN	1	2	1
Ancient_Greek_2.6	5681787	SOV	NAD_	1	3	2
Ancient_Greek_2.6	577944	SOV	NAD_	1	3	2
Ancient_Greek_2.6	5830251	SOV	NAD_	1	3	2
Ancient_Greek_2.6	6248978	SOV	A_DN	1	2	1
Ancient_Greek_2.6	6494358	SVO	AN_D	1	1	2
Ancient_Greek_2.6	6525473	SVO	AN_D	1	1	2
Ancient_Greek_2.6	6881623	SOV	NAD_	1	3	2
Ancient_Greek_2.6	7909102	SOV	NAD_	1	3	2
Ancient_Greek_2.6	8896120	SVO	AN_D	1	1	2
Ancient_Greek_2.6	9132175	SVO	AN_D	1	1	2
Ancient_Greek_2.6	9281782	SOV	A_DN	1	2	1
Ancient_Greek_2.6	8399702	SVO	AD_N	1	1	2
Ancient_Greek_2.6	2274802	SVO	AD_N	1	1	2
Ancient_Greek_2.6	2787781	SOV	A_DN	1	2	1
Ancient_Greek_2.6	2799862	OSV	NAD_	1	3	2
Ancient_Greek_2.6	5125385	SVO	AN_D	1	1	2
Ancient_Greek_2.6	5428192	SOV	NAD_	1	3	2
Ancient_Greek_2.6	6469964	SVO	NAD_	1	3	2
Ancient_Greek_2.6	7155838	SOV	NAD_	1	3	2
Ancient_Greek_2.6	7405488	OSV	NAD_	1	3	2
Ancient_Greek_2.6	6644836	SOV	NAD_	1	3	2
Ancient_Greek_2.6	5407235	SVO	AD_N	1	1	2
Ancient_Greek_2.6	6356476	SVO	AN_D	1	1	2
Ancient_Greek_2.6	8828427	SVO	AD_N	1	1	2
Ancient_Greek_2.8	1529492	SVO	AD_N	1	1	2
Ancient_Greek_2.8	1889669	SOV	A_ND	2	1	1
Ancient_Greek_2.8	4453061	SVO	AN_D	1	1	2
Ancient_Greek_2.8	7575457	SVO	AD_N	1	1	2
Ancient_Greek_2.8	7689025	SOV	AD_N	1	1	2
Ancient_Greek_2.8	7956638	SVO	AD_N	1	1	2
Ancient_Greek_2.8	8257737	SVO	AN_D	1	1	2
Ancient_Greek_2.8	9559964	SVO	AD_N	1	1	2
Arabic_2.6	1020415	SOV	NA_D	1	2	1
Arabic_2.6	1213342	SOV	ADN_	2	1	3
Arabic_2.6	371580	SOV	DNA_	3	2	1
Arabic_2.6	4400468	SOV	DAN_	3	1	2
Arabic_2.6	4590384	SOV	DNA_	3	2	1
Arabic_2.6	8479422	SOV	NA_D	1	2	1
Arabic_2.6	9105625	SOV	DNA_	3	2	1
Arabic_2.6	9290466	SOV	A_ND	2	1	1
Arabic_2.6	9915380	SOV	DNA_	3	2	1
Arabic_2.6	1135478	SVO	A_DN	1	2	1
Arabic_2.6	2427205	SOV	DNA_	3	2	1
Arabic_2.6	6388407	SOV	NDA_	2	3	1
Arabic_2.6	9614956	SOV	DNA_	3	2	1
Arabic_2.6	170449	OSV	AND_	1	2	3
Arabic_2.6	1930711	OSV	DAN_	3	1	2
Arabic_2.6	2948284	OSV	AN_D	1	1	2
Arabic_2.6	4452271	SOV	NA_D	1	2	1
Arabic_2.6	4625874	OSV	AND_	1	2	3
Arabic_2.6	8643782	SVO	AND_	1	2	3
Arabic_2.6	86950	SVO	AN_D	1	1	2
Arabic_2.6	9293547	OSV	AND_	1	2	3
Arabic_2.6	9811795	SVO	AN_D	1	1	2
Arabic_2.6	5379194	SOV	ADN_	2	1	3
Arabic_2.6	3524388	SOV	DNA_	3	2	1
Arabic_2.8	252333	SOV	A_ND	2	1	1
Arabic_2.8	4069492	SOV	NDA_	2	3	1
Arabic_2.8	4840988	SOV	NDA_	2	3	1
Arabic_2.8	4927136	SOV	NDA_	2	3	1
Arabic_2.8	4962012	SOV	NDA_	2	3	1
Arabic_2.8	5425761	SOV	DAN_	3	1	2
Arabic_2.8	571691	SOV	DAN_	3	1	2
Arabic_2.8	6192891	SOV	DNA_	3	2	1
Arabic_2.8	6613909	SOV	NDA_	2	3	1
Arabic_2.8	6896147	SOV	DNA_	3	2	1
Arabic_2.8	951143	SOV	NDA_	2	3	1
Armenian_2.6	1861153	SOV	DAN_	3	1	2
Armenian_2.6	2488533	SOV	DAN_	3	1	2
Armenian_2.6	2508151	SVO	DNA_	3	2	1
Armenian_2.6	456879	SOV	AN_D	1	1	2
Armenian_2.6	5323728	SOV	DAN_	3	1	2
Armenian_2.6	5527318	SOV	DNA_	3	2	1
Armenian_2.6	623319	SOV	ADN_	2	1	3
Armenian_2.6	8333325	SVO	NDA_	2	3	1
Armenian_2.6	8413026	SOV	DNA_	3	2	1
Armenian_2.6	8657446	SVO	NA_D	1	2	1
Armenian_2.6	8773855	OSV	DAN_	3	1	2
Armenian_2.6	9962375	SVO	DAN_	3	1	2
Armenian_2.6	9993170	SVO	DAN_	3	1	2
Armenian_2.6	8653587	OSV	A_ND	2	1	1
Armenian_2.6	1578657	SVO	AND_	1	2	3
Armenian_2.6	2476179	SOV	DAN_	3	1	2
Armenian_2.6	2593518	SVO	DAN_	3	1	2
Armenian_2.6	360309	OSV	DNA_	3	2	1
Armenian_2.6	3741357	SVO	DAN_	3	1	2
Armenian_2.6	5423069	SVO	DAN_	3	1	2
Armenian_2.6	6297037	SVO	AND_	1	2	3
Armenian_2.6	6769335	SVO	NA_D	1	2	1
Armenian_2.6	7368504	OSV	DNA_	3	2	1
Armenian_2.6	9489346	SVO	DAN_	3	1	2
Armenian_2.6	257349	SOV	A_ND	2	1	1
Armenian_2.6	3613805	SOV	A_ND	2	1	1
Armenian_2.6	7266666	SOV	A_DN	1	2	1
Armenian_2.6	8183017	SVO	ADN_	2	1	3
Armenian_2.8	1746235	SOV	A_ND	2	1	1
Armenian_2.8	1786057	SVO	DA_N	2	1	1
Armenian_2.8	2548616	OSV	DNA_	3	2	1
Armenian_2.8	2580061	SOV	A_ND	2	1	1
Armenian_2.8	2756118	OSV	NA_D	1	2	1
Armenian_2.8	2782437	SOV	NA_D	1	2	1
Armenian_2.8	3124861	OSV	A_ND	2	1	1
Armenian_2.8	4676434	SOV	NDA_	2	3	1
Armenian_2.8	5201008	SOV	A_DN	1	2	1
Armenian_2.8	6229436	OSV	A_ND	2	1	1
Armenian_2.8	6503439	SOV	A_ND	2	1	1
Armenian_2.8	6852609	SVO	DA_N	2	1	1
Armenian_2.8	7350422	SVO	DNA_	3	2	1
Armenian_2.8	8928624	SVO	DA_N	2	1	1
Bambara_2.6	3085160	SOV	NDA_	2	3	1
Bambara_2.6	3730827	SVO	AN_D	1	1	2
Bambara_2.6	406673	SVO	NA_D	1	2	1
Bambara_2.6	4251903	SOV	A_DN	1	2	1
Bambara_2.6	5215135	SVO	AN_D	1	1	2
Bambara_2.6	5436452	SOV	A_DN	1	2	1
Bambara_2.6	5867922	SOV	A_DN	1	2	1
Bambara_2.6	6140652	SVO	A_DN	1	2	1
Bambara_2.6	6260963	SVO	AN_D	1	1	2
Bambara_2.6	7463050	SVO	DNA_	3	2	1
Bambara_2.6	7908174	SVO	NA_D	1	2	1
Bambara_2.6	8717410	SOV	A_ND	2	1	1
Bambara_2.6	9169801	OSV	A_DN	1	2	1
Bambara_2.6	9830261	SOV	A_DN	1	2	1
Bambara_2.6	6070641	SVO	DAN_	3	1	2
Bambara_2.8	1693315	SOV	NDA_	2	3	1
Bambara_2.8	1937568	SOV	A_ND	2	1	1
Bambara_2.8	2310636	SOV	DAN_	3	1	2
Bambara_2.8	3479426	SOV	A_ND	2	1	1
Bambara_2.8	3519541	SOV	A_ND	2	1	1
Bambara_2.8	3900642	SVO	DNA_	3	2	1
Bambara_2.8	496724	SOV	A_DN	1	2	1
Bambara_2.8	6772117	SOV	NDA_	2	3	1
Bambara_2.8	7410564	SOV	A_ND	2	1	1
Bambara_2.8	7653752	SOV	A_ND	2	1	1
Bambara_2.8	910463	SOV	A_ND	2	1	1
Bambara_2.8	9285076	SOV	NA_D	1	2	1
Bambara_2.8	9332534	SVO	A_DN	1	2	1
Bambara_2.8	9709396	SOV	A_DN	1	2	1
Basque_2.6	3495472	SOV	NDA_	2	3	1
Basque_2.6	4801999	SOV	NDA_	2	3	1
Basque_2.6	7274567	SOV	NDA_	2	3	1
Basque_2.6	9370508	SOV	NDA_	2	3	1
Basque_2.6	4364940	SOV	DNA_	3	2	1
Basque_2.6	5334697	SOV	DNA_	3	2	1
Basque_2.6	6515194	SOV	DNA_	3	2	1
Basque_2.6	8714241	SOV	DNA_	3	2	1
Basque_2.6	2701800	OSV	NDA_	2	3	1
Basque_2.6	280204	SOV	NDA_	2	3	1
Basque_2.6	3329206	SOV	NDA_	2	3	1
Basque_2.6	3800338	SOV	NAD_	1	3	2
Basque_2.6	5107440	SOV	NDA_	2	3	1
Basque_2.6	5483577	SOV	NDA_	2	3	1
Basque_2.6	5517089	SOV	NDA_	2	3	1
Basque_2.6	6226421	SOV	NDA_	2	3	1
Basque_2.6	6392200	SOV	NDA_	2	3	1
Basque_2.6	7016936	SOV	NDA_	2	3	1
Basque_2.6	7083023	OSV	NDA_	2	3	1
Basque_2.6	8366599	SOV	NDA_	2	3	1
Basque_2.6	9039773	SOV	NDA_	2	3	1
Basque_2.6	2986672	SOV	NDA_	2	3	1
Basque_2.6	2124128	SOV	DNA_	3	2	1
Basque_2.6	8987114	SOV	DNA_	3	2	1
Basque_2.8	1387248	SOV	DNA_	3	2	1
Basque_2.8	169537	SOV	A_ND	2	1	1
Basque_2.8	2083187	SOV	DNA_	3	2	1
Basque_2.8	4483820	SVO	A_ND	2	1	1
Basque_2.8	4511002	SOV	DNA_	3	2	1
Basque_2.8	6259078	SOV	DNA_	3	2	1
Basque_2.8	7052915	SOV	NDA_	2	3	1
Basque_2.8	7725252	SOV	A_ND	2	1	1
Basque_2.8	8115018	SOV	DAN_	3	1	2
Basque_2.8	8607550	SOV	DNA_	3	2	1
Basque_2.8	9866001	SOV	NDA_	2	3	1
Belarusian_2.6	1225880	SVO	A_ND	2	1	1
Belarusian_2.6	498729	SVO	DA_N	2	1	1
Belarusian_2.6	8169896	SOV	NA_D	1	2	1
Belarusian_2.8	1813230	SVO	A_ND	2	1	1
Belarusian_2.8	2522814	SVO	A_DN	1	2	1
Belarusian_2.8	2602566	SVO	DA_N	2	1	1
Belarusian_2.8	3248184	SVO	DA_N	2	1	1
Belarusian_2.8	4355900	SVO	DA_N	2	1	1
Belarusian_2.8	4450849	SOV	A_ND	2	1	1
Belarusian_2.8	4715236	SVO	DA_N	2	1	1
Belarusian_2.8	4861379	SVO	DA_N	2	1	1
Belarusian_2.8	5063186	SVO	DA_N	2	1	1
Belarusian_2.8	5894202	SOV	A_ND	2	1	1
Belarusian_2.8	7917795	SVO	NA_D	1	2	1
Belarusian_2.8	8843707	SVO	NDA_	2	3	1
Belarusian_2.8	9857819	SVO	DA_N	2	1	1
Breton_2.6	1817533	OSV	A_ND	2	1	1
Breton_2.6	2364945	SOV	ADN_	2	1	3
Breton_2.6	2682439	SOV	ADN_	2	1	3
Breton_2.6	3784906	OSV	ADN_	2	1	3
Breton_2.6	404367	SOV	DAN_	3	1	2
Breton_2.6	5132158	OSV	ADN_	2	1	3
Breton_2.6	8019042	SVO	A_ND	2	1	1
Breton_2.6	1383912	SOV	DA_N	2	1	1
Breton_2.6	2232619	SOV	DAN_	3	1	2
Breton_2.6	3515152	OSV	DA_N	2	1	1
Breton_2.6	3881410	SOV	A_ND	2	1	1
Breton_2.6	3916689	OSV	DA_N	2	1	1
Breton_2.6	4107663	OSV	AND_	1	2	3
Breton_2.6	5071397	SOV	DAN_	3	1	2
Breton_2.6	6049480	SOV	A_ND	2	1	1
Breton_2.6	6130342	OSV	DA_N	2	1	1
Breton_2.6	7176834	SOV	DAN_	3	1	2
Breton_2.6	7587197	OSV	AN_D	1	1	2
Breton_2.6	8302267	OSV	A_ND	2	1	1
Breton_2.8	1166204	SVO	DA_N	2	1	1
Breton_2.8	1609231	SOV	ADN_	2	1	3
Breton_2.8	2313359	OSV	A_ND	2	1	1
Breton_2.8	2846534	OSV	AN_D	1	1	2
Breton_2.8	4358370	SOV	A_ND	2	1	1
Breton_2.8	5694890	OSV	AN_D	1	1	2
Breton_2.8	6099633	SOV	ADN_	2	1	3
Breton_2.8	6653339	SOV	DAN_	3	1	2
Breton_2.8	6847734	OSV	A_ND	2	1	1
Breton_2.8	725082	SOV	ADN_	2	1	3
Breton_2.8	7340055	OSV	A_ND	2	1	1
Breton_2.8	8441442	SOV	ADN_	2	1	3
Breton_2.8	8994011	SOV	ADN_	2	1	3
Breton_2.8	9422053	SOV	DAN_	3	1	2
Breton_2.8	9875896	OSV	A_ND	2	1	1
Bulgarian_2.6	1352953	SOV	NDA_	2	3	1
Bulgarian_2.6	3342662	OSV	NDA_	2	3	1
Bulgarian_2.6	4036181	SOV	NDA_	2	3	1
Bulgarian_2.6	6931870	SOV	NAD_	1	3	2
Bulgarian_2.6	7078983	OSV	NDA_	2	3	1
Bulgarian_2.6	8222155	SOV	NDA_	2	3	1
Bulgarian_2.6	9152840	SOV	NDA_	2	3	1
Bulgarian_2.6	938340	SOV	NAD_	1	3	2
Bulgarian_2.6	9604695	SOV	NDA_	2	3	1
Bulgarian_2.6	4021985	SOV	NA_D	1	2	1
Bulgarian_2.6	3065621	OSV	NAD_	1	3	2
Bulgarian_2.6	4107166	OSV	DNA_	3	2	1
Bulgarian_2.6	4161710	SOV	DNA_	3	2	1
Bulgarian_2.6	4187690	OSV	NAD_	1	3	2
Bulgarian_2.6	4998419	SOV	NDA_	2	3	1
Bulgarian_2.6	5936733	SOV	NAD_	1	3	2
Bulgarian_2.6	6169452	OSV	NDA_	2	3	1
Bulgarian_2.6	6766907	SOV	NDA_	2	3	1
Bulgarian_2.6	8232544	OSV	AND_	1	2	3
Bulgarian_2.6	9094828	SOV	NDA_	2	3	1
Bulgarian_2.6	9729205	SOV	NDA_	2	3	1
Bulgarian_2.6	374597	SOV	NDA_	2	3	1
Bulgarian_2.6	2537901	SOV	AN_D	1	1	2
Bulgarian_2.8	1081214	SOV	DA_N	2	1	1
Bulgarian_2.8	1516573	SOV	NA_D	1	2	1
Bulgarian_2.8	1818556	SOV	DA_N	2	1	1
Bulgarian_2.8	2911914	SOV	NA_D	1	2	1
Bulgarian_2.8	3396228	SVO	NA_D	1	2	1
Bulgarian_2.8	4140888	SOV	AN_D	1	1	2
Bulgarian_2.8	5032812	SOV	AD_N	1	1	2
Bulgarian_2.8	5262974	SVO	AN_D	1	1	2
Bulgarian_2.8	6025447	SOV	DA_N	2	1	1
Bulgarian_2.8	669866	SOV	DA_N	2	1	1
Bulgarian_2.8	6707559	SOV	AN_D	1	1	2
Bulgarian_2.8	8937703	SOV	DA_N	2	1	1
Bulgarian_2.8	9312164	SOV	AN_D	1	1	2
Bulgarian_2.8	9382053	SOV	NA_D	1	2	1
Buryat_2.6	1309749	SOV	DA_N	2	1	1
Buryat_2.6	4107770	SOV	NDA_	2	3	1
Buryat_2.6	5402396	SOV	DAN_	3	1	2
Buryat_2.6	2452140	OSV	NDA_	2	3	1
Buryat_2.6	3800836	SOV	DNA_	3	2	1
Buryat_2.6	3834456	SOV	NDA_	2	3	1
Buryat_2.6	420046	OSV	DNA_	3	2	1
Buryat_2.6	4617018	SOV	DAN_	3	1	2
Buryat_2.6	5473824	SOV	NDA_	2	3	1
Buryat_2.6	7797460	SOV	AND_	1	2	3
Buryat_2.6	9469137	SVO	NA_D	1	2	1
Buryat_2.6	9782137	SOV	DAN_	3	1	2
Buryat_2.6	2146671	SOV	NDA_	2	3	1
Buryat_2.6	4890962	SOV	NDA_	2	3	1
Buryat_2.8	1324877	SVO	NAD_	1	3	2
Buryat_2.8	2811522	SOV	DNA_	3	2	1
Buryat_2.8	2998676	SOV	NDA_	2	3	1
Buryat_2.8	3045690	SVO	NAD_	1	3	2
Buryat_2.8	3718572	SOV	DA_N	2	1	1
Buryat_2.8	5266532	SOV	A_DN	1	2	1
Buryat_2.8	624829	SVO	NDA_	2	3	1
Buryat_2.8	64624	SOV	DNA_	3	2	1
Buryat_2.8	6550325	SOV	AN_D	1	1	2
Buryat_2.8	7931757	SOV	DNA_	3	2	1
Buryat_2.8	83210	SOV	A_DN	1	2	1
Buryat_2.8	8726543	SVO	NDA_	2	3	1
Buryat_2.8	8975596	SOV	A_DN	1	2	1
Cantonese_2.6	3827064	SOV	DNA_	3	2	1
Cantonese_2.6	1956835	SOV	ADN_	2	1	3
Cantonese_2.6	2167292	SOV	ADN_	2	1	3
Cantonese_2.6	232819	SVO	ADN_	2	1	3
Cantonese_2.6	3111223	SOV	ADN_	2	1	3
Cantonese_2.6	6584010	SOV	ADN_	2	1	3
Cantonese_2.6	7414793	OSV	AND_	1	2	3
Cantonese_2.6	8611593	OSV	AND_	1	2	3
Cantonese_2.6	9130877	SOV	DAN_	3	1	2
Cantonese_2.6	5629967	SOV	NA_D	1	2	1
Cantonese_2.6	6153523	SOV	ADN_	2	1	3
Cantonese_2.8	3528255	SOV	ADN_	2	1	3
Cantonese_2.8	3931732	SOV	DNA_	3	2	1
Cantonese_2.8	3964288	SVO	ADN_	2	1	3
Cantonese_2.8	4719632	SVO	DNA_	3	2	1
Cantonese_2.8	6416402	SOV	NDA_	2	3	1
Cantonese_2.8	7841013	SOV	DNA_	3	2	1
Cantonese_2.8	8046057	SOV	NA_D	1	2	1
Cantonese_2.8	9037550	SOV	ADN_	2	1	3
Cantonese_2.8	930877	SOV	ADN_	2	1	3
Cantonese_2.8	9596656	SOV	NA_D	1	2	1
Catalan_2.6	1747154	SOV	A_DN	1	2	1
Catalan_2.6	1880958	SOV	NA_D	1	2	1
Catalan_2.6	2088999	SOV	A_ND	2	1	1
Catalan_2.6	2731079	SOV	A_DN	1	2	1
Catalan_2.6	4134203	SOV	A_DN	1	2	1
Catalan_2.6	5551909	SOV	A_DN	1	2	1
Catalan_2.6	649057	SOV	A_DN	1	2	1
Catalan_2.6	6720536	SOV	A_DN	1	2	1
Catalan_2.6	9972946	SOV	A_DN	1	2	1
Catalan_2.6	7879741	SOV	NA_D	1	2	1
Catalan_2.6	1911528	SVO	A_DN	1	2	1
Catalan_2.6	1971947	SVO	A_DN	1	2	1
Catalan_2.6	202752	SVO	A_DN	1	2	1
Catalan_2.6	2130443	SVO	AN_D	1	1	2
Catalan_2.6	2579788	SOV	A_DN	1	2	1
Catalan_2.6	4908932	SVO	A_DN	1	2	1
Catalan_2.6	7296189	SVO	A_DN	1	2	1
Catalan_2.6	9302258	SVO	A_DN	1	2	1
Catalan_2.6	9524022	SVO	A_DN	1	2	1
Catalan_2.6	9651733	SOV	A_DN	1	2	1
Catalan_2.6	2452837	SOV	A_DN	1	2	1
Catalan_2.6	7292226	SOV	A_DN	1	2	1
Catalan_2.6	3262865	SOV	A_DN	1	2	1
Catalan_2.8	1651985	SOV	A_DN	1	2	1
Catalan_2.8	190872	SOV	NA_D	1	2	1
Catalan_2.8	3035663	OSV	A_DN	1	2	1
Catalan_2.8	3945042	SOV	A_DN	1	2	1
Catalan_2.8	4055346	SOV	NA_D	1	2	1
Catalan_2.8	5340684	SOV	A_DN	1	2	1
Catalan_2.8	5514182	SOV	A_DN	1	2	1
Catalan_2.8	7003377	SOV	NA_D	1	2	1
Catalan_2.8	7349434	SOV	A_DN	1	2	1
Catalan_2.8	7444105	SOV	A_DN	1	2	1
Catalan_2.8	870137	SOV	NA_D	1	2	1
Catalan_2.8	9287108	OSV	A_DN	1	2	1
Chinese_2.6	1706793	SOV	DNA_	3	2	1
Chinese_2.6	2679406	SOV	A_ND	2	1	1
Chinese_2.6	4681501	SOV	DA_N	2	1	1
Chinese_2.6	591796	SOV	A_ND	2	1	1
Chinese_2.6	6501796	SOV	A_ND	2	1	1
Chinese_2.6	6787793	SOV	A_ND	2	1	1
Chinese_2.6	6819361	SOV	A_ND	2	1	1
Chinese_2.6	9135485	SOV	DAN_	3	1	2
Chinese_2.6	2437458	SVO	A_ND	2	1	1
Chinese_2.6	268452	SOV	DAN_	3	1	2
Chinese_2.6	3434080	SOV	DAN_	3	1	2
Chinese_2.6	4800451	SVO	A_ND	2	1	1
Chinese_2.6	5044583	SOV	AD_N	1	1	2
Chinese_2.6	5313419	OSV	DNA_	3	2	1
Chinese_2.6	6215350	SOV	A_ND	2	1	1
Chinese_2.6	6710121	SOV	DAN_	3	1	2
Chinese_2.6	7302607	OSV	DA_N	2	1	1
Chinese_2.6	7307494	OSV	DNA_	3	2	1
Chinese_2.6	9601409	SVO	DAN_	3	1	2
Chinese_2.6	6246569	SOV	A_ND	2	1	1
Chinese_2.6	2626086	SOV	DA_N	2	1	1
Chinese_2.8	1407160	SOV	ADN_	2	1	3
Chinese_2.8	3441347	SOV	A_ND	2	1	1
Chinese_2.8	542456	SOV	AN_D	1	1	2
Chinese_2.8	5733241	SOV	A_ND	2	1	1
Chinese_2.8	6031227	SOV	AN_D	1	1	2
Chinese_2.8	7665132	SOV	AN_D	1	1	2
Chinese_2.8	770672	SOV	AN_D	1	1	2
Chinese_2.8	8193467	SOV	DA_N	2	1	1
Chinese_2.8	9650796	SOV	DA_N	2	1	1
Chinese_2.8	9876771	SOV	AN_D	1	1	2
Chinese_2.8	9943591	SOV	AD_N	1	1	2
Classical_Chinese_2.6	1077938	SOV	A_ND	2	1	1
Classical_Chinese_2.6	3141277	SOV	A_ND	2	1	1
Classical_Chinese_2.6	3616117	SOV	A_ND	2	1	1
Classical_Chinese_2.6	3648744	SOV	A_ND	2	1	1
Classical_Chinese_2.6	5265677	SOV	DAN_	3	1	2
Classical_Chinese_2.6	8934930	SOV	DAN_	3	1	2
Classical_Chinese_2.6	9223589	SOV	A_ND	2	1	1
Classical_Chinese_2.6	9816734	SOV	A_ND	2	1	1
Classical_Chinese_2.6	2107138	SOV	DAN_	3	1	2
Classical_Chinese_2.6	4550783	SOV	DA_N	2	1	1
Classical_Chinese_2.6	536310	SOV	AN_D	1	1	2
Classical_Chinese_2.6	754032	SOV	DAN_	3	1	2
Classical_Chinese_2.6	8873738	SOV	A_ND	2	1	1
Classical_Chinese_2.6	9608274	SOV	NA_D	1	2	1
Classical_Chinese_2.6	129968	SOV	DNA_	3	2	1
Classical_Chinese_2.6	1328251	SOV	A_ND	2	1	1
Classical_Chinese_2.6	1675529	SOV	A_ND	2	1	1
Classical_Chinese_2.6	2650344	SVO	NAD_	1	3	2
Classical_Chinese_2.6	4617052	SVO	NAD_	1	3	2
Classical_Chinese_2.6	4716206	SOV	DAN_	3	1	2
Classical_Chinese_2.6	8301387	SOV	DAN_	3	1	2
Classical_Chinese_2.6	8778222	SOV	DAN_	3	1	2
Classical_Chinese_2.6	4959157	SOV	AN_D	1	1	2
Classical_Chinese_2.6	3009843	SOV	DAN_	3	1	2
Classical_Chinese_2.6	3176931	SOV	DAN_	3	1	2
Classical_Chinese_2.6	7423619	SOV	A_ND	2	1	1
Classical_Chinese_2.6	7428617	SOV	DA_N	2	1	1
Classical_Chinese_2.8	2003515	SOV	A_DN	1	2	1
Classical_Chinese_2.8	3199978	SOV	DA_N	2	1	1
Classical_Chinese_2.8	3241353	SOV	DA_N	2	1	1
Classical_Chinese_2.8	3259178	SOV	A_ND	2	1	1
Classical_Chinese_2.8	3530255	SOV	DA_N	2	1	1
Classical_Chinese_2.8	4882374	SOV	DNA_	3	2	1
Classical_Chinese_2.8	5545794	SOV	DNA_	3	2	1
Classical_Chinese_2.8	6100349	SOV	DNA_	3	2	1
Classical_Chinese_2.8	8033296	SOV	DNA_	3	2	1
Classical_Chinese_2.8	867817	SOV	A_DN	1	2	1
Classical_Chinese_2.8	934818	SOV	DA_N	2	1	1
Coptic_2.6	1164764	SOV	AN_D	1	1	2
Coptic_2.6	4935038	SOV	AN_D	1	1	2
Coptic_2.6	6875983	SVO	NA_D	1	2	1
Coptic_2.6	8597587	SVO	NA_D	1	2	1
Coptic_2.6	2348322	SVO	AD_N	1	1	2
Coptic_2.6	3105438	SVO	NAD_	1	3	2
Coptic_2.6	979962	SVO	AD_N	1	1	2
Coptic_2.6	1454692	SVO	NA_D	1	2	1
Coptic_2.6	2049852	SVO	AN_D	1	1	2
Coptic_2.6	2817665	SVO	NA_D	1	2	1
Coptic_2.6	2970547	SVO	DA_N	2	1	1
Coptic_2.6	5716925	SVO	AN_D	1	1	2
Coptic_2.6	6696144	SVO	NA_D	1	2	1
Coptic_2.6	7154458	SVO	NA_D	1	2	1
Coptic_2.6	7352131	SVO	NA_D	1	2	1
Coptic_2.6	8637442	SVO	NA_D	1	2	1
Coptic_2.6	8714904	SVO	DA_N	2	1	1
Coptic_2.6	9662444	SVO	NA_D	1	2	1
Coptic_2.6	9795879	SVO	NA_D	1	2	1
Coptic_2.6	9876940	SVO	NA_D	1	2	1
Coptic_2.6	727400	SVO	NA_D	1	2	1
Coptic_2.6	1638372	SOV	A_DN	1	2	1
Coptic_2.6	4164999	SVO	AD_N	1	1	2
Coptic_2.6	9736835	SOV	AD_N	1	1	2
Coptic_2.8	1036987	SVO	DA_N	2	1	1
Coptic_2.8	3221863	SOV	DA_N	2	1	1
Coptic_2.8	4306215	SVO	NDA_	2	3	1
Coptic_2.8	449868	SVO	DA_N	2	1	1
Coptic_2.8	4556810	OSV	ADN_	2	1	3
Coptic_2.8	4688057	SVO	NA_D	1	2	1
Coptic_2.8	5691035	SVO	DAN_	3	1	2
Coptic_2.8	703640	SVO	DNA_	3	2	1
Coptic_2.8	7453249	SVO	NA_D	1	2	1
Coptic_2.8	800580	SVO	NA_D	1	2	1
Coptic_2.8	9679747	SOV	NDA_	2	3	1
Coptic_2.8	9853971	SVO	DA_N	2	1	1
Croatian_2.6	209488	OSV	NAD_	1	3	2
Croatian_2.6	3858845	SOV	DNA_	3	2	1
Croatian_2.6	4412712	OSV	DNA_	3	2	1
Croatian_2.6	683361	SOV	A_ND	2	1	1
Croatian_2.6	7896839	SOV	NA_D	1	2	1
Croatian_2.6	2681221	OSV	NAD_	1	3	2
Croatian_2.6	3754371	SOV	AD_N	1	1	2
Croatian_2.6	439609	OSV	DNA_	3	2	1
Croatian_2.6	8909621	OSV	DA_N	2	1	1
Croatian_2.6	9050268	OSV	DA_N	2	1	1
Croatian_2.6	2192206	SOV	NDA_	2	3	1
Croatian_2.6	2247836	SOV	NDA_	2	3	1
Croatian_2.6	5845120	OSV	AD_N	1	1	2
Croatian_2.8	1920008	SVO	DA_N	2	1	1
Croatian_2.8	1936869	SVO	AD_N	1	1	2
Croatian_2.8	2854210	SVO	DA_N	2	1	1
Croatian_2.8	306933	SOV	DA_N	2	1	1
Croatian_2.8	3466204	SOV	NDA_	2	3	1
Croatian_2.8	3489273	SOV	DA_N	2	1	1
Croatian_2.8	3984552	SOV	DA_N	2	1	1
Croatian_2.8	424398	SOV	AD_N	1	1	2
Croatian_2.8	4690717	SOV	NA_D	1	2	1
Croatian_2.8	7009185	SOV	DA_N	2	1	1
Croatian_2.8	7999719	SOV	DA_N	2	1	1
Croatian_2.8	9738680	SOV	A_ND	2	1	1
Czech_2.8	1958072	SOV	DNA_	3	2	1
Czech_2.8	4924244	SVO	DA_N	2	1	1
Danish_2.6	3917620	SOV	ADN_	2	1	3
Danish_2.6	4982460	SOV	DAN_	3	1	2
Danish_2.6	5200262	SOV	DAN_	3	1	2
Danish_2.6	5621830	SOV	ADN_	2	1	3
Danish_2.6	6057151	SVO	ADN_	2	1	3
Danish_2.6	8195983	SVO	AN_D	1	1	2
Danish_2.6	9963132	SVO	AN_D	1	1	2
Danish_2.6	1257537	SVO	DAN_	3	1	2
Danish_2.6	6039997	OSV	A_ND	2	1	1
Danish_2.6	6239382	SVO	NDA_	2	3	1
Danish_2.6	1551880	OSV	NDA_	2	3	1
Danish_2.6	1820055	OSV	ADN_	2	1	3
Danish_2.6	5950972	OSV	AN_D	1	1	2
Danish_2.6	631722	SOV	NDA_	2	3	1
Danish_2.6	8400710	OSV	AN_D	1	1	2
Danish_2.6	9261404	SOV	AD_N	1	1	2
Danish_2.8	123989	SVO	AN_D	1	1	2
Danish_2.8	1360510	SOV	DAN_	3	1	2
Danish_2.8	1550940	OSV	DA_N	2	1	1
Danish_2.8	1650160	SOV	DAN_	3	1	2
Danish_2.8	1898826	OSV	A_ND	2	1	1
Danish_2.8	303137	SOV	NDA_	2	3	1
Danish_2.8	3420486	OSV	DAN_	3	1	2
Danish_2.8	4498473	OSV	DAN_	3	1	2
Danish_2.8	5128809	SVO	DAN_	3	1	2
Danish_2.8	6667243	OSV	DAN_	3	1	2
Danish_2.8	6823630	SOV	NAD_	1	3	2
Danish_2.8	896775	SVO	DAN_	3	1	2
Danish_2.8	9226249	SOV	DAN_	3	1	2
Danish_2.8	9943015	SOV	NDA_	2	3	1
Dutch_2.6	1595644	OSV	NA_D	1	2	1
Dutch_2.6	4021183	SVO	NA_D	1	2	1
Dutch_2.6	4727726	SOV	NA_D	1	2	1
Dutch_2.6	769016	SVO	NA_D	1	2	1
Dutch_2.6	8717862	OSV	NA_D	1	2	1
Dutch_2.6	9700631	SOV	NA_D	1	2	1
Dutch_2.6	5228378	SOV	A_ND	2	1	1
Dutch_2.6	1025435	SOV	NAD_	1	3	2
Dutch_2.6	1316646	SVO	AN_D	1	1	2
Dutch_2.6	2412197	SVO	NA_D	1	2	1
Dutch_2.6	5793301	SVO	NA_D	1	2	1
Dutch_2.6	5810357	SVO	A_DN	1	2	1
Dutch_2.6	6820563	SVO	AN_D	1	1	2
Dutch_2.6	7375956	SVO	NA_D	1	2	1
Dutch_2.6	9712520	SVO	NA_D	1	2	1
Dutch_2.8	1148561	SVO	NA_D	1	2	1
Dutch_2.8	1155504	SVO	NA_D	1	2	1
Dutch_2.8	192969	SVO	NA_D	1	2	1
Dutch_2.8	2160842	SVO	A_ND	2	1	1
Dutch_2.8	2594602	SOV	NA_D	1	2	1
Dutch_2.8	2605559	SVO	A_ND	2	1	1
Dutch_2.8	3224042	SOV	A_ND	2	1	1
Dutch_2.8	410890	OSV	ADN_	2	1	3
Dutch_2.8	5479716	SVO	A_DN	1	2	1
Dutch_2.8	625378	SOV	NA_D	1	2	1
Dutch_2.8	7772073	SVO	A_DN	1	2	1
Dutch_2.8	8951487	SVO	NA_D	1	2	1
Dutch_2.8	9321477	SVO	AN_D	1	1	2
Dutch_2.8	9370288	SOV	A_ND	2	1	1
English_2.6	134226	SVO	A_ND	2	1	1
English_2.6	1687903	SVO	AN_D	1	1	2
English_2.6	4850609	SVO	AN_D	1	1	2
English_2.6	4983328	SVO	AN_D	1	1	2
English_2.6	7473336	SVO	AN_D	1	1	2
English_2.6	7787765	SVO	AN_D	1	1	2
English_2.6	8269326	SVO	A_ND	2	1	1
English_2.6	2003165	SVO	AN_D	1	1	2
English_2.6	3300803	SVO	NA_D	1	2	1
English_2.6	3228917	SVO	A_ND	2	1	1
English_2.6	3621084	SVO	AN_D	1	1	2
English_2.6	5057084	SVO	AN_D	1	1	2
English_2.6	5614766	OSV	NAD_	1	3	2
English_2.6	5688247	SOV	A_ND	2	1	1
English_2.6	5735246	OSV	NAD_	1	3	2
English_2.6	5852662	OSV	A_ND	2	1	1
English_2.6	8018557	SVO	NA_D	1	2	1
English_2.6	805858	SVO	NA_D	1	2	1
English_2.6	912978	SVO	A_ND	2	1	1
English_2.6	8880749	SVO	A_ND	2	1	1
English_2.8	1596610	SVO	AN_D	1	1	2
English_2.8	3195873	SVO	NA_D	1	2	1
English_2.8	3201604	SVO	AN_D	1	1	2
English_2.8	3388339	SVO	NA_D	1	2	1
English_2.8	3389378	SVO	NA_D	1	2	1
English_2.8	3653725	SVO	AN_D	1	1	2
English_2.8	4250632	SVO	AN_D	1	1	2
English_2.8	5091742	SVO	A_ND	2	1	1
English_2.8	6079031	SVO	NA_D	1	2	1
English_2.8	6997111	SVO	NDA_	2	3	1
English_2.8	7308129	SVO	NA_D	1	2	1
English_2.8	9040636	SVO	NDA_	2	3	1
English_2.8	9337440	SVO	AN_D	1	1	2
English_2.8	980933	OSV	A_ND	2	1	1
English_2.8	9826880	SVO	AN_D	1	1	2
Erzya_2.6	5074990	SVO	A_ND	2	1	1
Erzya_2.6	1035075	SOV	AD_N	1	1	2
Erzya_2.6	1248597	SVO	AD_N	1	1	2
Erzya_2.6	3430040	SOV	NAD_	1	3	2
Erzya_2.6	4391401	SVO	ADN_	2	1	3
Erzya_2.6	5668768	SOV	ADN_	2	1	3
Erzya_2.6	9363600	SVO	NAD_	1	3	2
Erzya_2.6	995223	SOV	A_ND	2	1	1
Erzya_2.6	1236155	SOV	NAD_	1	3	2
Erzya_2.6	4315150	SVO	NAD_	1	3	2
Erzya_2.8	2156591	SVO	AD_N	1	1	2
Erzya_2.8	3245523	SOV	DA_N	2	1	1
Erzya_2.8	3813861	SOV	NDA_	2	3	1
Erzya_2.8	4165228	SOV	DNA_	3	2	1
Erzya_2.8	4684829	SOV	DA_N	2	1	1
Erzya_2.8	5188551	SVO	NDA_	2	3	1
Erzya_2.8	5254736	SOV	DA_N	2	1	1
Erzya_2.8	7045085	SOV	DA_N	2	1	1
Erzya_2.8	7760881	SOV	DNA_	3	2	1
Erzya_2.8	8138694	SVO	NDA_	2	3	1
Erzya_2.8	8159480	SVO	NAD_	1	3	2
Erzya_2.8	90721	SOV	A_DN	1	2	1
Erzya_2.8	990694	SOV	AD_N	1	1	2
Estonian_2.6	1176234	OSV	ADN_	2	1	3
Estonian_2.6	23289	SOV	NDA_	2	3	1
Estonian_2.6	4812174	SOV	ADN_	2	1	3
Estonian_2.6	6469172	SOV	ADN_	2	1	3
Estonian_2.6	3230074	SOV	NDA_	2	3	1
Estonian_2.6	7960944	SOV	DNA_	3	2	1
Estonian_2.6	3616464	OSV	NAD_	1	3	2
Estonian_2.6	408538	OSV	ADN_	2	1	3
Estonian_2.6	4663296	OSV	NAD_	1	3	2
Estonian_2.6	4777639	SVO	ADN_	2	1	3
Estonian_2.6	6017252	SOV	ADN_	2	1	3
Estonian_2.6	6028776	SOV	ADN_	2	1	3
Estonian_2.6	818199	SOV	DNA_	3	2	1
Estonian_2.6	9236447	OSV	NAD_	1	3	2
Estonian_2.6	9524793	SOV	ADN_	2	1	3
Estonian_2.6	9998638	OSV	ADN_	2	1	3
Estonian_2.6	4035262	OSV	NAD_	1	3	2
Estonian_2.6	4093790	SOV	NDA_	2	3	1
Estonian_2.6	4963154	SOV	NDA_	2	3	1
Estonian_2.8	1532002	OSV	DA_N	2	1	1
Estonian_2.8	155404	OSV	DAN_	3	1	2
Estonian_2.8	1770950	SOV	DAN_	3	1	2
Estonian_2.8	3110191	SOV	DAN_	3	1	2
Estonian_2.8	3535153	OSV	DAN_	3	1	2
Estonian_2.8	3636078	SOV	DAN_	3	1	2
Estonian_2.8	4276944	OSV	DAN_	3	1	2
Estonian_2.8	6693283	SVO	DAN_	3	1	2
Estonian_2.8	7935256	OSV	DAN_	3	1	2
Estonian_2.8	8277564	OSV	DAN_	3	1	2
Estonian_2.8	8437641	OSV	DAN_	3	1	2
Estonian_2.8	8471156	OSV	DNA_	3	2	1
Estonian_2.8	9758724	SOV	DAN_	3	1	2
Faroese_2.6	7976613	SOV	DAN_	3	1	2
Faroese_2.6	8219171	SOV	NA_D	1	2	1
Faroese_2.6	8966657	SOV	AN_D	1	1	2
Faroese_2.6	1556820	SOV	NA_D	1	2	1
Faroese_2.6	1802698	SOV	DAN_	3	1	2
Faroese_2.6	2058411	OSV	NA_D	1	2	1
Faroese_2.6	3489742	SVO	DNA_	3	2	1
Faroese_2.6	4430244	OSV	NA_D	1	2	1
Faroese_2.6	5125544	OSV	NDA_	2	3	1
Faroese_2.6	5951119	SOV	NA_D	1	2	1
Faroese_2.6	6526749	SVO	DA_N	2	1	1
Faroese_2.6	6563942	SVO	NDA_	2	3	1
Faroese_2.6	7198930	SOV	DA_N	2	1	1
Faroese_2.6	9119512	SOV	DAN_	3	1	2
Faroese_2.7	1022346	SVO	A_DN	1	2	1
Faroese_2.7	1250602	OSV	ADN_	2	1	3
Faroese_2.7	2054290	SVO	A_DN	1	2	1
Faroese_2.7	9128183	OSV	A_ND	2	1	1
Faroese_2.7	5772747	SVO	DA_N	2	1	1
Faroese_2.7	8186843	SVO	DAN_	3	1	2
Faroese_2.7	3143535	OSV	NA_D	1	2	1
Faroese_2.7	2084990	SVO	DAN_	3	1	2
Faroese_2.7	2634732	SOV	NDA_	2	3	1
Faroese_2.8	2026563	SVO	DA_N	2	1	1
Faroese_2.8	217223	SOV	DA_N	2	1	1
Faroese_2.8	2232148	SVO	DA_N	2	1	1
Faroese_2.8	3025793	SVO	DAN_	3	1	2
Faroese_2.8	374784	SOV	DA_N	2	1	1
Faroese_2.8	4115163	SOV	DAN_	3	1	2
Faroese_2.8	4977254	SVO	DA_N	2	1	1
Faroese_2.8	5312610	SVO	DA_N	2	1	1
Faroese_2.8	6597321	SOV	NDA_	2	3	1
Faroese_2.8	6739076	SVO	DA_N	2	1	1
Faroese_2.8	6998278	SVO	DA_N	2	1	1
Faroese_2.8	7646993	OSV	NA_D	1	2	1
Faroese_2.8	8059656	SVO	DAN_	3	1	2
Faroese_2.8	8157233	SVO	DA_N	2	1	1
Faroese_2.8	840293	SVO	A_DN	1	2	1
Finnish_2.6	482547	SOV	DAN_	3	1	2
Finnish_2.6	6025886	SOV	DAN_	3	1	2
Finnish_2.6	717792	SOV	DAN_	3	1	2
Finnish_2.6	7396467	SOV	DAN_	3	1	2
Finnish_2.6	9547187	SOV	DAN_	3	1	2
Finnish_2.6	9713074	SOV	DAN_	3	1	2
Finnish_2.6	7292927	SOV	DNA_	3	2	1
Finnish_2.6	7989172	SOV	DNA_	3	2	1
Finnish_2.6	803083	SVO	DNA_	3	2	1
Finnish_2.6	2451912	SOV	DAN_	3	1	2
Finnish_2.6	2808153	SOV	DAN_	3	1	2
Finnish_2.6	4567818	SOV	DAN_	3	1	2
Finnish_2.6	6080190	SOV	DAN_	3	1	2
Finnish_2.6	6279021	OSV	AND_	1	2	3
Finnish_2.6	6826032	SOV	DAN_	3	1	2
Finnish_2.6	3974132	OSV	NDA_	2	3	1
Finnish_2.6	5220222	SOV	DNA_	3	2	1
Finnish_2.6	9451616	SOV	DNA_	3	2	1
Finnish_2.8	1067494	SOV	A_DN	1	2	1
Finnish_2.8	2641829	OSV	AND_	1	2	3
Finnish_2.8	3439290	OSV	AND_	1	2	3
Finnish_2.8	3731327	SOV	A_DN	1	2	1
Finnish_2.8	4385480	SOV	A_DN	1	2	1
Finnish_2.8	5179985	SOV	NDA_	2	3	1
Finnish_2.8	5531822	SOV	A_DN	1	2	1
Finnish_2.8	5964619	OSV	AND_	1	2	3
Finnish_2.8	6879501	OSV	DAN_	3	1	2
Finnish_2.8	7058838	SOV	DAN_	3	1	2
Finnish_2.8	8833291	SOV	A_DN	1	2	1
Finnish_2.8	9212889	SOV	DAN_	3	1	2
Finnish_2.8	934521	OSV	AND_	1	2	3
Finnish_2.8	9587444	OSV	AND_	1	2	3
French-Spoken_2.6	1582170	SVO	DAN_	3	1	2
French-Spoken_2.6	1685529	SVO	DAN_	3	1	2
French_2.6	209080	SVO	A_ND	2	1	1
French_2.6	4428187	OSV	A_ND	2	1	1
French_2.6	6068903	SVO	A_ND	2	1	1
French_2.6	6109158	SVO	NA_D	1	2	1
French_2.6	6279824	SVO	A_ND	2	1	1
French_2.6	873215	OSV	A_ND	2	1	1
French_2.6	8838655	SVO	NA_D	1	2	1
French_2.6	9321090	SVO	A_ND	2	1	1
French_2.6	9579892	SVO	AN_D	1	1	2
French_2.6	964067	SVO	A_ND	2	1	1
French_2.6	9835897	SVO	A_ND	2	1	1
French_2.6	2193817	SVO	A_DN	1	2	1
French_2.6	2463689	SVO	AN_D	1	1	2
French_2.6	3975409	SVO	A_ND	2	1	1
French_2.6	4721621	SVO	AN_D	1	1	2
French_2.6	530380	SVO	AN_D	1	1	2
French_2.6	5446297	SVO	A_ND	2	1	1
French_2.6	7885847	SVO	A_ND	2	1	1
French_2.6	9000971	SVO	A_ND	2	1	1
French_2.8	280157	OSV	A_ND	2	1	1
French_2.8	4387821	SVO	A_ND	2	1	1
French_2.8	4519032	SVO	A_ND	2	1	1
French_2.8	4658721	OSV	A_ND	2	1	1
French_2.8	5184954	OSV	A_ND	2	1	1
French_2.8	618443	OSV	A_ND	2	1	1
French_2.8	6619670	SVO	A_ND	2	1	1
French_2.8	6986021	OSV	A_ND	2	1	1
French_2.8	7883460	OSV	A_ND	2	1	1
French_2.8	946137	SVO	A_ND	2	1	1
French_2.8	946816	SVO	AN_D	1	1	2
French_2.8	9590676	SVO	A_ND	2	1	1
Galician_2.6	2052643	SOV	A_ND	2	1	1
Galician_2.6	8096012	SOV	A_ND	2	1	1
Galician_2.6	8361480	SOV	A_ND	2	1	1
Galician_2.6	2805740	OSV	A_DN	1	2	1
Galician_2.6	3577998	SVO	A_DN	1	2	1
Galician_2.6	4454200	OSV	A_DN	1	2	1
Galician_2.6	6338323	SVO	A_DN	1	2	1
Galician_2.6	1789093	SOV	A_ND	2	1	1
Galician_2.6	308937	OSV	A_ND	2	1	1
Galician_2.6	8857401	SOV	A_DN	1	2	1
Galician_2.6	9415952	SVO	A_DN	1	2	1
Galician_2.8	1036156	OSV	A_DN	1	2	1
Galician_2.8	1895505	SOV	A_DN	1	2	1
Galician_2.8	2376186	SVO	A_DN	1	2	1
Galician_2.8	4768491	SVO	A_DN	1	2	1
Galician_2.8	6311	SVO	A_DN	1	2	1
Galician_2.8	6325365	SVO	A_DN	1	2	1
Galician_2.8	7428639	OSV	A_DN	1	2	1
Galician_2.8	7476575	SOV	A_DN	1	2	1
Galician_2.8	8671639	SVO	A_DN	1	2	1
Galician_2.8	9045127	SVO	A_DN	1	2	1
Galician_2.8	9114177	SVO	A_DN	1	2	1
Galician_2.8	9264615	OSV	A_DN	1	2	1
Galician_2.8	985481	SVO	A_DN	1	2	1
German-GSD_2.6	2224341	SVO	NA_D	1	2	1
German-GSD_2.6	3280637	SOV	AN_D	1	1	2
German-GSD_2.6	3445608	SVO	AN_D	1	1	2
German-GSD_2.6	4844349	SVO	AN_D	1	1	2
German-GSD_2.6	594832	SVO	AN_D	1	1	2
German-GSD_2.6	6782094	SVO	AN_D	1	1	2
German-GSD_2.6	7974419	OSV	AN_D	1	1	2
German-GSD_2.6	8977475	OSV	AN_D	1	1	2
German-GSD_2.6	2933617	OSV	AN_D	1	1	2
German-GSD_2.6	5226887	SVO	AN_D	1	1	2
German-GSD_2.6	5389707	OSV	NA_D	1	2	1
German-GSD_2.6	7601252	SOV	AN_D	1	1	2
German-GSD_2.6	280162	SVO	A_DN	1	2	1
German-GSD_2.6	3348530	OSV	AN_D	1	1	2
German-GSD_2.6	3602451	SVO	AN_D	1	1	2
German-GSD_2.6	5006043	SVO	AN_D	1	1	2
German-GSD_2.6	6937594	SVO	AN_D	1	1	2
German-GSD_2.6	7158222	SVO	A_DN	1	2	1
German-GSD_2.6	7647315	SVO	AN_D	1	1	2
German-GSD_2.6	8714744	SVO	AN_D	1	1	2
German-GSD_2.6	969522	SVO	AN_D	1	1	2
German-GSD_2.6	6964306	SVO	AN_D	1	1	2
German-GSD_2.6	8190068	SVO	AN_D	1	1	2
German-GSD_2.6	2066214	OSV	AN_D	1	1	2
German-GSD_2.6	2151783	SOV	AN_D	1	1	2
German-GSD_2.6	2271745	SOV	AN_D	1	1	2
German-GSD_2.6	260407	SOV	AN_D	1	1	2
German-GSD_2.6	2913450	SVO	AN_D	1	1	2
German-GSD_2.6	3510315	SVO	AN_D	1	1	2
German-GSD_2.6	4801496	SVO	AN_D	1	1	2
German-GSD_2.6	4995533	SOV	AN_D	1	1	2
German-GSD_2.6	6236617	SOV	AN_D	1	1	2
German-GSD_2.6	6255712	SVO	AN_D	1	1	2
German-GSD_2.6	7393870	SOV	AN_D	1	1	2
German-GSD_2.6	7444506	SOV	AN_D	1	1	2
German-GSD_2.6	7685439	SOV	AN_D	1	1	2
German-GSD_2.6	7781713	SVO	AN_D	1	1	2
German-GSD_2.6	8824978	SOV	NA_D	1	2	1
German_2.8	2040974	SOV	A_ND	2	1	1
Gothic_2.6	1392219	SVO	A_DN	1	2	1
Gothic_2.6	2019497	SOV	NDA_	2	3	1
Gothic_2.6	3617395	SOV	NDA_	2	3	1
Gothic_2.6	5053625	SVO	DA_N	2	1	1
Gothic_2.6	5400320	SVO	DA_N	2	1	1
Gothic_2.6	5979855	SVO	NDA_	2	3	1
Gothic_2.6	8509628	SVO	DAN_	3	1	2
Gothic_2.6	883515	SVO	DAN_	3	1	2
Gothic_2.6	8966435	OSV	DA_N	2	1	1
Gothic_2.6	4795269	SVO	NA_D	1	2	1
Gothic_2.6	7118567	SVO	DAN_	3	1	2
Gothic_2.6	7335263	SVO	DA_N	2	1	1
Gothic_2.6	7794608	SOV	AND_	1	2	3
Gothic_2.6	1629740	SOV	DA_N	2	1	1
Gothic_2.6	2643604	SVO	DA_N	2	1	1
Gothic_2.6	5233091	SOV	DA_N	2	1	1
Gothic_2.6	5264810	SOV	DA_N	2	1	1
Gothic_2.6	7235532	OSV	DA_N	2	1	1
Gothic_2.8	1122958	OSV	DA_N	2	1	1
Gothic_2.8	131635	OSV	DA_N	2	1	1
Gothic_2.8	1402840	SOV	DA_N	2	1	1
Gothic_2.8	3050527	SOV	DA_N	2	1	1
Gothic_2.8	3937260	SOV	A_ND	2	1	1
Gothic_2.8	411224	OSV	DA_N	2	1	1
Gothic_2.8	4543311	OSV	DA_N	2	1	1
Gothic_2.8	5267277	SOV	A_ND	2	1	1
Gothic_2.8	551431	SOV	A_ND	2	1	1
Gothic_2.8	7092596	OSV	DA_N	2	1	1
Gothic_2.8	7096226	SVO	DA_N	2	1	1
Gothic_2.8	7757606	SVO	A_ND	2	1	1
Gothic_2.8	9260975	SVO	DNA_	3	2	1
Greek_2.6	3377404	SVO	NA_D	1	2	1
Greek_2.6	507451	SOV	NA_D	1	2	1
Greek_2.6	6132960	SOV	NA_D	1	2	1
Greek_2.6	6748269	SOV	NA_D	1	2	1
Greek_2.6	870030	SOV	NA_D	1	2	1
Greek_2.6	2308539	SVO	NA_D	1	2	1
Greek_2.6	601389	SOV	NA_D	1	2	1
Greek_2.6	2120034	OSV	A_DN	1	2	1
Greek_2.6	3327162	SVO	NA_D	1	2	1
Greek_2.6	3816976	SVO	NA_D	1	2	1
Greek_2.6	5007335	SVO	NA_D	1	2	1
Greek_2.6	5472581	SVO	NA_D	1	2	1
Greek_2.6	7116155	SVO	NA_D	1	2	1
Greek_2.6	7482246	SVO	NA_D	1	2	1
Greek_2.6	7579758	SVO	NA_D	1	2	1
Greek_2.8	1313833	SOV	NA_D	1	2	1
Greek_2.8	1957907	SVO	NA_D	1	2	1
Greek_2.8	2521732	SVO	NA_D	1	2	1
Greek_2.8	3039344	SVO	NA_D	1	2	1
Greek_2.8	3587052	SVO	NA_D	1	2	1
Greek_2.8	4523616	SOV	NA_D	1	2	1
Greek_2.8	6724394	SVO	NA_D	1	2	1
Greek_2.8	717714	SOV	A_DN	1	2	1
Greek_2.8	7274979	SOV	NA_D	1	2	1
Greek_2.8	8005107	SOV	NA_D	1	2	1
Greek_2.8	8015230	SOV	NA_D	1	2	1
Greek_2.8	8192946	SVO	NA_D	1	2	1
Greek_2.8	8743504	SVO	NA_D	1	2	1
Hebrew_2.6	1265721	SVO	NA_D	1	2	1
Hebrew_2.6	282051	SVO	DA_N	2	1	1
Hebrew_2.6	2943072	SOV	AN_D	1	1	2
Hebrew_2.6	4223344	SOV	NA_D	1	2	1
Hebrew_2.6	4363013	SOV	ADN_	2	1	3
Hebrew_2.6	4646879	SVO	AN_D	1	1	2
Hebrew_2.6	5316767	SOV	DA_N	2	1	1
Hebrew_2.6	5648053	SOV	ADN_	2	1	3
Hebrew_2.6	2301181	SOV	DAN_	3	1	2
Hebrew_2.6	3409140	OSV	ADN_	2	1	3
Hebrew_2.6	4923676	SVO	DA_N	2	1	1
Hebrew_2.6	6138804	SVO	AD_N	1	1	2
Hebrew_2.6	754062	SVO	DA_N	2	1	1
Hebrew_2.6	7786783	SVO	AN_D	1	1	2
Hebrew_2.6	9909083	SVO	ADN_	2	1	3
Hebrew_2.6	4424040	SOV	DNA_	3	2	1
Hebrew_2.8	1229131	SOV	DAN_	3	1	2
Hebrew_2.8	1292469	SOV	DNA_	3	2	1
Hebrew_2.8	2445855	SOV	ADN_	2	1	3
Hebrew_2.8	2484396	SOV	DAN_	3	1	2
Hebrew_2.8	5999401	SVO	DA_N	2	1	1
Hebrew_2.8	613572	SVO	DA_N	2	1	1
Hebrew_2.8	6282168	SVO	DA_N	2	1	1
Hebrew_2.8	6959449	SOV	DA_N	2	1	1
Hebrew_2.8	9693901	SVO	DA_N	2	1	1
Hindi_2.6	1114685	SOV	DNA_	3	2	1
Hindi_2.6	1707022	SOV	DNA_	3	2	1
Hindi_2.6	2777487	SOV	DNA_	3	2	1
Hindi_2.6	2868152	SOV	DNA_	3	2	1
Hindi_2.6	3262716	SOV	DNA_	3	2	1
Hindi_2.6	4113069	SOV	DNA_	3	2	1
Hindi_2.6	4529715	SOV	DNA_	3	2	1
Hindi_2.6	8135051	SOV	DNA_	3	2	1
Hindi_2.6	2580767	SOV	DNA_	3	2	1
Hindi_2.6	2692620	SOV	DNA_	3	2	1
Hindi_2.6	2706006	SOV	DNA_	3	2	1
Hindi_2.6	8245246	OSV	DNA_	3	2	1
Hindi_2.6	8726356	SOV	DNA_	3	2	1
Hindi_2.6	9317371	SOV	DNA_	3	2	1
Hindi_2.6	1135962	SVO	AND_	1	2	3
Hindi_2.6	2880295	OSV	DNA_	3	2	1
Hindi_2.6	3140685	SVO	AND_	1	2	3
Hindi_2.6	621222	OSV	DNA_	3	2	1
Hindi_2.6	6703971	SOV	DNA_	3	2	1
Hindi_2.6	6882332	OSV	DNA_	3	2	1
Hindi_2.6	1877639	SOV	DNA_	3	2	1
Hindi_2.6	5778368	SOV	DNA_	3	2	1
Hindi_2.6	866494	SOV	DNA_	3	2	1
Hindi_2.8	1408073	SOV	DNA_	3	2	1
Hindi_2.8	1987810	SOV	DNA_	3	2	1
Hindi_2.8	2747798	SOV	DNA_	3	2	1
Hindi_2.8	3692757	SOV	DNA_	3	2	1
Hindi_2.8	3709769	SOV	DNA_	3	2	1
Hindi_2.8	4572271	SOV	DNA_	3	2	1
Hindi_2.8	5245903	SOV	DNA_	3	2	1
Hindi_2.8	5436072	SOV	DNA_	3	2	1
Hindi_2.8	5613228	SOV	DNA_	3	2	1
Hindi_2.8	7790146	SOV	DNA_	3	2	1
Hindi_2.8	8301709	SOV	DNA_	3	2	1
Hindi_2.8	867498	OSV	DNA_	3	2	1
Hindi_2.8	9346429	OSV	DNA_	3	2	1
Hindi_2.8	94033	SOV	DNA_	3	2	1
Hindi_2.8	9792052	SOV	DNA_	3	2	1
Hungarian_2.6	1358423	SOV	DA_N	2	1	1
Hungarian_2.6	4678901	SOV	DA_N	2	1	1
Hungarian_2.6	5491771	SOV	DNA_	3	2	1
Hungarian_2.6	7330901	SOV	DA_N	2	1	1
Hungarian_2.6	8660580	SOV	DNA_	3	2	1
Hungarian_2.6	9434217	SOV	DA_N	2	1	1
Hungarian_2.6	9085016	SOV	DAN_	3	1	2
Hungarian_2.6	9309958	SOV	ADN_	2	1	3
Hungarian_2.6	1518578	SOV	DNA_	3	2	1
Hungarian_2.6	1743750	SVO	DNA_	3	2	1
Hungarian_2.6	1875587	SOV	DNA_	3	2	1
Hungarian_2.6	1956613	SOV	DA_N	2	1	1
Hungarian_2.6	3765823	OSV	AND_	1	2	3
Hungarian_2.6	4462288	SVO	DNA_	3	2	1
Hungarian_2.6	5388150	SVO	DNA_	3	2	1
Hungarian_2.6	5649738	SVO	DNA_	3	2	1
Hungarian_2.6	5746379	SOV	DNA_	3	2	1
Hungarian_2.6	6497778	SOV	DNA_	3	2	1
Hungarian_2.6	8971871	SOV	DNA_	3	2	1
Hungarian_2.6	8272952	SOV	DA_N	2	1	1
Hungarian_2.6	2073438	OSV	DAN_	3	1	2
Hungarian_2.6	3217007	OSV	DAN_	3	1	2
Hungarian_2.8	1859498	OSV	AD_N	1	1	2
Hungarian_2.8	2444360	SOV	AD_N	1	1	2
Hungarian_2.8	2933658	SOV	AD_N	1	1	2
Hungarian_2.8	5517869	OSV	DAN_	3	1	2
Hungarian_2.8	5781404	OSV	DAN_	3	1	2
Hungarian_2.8	6814010	SOV	DAN_	3	1	2
Hungarian_2.8	7186698	SOV	AD_N	1	1	2
Hungarian_2.8	743662	OSV	NAD_	1	3	2
Hungarian_2.8	7841722	SOV	DAN_	3	1	2
Hungarian_2.8	7920660	SOV	DAN_	3	1	2
Hungarian_2.8	8756544	SVO	AD_N	1	1	2
Hungarian_2.8	9049312	SOV	DAN_	3	1	2
Hungarian_2.8	9325009	SVO	NAD_	1	3	2
Icelandic_2.6	1491855	SVO	AND_	1	2	3
Icelandic_2.6	1983893	SVO	DAN_	3	1	2
Icelandic_2.6	2717294	OSV	A_DN	1	2	1
Icelandic_2.6	2728094	SVO	DA_N	2	1	1
Icelandic_2.6	3519602	SVO	DAN_	3	1	2
Icelandic_2.6	4350309	SVO	AN_D	1	1	2
Icelandic_2.6	5273900	SVO	AND_	1	2	3
Icelandic_2.6	5687184	SOV	AND_	1	2	3
Icelandic_2.6	7676345	SVO	ADN_	2	1	3
Icelandic_2.6	7692775	SVO	AN_D	1	1	2
Icelandic_2.6	9910422	OSV	DA_N	2	1	1
Icelandic_2.7	1781802	OSV	ADN_	2	1	3
Icelandic_2.7	4937276	SVO	ADN_	2	1	3
Icelandic_2.7	3524438	SVO	DA_N	2	1	1
Icelandic_2.7	2315478	SVO	DAN_	3	1	2
Icelandic_2.8	1041081	SVO	DAN_	3	1	2
Icelandic_2.8	1362922	OSV	ADN_	2	1	3
Icelandic_2.8	202831	OSV	DAN_	3	1	2
Icelandic_2.8	2688597	OSV	DAN_	3	1	2
Icelandic_2.8	3062261	SVO	AN_D	1	1	2
Icelandic_2.8	4792816	SVO	DAN_	3	1	2
Icelandic_2.8	638701	OSV	ADN_	2	1	3
Icelandic_2.8	7197449	SVO	AN_D	1	1	2
Icelandic_2.8	7506640	OSV	DAN_	3	1	2
Icelandic_2.8	8992934	SVO	DAN_	3	1	2
Icelandic_2.8	9153652	SOV	AD_N	1	1	2
Icelandic_2.8	9586639	SVO	ADN_	2	1	3
Icelandic_2.8	9633227	SVO	A_DN	1	2	1
Indonesian_2.6	1178228	SOV	NDA_	2	3	1
Indonesian_2.6	2630308	SOV	NDA_	2	3	1
Indonesian_2.6	2664755	SOV	NDA_	2	3	1
Indonesian_2.6	281306	SOV	DAN_	3	1	2
Indonesian_2.6	4207955	SOV	NDA_	2	3	1
Indonesian_2.6	5456789	SOV	DNA_	3	2	1
Indonesian_2.6	6006423	SOV	DAN_	3	1	2
Indonesian_2.6	6079080	SOV	DAN_	3	1	2
Indonesian_2.6	8407843	SOV	DAN_	3	1	2
Indonesian_2.6	8460437	SOV	DAN_	3	1	2
Indonesian_2.6	9095416	SOV	DAN_	3	1	2
Indonesian_2.6	9701769	SOV	DAN_	3	1	2
Indonesian_2.6	6186702	SOV	DAN_	3	1	2
Indonesian_2.6	2793920	SOV	NDA_	2	3	1
Indonesian_2.6	5041244	SVO	AN_D	1	1	2
Indonesian_2.6	5417770	SVO	AN_D	1	1	2
Indonesian_2.6	5546226	OSV	DNA_	3	2	1
Indonesian_2.6	5621623	SVO	NA_D	1	2	1
Indonesian_2.6	6999776	SVO	AN_D	1	1	2
Indonesian_2.6	9826754	SVO	AN_D	1	1	2
Indonesian_2.6	2534895	OSV	NDA_	2	3	1
Indonesian_2.6	6170753	SOV	DAN_	3	1	2
Indonesian_2.6	7323882	SOV	DAN_	3	1	2
Indonesian_2.8	1099312	SOV	DNA_	3	2	1
Indonesian_2.8	247373	SOV	DNA_	3	2	1
Indonesian_2.8	3159952	OSV	DA_N	2	1	1
Indonesian_2.8	4288941	SOV	NDA_	2	3	1
Indonesian_2.8	4799201	SOV	NDA_	2	3	1
Indonesian_2.8	585499	SVO	DNA_	3	2	1
Indonesian_2.8	7298531	SVO	NA_D	1	2	1
Indonesian_2.8	7397619	SOV	DNA_	3	2	1
Indonesian_2.8	7818641	SOV	DA_N	2	1	1
Indonesian_2.8	9196865	SOV	DNA_	3	2	1
Irish_2.6	1089680	SVO	NDA_	2	3	1
Irish_2.6	305026	OSV	A_DN	1	2	1
Irish_2.6	3709881	OSV	NDA_	2	3	1
Irish_2.6	4294334	OSV	A_DN	1	2	1
Irish_2.6	4522531	SVO	NA_D	1	2	1
Irish_2.6	6470239	OSV	NA_D	1	2	1
Irish_2.6	7712527	OSV	A_DN	1	2	1
Irish_2.6	7842978	OSV	AN_D	1	1	2
Irish_2.6	9756335	SOV	A_DN	1	2	1
Irish_2.6	1425867	SOV	AND_	1	2	3
Irish_2.6	2549630	OSV	AN_D	1	1	2
Irish_2.6	3562538	SOV	AD_N	1	1	2
Irish_2.6	4819192	OSV	DAN_	3	1	2
Irish_2.6	7911714	OSV	AD_N	1	1	2
Irish_2.6	1251903	SOV	NA_D	1	2	1
Irish_2.6	2379683	OSV	NA_D	1	2	1
Irish_2.6	3233434	OSV	NDA_	2	3	1
Irish_2.6	5178619	OSV	NDA_	2	3	1
Irish_2.6	4607241	SOV	NA_D	1	2	1
Irish_2.6	1720040	SOV	AD_N	1	1	2
Irish_2.6	2417523	OSV	A_DN	1	2	1
Irish_2.6	2903694	OSV	AN_D	1	1	2
Irish_2.6	3866123	OSV	AD_N	1	1	2
Irish_2.8	1516276	OSV	DA_N	2	1	1
Irish_2.8	1674	SOV	AN_D	1	1	2
Irish_2.8	2566056	SOV	DA_N	2	1	1
Irish_2.8	2634976	SOV	NA_D	1	2	1
Irish_2.8	2692050	OSV	A_DN	1	2	1
Irish_2.8	3509996	SOV	NA_D	1	2	1
Irish_2.8	6222802	SOV	DA_N	2	1	1
Irish_2.8	6385889	OSV	NA_D	1	2	1
Irish_2.8	7044484	SOV	A_DN	1	2	1
Irish_2.8	8710707	SOV	A_DN	1	2	1
Italian_2.6	2202374	SVO	AN_D	1	1	2
Italian_2.6	2478443	SOV	AN_D	1	1	2
Italian_2.6	2632357	SVO	AN_D	1	1	2
Italian_2.6	3045358	OSV	AN_D	1	1	2
Italian_2.6	4823001	OSV	AN_D	1	1	2
Italian_2.6	5634201	OSV	AN_D	1	1	2
Italian_2.6	6340310	OSV	AN_D	1	1	2
Italian_2.6	654985	SVO	NA_D	1	2	1
Italian_2.6	67959	SVO	AN_D	1	1	2
Italian_2.6	6883503	OSV	AD_N	1	1	2
Italian_2.6	3395048	OSV	NA_D	1	2	1
Italian_2.6	6240872	OSV	NA_D	1	2	1
Italian_2.6	718071	OSV	NA_D	1	2	1
Italian_2.6	9242581	OSV	NA_D	1	2	1
Italian_2.6	1479310	OSV	AN_D	1	1	2
Italian_2.6	8352869	OSV	AND_	1	2	3
Italian_2.6	8545558	OSV	AD_N	1	1	2
Italian_2.6	9254564	SVO	AN_D	1	1	2
Italian_2.6	3200878	SOV	NA_D	1	2	1
Italian_2.6	533165	OSV	NA_D	1	2	1
Italian_2.6	5656329	SOV	A_DN	1	2	1
Italian_2.6	7523465	SOV	NA_D	1	2	1
Italian_2.8	1364418	SOV	NA_D	1	2	1
Italian_2.8	2064549	OSV	NA_D	1	2	1
Italian_2.8	2571470	OSV	AN_D	1	1	2
Italian_2.8	270558	OSV	NA_D	1	2	1
Italian_2.8	2888033	OSV	AN_D	1	1	2
Italian_2.8	4044423	OSV	DAN_	3	1	2
Italian_2.8	4665714	OSV	NA_D	1	2	1
Italian_2.8	5583820	OSV	NA_D	1	2	1
Italian_2.8	6695826	SOV	NA_D	1	2	1
Italian_2.8	6724629	SOV	NA_D	1	2	1
Italian_2.8	9639687	SOV	AN_D	1	1	2
Japanese-GSD_2.6	2444157	SOV	DAN_	3	1	2
Japanese-GSD_2.6	4422448	SOV	DAN_	3	1	2
Japanese-GSD_2.6	484600	SOV	DA_N	2	1	1
Japanese-GSD_2.6	4913566	SOV	DAN_	3	1	2
Japanese-GSD_2.6	5131554	SOV	DAN_	3	1	2
Japanese-GSD_2.6	5535468	SOV	DAN_	3	1	2
Japanese-GSD_2.6	5606797	SOV	DAN_	3	1	2
Japanese-GSD_2.6	683246	SOV	DAN_	3	1	2
Japanese-GSD_2.6	8469707	SOV	DAN_	3	1	2
Japanese-GSD_2.6	9055217	SOV	DAN_	3	1	2
Japanese-GSD_2.6	1281217	SOV	DAN_	3	1	2
Japanese-GSD_2.6	4460199	SOV	DAN_	3	1	2
Japanese-GSD_2.6	5252767	SOV	DAN_	3	1	2
Japanese-GSD_2.6	6684155	OSV	AD_N	1	1	2
Japanese-GSD_2.6	8446357	SOV	DAN_	3	1	2
Japanese-GSD_2.6	8987040	SOV	DAN_	3	1	2
Japanese-GSD_2.6	2158931	SOV	DAN_	3	1	2
Japanese-GSD_2.6	3904755	SOV	ADN_	2	1	3
Japanese-GSD_2.6	5168207	SOV	DAN_	3	1	2
Japanese-GSD_2.6	9250872	SOV	DAN_	3	1	2
Japanese-GSD_2.6	1616799	SOV	DNA_	3	2	1
Japanese-GSD_2.6	2241728	SVO	AND_	1	2	3
Japanese-GSD_2.6	3262740	SOV	DAN_	3	1	2
Japanese-GSD_2.6	3453294	SOV	DAN_	3	1	2
Japanese-GSD_2.6	3819968	SOV	NAD_	1	3	2
Japanese-GSD_2.6	4221957	SVO	NAD_	1	3	2
Japanese-GSD_2.6	440082	SVO	NA_D	1	2	1
Japanese-GSD_2.6	4567065	SVO	NA_D	1	2	1
Japanese-GSD_2.6	5333339	SVO	DNA_	3	2	1
Japanese-GSD_2.6	53766	SOV	DNA_	3	2	1
Japanese-GSD_2.6	6131202	SOV	DAN_	3	1	2
Japanese-GSD_2.6	6232774	SVO	NAD_	1	3	2
Japanese-GSD_2.6	6439702	SOV	NAD_	1	3	2
Japanese-GSD_2.6	7916713	SOV	NAD_	1	3	2
Japanese-GSD_2.6	83502	SOV	NA_D	1	2	1
Japanese_2.8	5938849	SOV	AN_D	1	1	2
Kazakh_2.6	2712926	SOV	DNA_	3	2	1
Kazakh_2.6	397920	SOV	DAN_	3	1	2
Kazakh_2.6	4660998	SOV	DAN_	3	1	2
Kazakh_2.6	68677	SOV	DAN_	3	1	2
Kazakh_2.6	7488716	OSV	A_DN	1	2	1
Kazakh_2.6	7948118	SOV	DAN_	3	1	2
Kazakh_2.6	8949167	SOV	DAN_	3	1	2
Kazakh_2.6	2728869	SVO	NAD_	1	3	2
Kazakh_2.6	4059333	SOV	DAN_	3	1	2
Kazakh_2.6	4820941	SVO	NAD_	1	3	2
Kazakh_2.6	4843873	SOV	ADN_	2	1	3
Kazakh_2.6	5311708	OSV	AN_D	1	1	2
Kazakh_2.6	6221885	SOV	DAN_	3	1	2
Kazakh_2.6	6447036	SOV	DAN_	3	1	2
Kazakh_2.6	7389919	SVO	NAD_	1	3	2
Kazakh_2.6	7575294	SVO	NAD_	1	3	2
Kazakh_2.6	7672925	SOV	DAN_	3	1	2
Kazakh_2.6	5850255	OSV	AD_N	1	1	2
Kazakh_2.6	8296903	OSV	A_ND	2	1	1
Kazakh_2.8	1622359	SOV	DAN_	3	1	2
Kazakh_2.8	3040769	SOV	DAN_	3	1	2
Kazakh_2.8	418051	SOV	DAN_	3	1	2
Kazakh_2.8	5315841	SOV	DAN_	3	1	2
Kazakh_2.8	5666902	OSV	A_ND	2	1	1
Kazakh_2.8	6287496	OSV	ADN_	2	1	3
Kazakh_2.8	7154617	SVO	NA_D	1	2	1
Kazakh_2.8	783819	SOV	A_ND	2	1	1
Kazakh_2.8	8162886	OSV	A_ND	2	1	1
Kazakh_2.8	8513761	SOV	DAN_	3	1	2
Kazakh_2.8	8708617	OSV	ADN_	2	1	3
Kazakh_2.8	9019547	SOV	DAN_	3	1	2
Kazakh_2.8	9202408	SOV	A_ND	2	1	1
Kiche_2.8	1055451	SOV	AND_	1	2	3
Kiche_2.8	232806	SOV	DA_N	2	1	1
Kiche_2.8	2676040	SOV	A_ND	2	1	1
Kiche_2.8	2923173	SOV	NDA_	2	3	1
Kiche_2.8	3223504	SOV	A_DN	1	2	1
Kiche_2.8	4116267	SOV	DA_N	2	1	1
Kiche_2.8	4312341	SOV	AN_D	1	1	2
Kiche_2.8	4529567	SOV	DA_N	2	1	1
Kiche_2.8	4911342	SOV	AN_D	1	1	2
Kiche_2.8	4914668	SOV	DA_N	2	1	1
Kiche_2.8	5744958	SOV	NAD_	1	3	2
Kiche_2.8	5917154	SOV	DNA_	3	2	1
Kiche_2.8	699194	SOV	NAD_	1	3	2
Kiche_2.8	9082184	SOV	NAD_	1	3	2
Kiche_2.8	946277	SOV	A_DN	1	2	1
Komi_Zyrian_2.8	188893	SVO	DA_N	2	1	1
Komi_Zyrian_2.8	1933688	SVO	DA_N	2	1	1
Komi_Zyrian_2.8	2558690	SVO	DAN_	3	1	2
Komi_Zyrian_2.8	271673	SVO	DA_N	2	1	1
Komi_Zyrian_2.8	2935113	SVO	DA_N	2	1	1
Komi_Zyrian_2.8	3077304	SVO	NDA_	2	3	1
Komi_Zyrian_2.8	365583	SVO	NAD_	1	3	2
Komi_Zyrian_2.8	3866228	SVO	A_ND	2	1	1
Komi_Zyrian_2.8	4177160	SVO	NDA_	2	3	1
Komi_Zyrian_2.8	5659428	SVO	A_DN	1	2	1
Komi_Zyrian_2.8	7509194	SVO	A_ND	2	1	1
Komi_Zyrian_2.8	7878316	SVO	DNA_	3	2	1
Komi_Zyrian_2.8	9453217	SVO	A_DN	1	2	1
Komi_Zyrian_2.8	9557703	SVO	DA_N	2	1	1
Komi_Zyrian_2.8	9961477	SVO	DA_N	2	1	1
Korean_2.6	3439670	SOV	NAD_	1	3	2
Korean_2.6	4115296	SOV	NAD_	1	3	2
Korean_2.6	5532449	SOV	AND_	1	2	3
Korean_2.6	5678795	SOV	NAD_	1	3	2
Korean_2.6	7408890	SOV	AND_	1	2	3
Korean_2.6	9531925	SOV	AND_	1	2	3
Korean_2.6	1615870	SOV	DAN_	3	1	2
Korean_2.6	5437010	SOV	DAN_	3	1	2
Korean_2.6	735041	SOV	DAN_	3	1	2
Korean_2.6	8488218	SOV	DAN_	3	1	2
Korean_2.6	1244560	SOV	AND_	1	2	3
Korean_2.6	4137512	OSV	DAN_	3	1	2
Korean_2.6	5231390	SOV	AND_	1	2	3
Korean_2.6	5291202	SOV	NDA_	2	3	1
Korean_2.6	6582232	SOV	AND_	1	2	3
Korean_2.6	8956572	SOV	NDA_	2	3	1
Korean_2.6	7593701	SOV	DAN_	3	1	2
Korean_2.8	1866212	SOV	DAN_	3	1	2
Korean_2.8	2305826	SOV	DAN_	3	1	2
Korean_2.8	2618551	SOV	DAN_	3	1	2
Korean_2.8	3635910	SOV	DAN_	3	1	2
Korean_2.8	4153643	SOV	DAN_	3	1	2
Korean_2.8	4232508	SOV	DAN_	3	1	2
Korean_2.8	4756511	SOV	DAN_	3	1	2
Korean_2.8	6492195	SOV	DAN_	3	1	2
Korean_2.8	7643484	SOV	DAN_	3	1	2
Korean_2.8	7703743	SOV	DAN_	3	1	2
Korean_2.8	7739137	SOV	DAN_	3	1	2
Korean_2.8	8247421	SOV	DAN_	3	1	2
Korean_2.8	9134706	SOV	DAN_	3	1	2
Korean_2.8	9671526	SOV	ADN_	2	1	3
Kurmanji_2.6	165813	SVO	NDA_	2	3	1
Kurmanji_2.6	211327	SVO	A_DN	1	2	1
Kurmanji_2.6	2268391	SVO	ADN_	2	1	3
Kurmanji_2.6	2370249	SVO	NDA_	2	3	1
Kurmanji_2.6	302947	OSV	A_ND	2	1	1
Kurmanji_2.6	3958290	SVO	AN_D	1	1	2
Kurmanji_2.6	462611	SVO	A_DN	1	2	1
Kurmanji_2.6	4644049	SOV	NDA_	2	3	1
Kurmanji_2.6	4837922	OSV	NDA_	2	3	1
Kurmanji_2.6	7459023	SVO	NDA_	2	3	1
Kurmanji_2.6	8287174	SVO	AND_	1	2	3
Kurmanji_2.6	8382412	SOV	NDA_	2	3	1
Kurmanji_2.6	859385	SVO	NDA_	2	3	1
Kurmanji_2.6	9272165	SVO	AND_	1	2	3
Kurmanji_2.6	9469840	SOV	A_DN	1	2	1
Kurmanji_2.6	3897795	OSV	A_DN	1	2	1
Kurmanji_2.6	6930359	SOV	A_DN	1	2	1
Kurmanji_2.6	766748	OSV	A_ND	2	1	1
Kurmanji_2.6	9674304	SVO	A_DN	1	2	1
Kurmanji_2.8	2547781	SVO	DNA_	3	2	1
Kurmanji_2.8	287029	SOV	A_DN	1	2	1
Kurmanji_2.8	3096992	SOV	A_DN	1	2	1
Kurmanji_2.8	4026621	SOV	A_DN	1	2	1
Kurmanji_2.8	6134730	SVO	NDA_	2	3	1
Kurmanji_2.8	627898	SVO	A_DN	1	2	1
Kurmanji_2.8	687395	SOV	A_DN	1	2	1
Kurmanji_2.8	7231071	SVO	NAD_	1	3	2
Kurmanji_2.8	7876393	SOV	A_ND	2	1	1
Kurmanji_2.8	9788263	SOV	A_ND	2	1	1
Kurmanji_2.8	9811920	SOV	A_DN	1	2	1
Latin_2.6	1579107	OSV	AND_	1	2	3
Latin_2.6	1712472	OSV	AND_	1	2	3
Latin_2.6	3174093	OSV	DAN_	3	1	2
Latin_2.6	3300755	OSV	AND_	1	2	3
Latin_2.6	6561635	SVO	DA_N	2	1	1
Latin_2.6	6576444	OSV	AND_	1	2	3
Latin_2.6	6869158	SOV	AN_D	1	1	2
Latin_2.6	3641473	OSV	AND_	1	2	3
Latin_2.6	4327688	OSV	ADN_	2	1	3
Latin_2.6	8999520	OSV	DAN_	3	1	2
Latin_2.6	3512562	SOV	NDA_	2	3	1
Latin_2.6	6362831	SOV	NDA_	2	3	1
Latin_2.6	3400867	SVO	NDA_	2	3	1
Latin_2.6	6915235	SVO	AND_	1	2	3
Latin_2.6	6987111	SVO	DNA_	3	2	1
Latin_2.8	3547268	SOV	AD_N	1	1	2
Latin_2.8	4138152	SOV	NAD_	1	3	2
Latin_2.8	4592275	SOV	NAD_	1	3	2
Latin_2.8	495977	SOV	DNA_	3	2	1
Latin_2.8	5504754	SOV	NAD_	1	3	2
Latin_2.8	8318206	SOV	ADN_	2	1	3
Latin_2.8	9029430	SOV	NAD_	1	3	2
Latin_2.8	9476316	SOV	ADN_	2	1	3
Latin_2.8	9620290	SOV	NAD_	1	3	2
Latvian_2.6	1225214	SVO	NAD_	1	3	2
Latvian_2.6	6848574	SVO	A_DN	1	2	1
Latvian_2.6	807634	SOV	NDA_	2	3	1
Latvian_2.6	8077153	SVO	NA_D	1	2	1
Latvian_2.6	4660642	SVO	NA_D	1	2	1
Latvian_2.6	6611862	SVO	NA_D	1	2	1
Latvian_2.6	8521019	SVO	NA_D	1	2	1
Latvian_2.6	1328243	SVO	NDA_	2	3	1
Latvian_2.6	1594729	SVO	NAD_	1	3	2
Latvian_2.6	4217439	SOV	DNA_	3	2	1
Latvian_2.6	4278147	SVO	NA_D	1	2	1
Latvian_2.6	4451045	SVO	NA_D	1	2	1
Latvian_2.6	4655320	OSV	DNA_	3	2	1
Latvian_2.6	5628746	SVO	ADN_	2	1	3
Latvian_2.6	1222333	SVO	NA_D	1	2	1
Latvian_2.6	4131461	SVO	AN_D	1	1	2
Latvian_2.8	1833824	SVO	ADN_	2	1	3
Latvian_2.8	2480470	SVO	ADN_	2	1	3
Latvian_2.8	2893090	SVO	ADN_	2	1	3
Latvian_2.8	5202784	OSV	ADN_	2	1	3
Latvian_2.8	6154291	SOV	DAN_	3	1	2
Latvian_2.8	6672353	SVO	ADN_	2	1	3
Latvian_2.8	8609765	OSV	AN_D	1	1	2
Latvian_2.8	915216	SVO	ADN_	2	1	3
Latvian_2.8	958847	OSV	A_ND	2	1	1
Latvian_2.8	9896555	OSV	ADN_	2	1	3
Latvian_2.8	9905748	SVO	ADN_	2	1	3
Lithuanian_2.6	143278	OSV	AN_D	1	1	2
Lithuanian_2.6	8995898	SOV	DA_N	2	1	1
Lithuanian_2.6	1960771	SVO	NDA_	2	3	1
Lithuanian_2.6	5855355	SVO	DA_N	2	1	1
Lithuanian_2.6	1401102	OSV	DA_N	2	1	1
Lithuanian_2.6	2404280	SOV	DNA_	3	2	1
Lithuanian_2.6	2907510	OSV	DNA_	3	2	1
Lithuanian_2.6	4373127	SVO	DA_N	2	1	1
Lithuanian_2.6	5813483	SVO	DA_N	2	1	1
Lithuanian_2.6	6016539	OSV	DNA_	3	2	1
Lithuanian_2.6	7310838	SVO	AN_D	1	1	2
Lithuanian_2.6	7495757	OSV	DA_N	2	1	1
Lithuanian_2.6	8233576	OSV	DNA_	3	2	1
Lithuanian_2.6	8454465	OSV	A_ND	2	1	1
Lithuanian_2.6	9112875	OSV	DNA_	3	2	1
Lithuanian_2.6	9637084	SVO	AD_N	1	1	2
Lithuanian_2.8	1132596	SVO	NDA_	2	3	1
Lithuanian_2.8	1339073	SVO	NDA_	2	3	1
Lithuanian_2.8	2274655	SVO	NDA_	2	3	1
Lithuanian_2.8	2632535	SOV	A_DN	1	2	1
Lithuanian_2.8	3256003	SOV	DNA_	3	2	1
Lithuanian_2.8	3264243	SVO	DA_N	2	1	1
Lithuanian_2.8	3561767	SVO	DA_N	2	1	1
Lithuanian_2.8	382534	SOV	DA_N	2	1	1
Lithuanian_2.8	4709121	SVO	A_DN	1	2	1
Lithuanian_2.8	5440781	SVO	NDA_	2	3	1
Lithuanian_2.8	6122993	SVO	DA_N	2	1	1
Lithuanian_2.8	6537171	SOV	DA_N	2	1	1
Lithuanian_2.8	6656842	SVO	DA_N	2	1	1
Lithuanian_2.8	6890132	SVO	DA_N	2	1	1
Lithuanian_2.8	9868340	SOV	DA_N	2	1	1
Maltese_2.6	5515583	SVO	NA_D	1	2	1
Maltese_2.6	6308070	SOV	DA_N	2	1	1
Maltese_2.6	6829673	OSV	A_ND	2	1	1
Maltese_2.6	1495875	OSV	DNA_	3	2	1
Maltese_2.6	4091473	OSV	DAN_	3	1	2
Maltese_2.6	4100348	OSV	DA_N	2	1	1
Maltese_2.6	6456568	OSV	DNA_	3	2	1
Maltese_2.6	6508060	OSV	AN_D	1	1	2
Maltese_2.6	7815060	OSV	NAD_	1	3	2
Maltese_2.6	787829	OSV	DNA_	3	2	1
Maltese_2.6	9766733	OSV	NAD_	1	3	2
Maltese_2.6	4134935	SOV	NA_D	1	2	1
Maltese_2.6	358829	OSV	A_ND	2	1	1
Maltese_2.6	5608871	OSV	DA_N	2	1	1
Maltese_2.8	1746347	OSV	A_DN	1	2	1
Maltese_2.8	1818275	OSV	A_DN	1	2	1
Maltese_2.8	4247383	SVO	DA_N	2	1	1
Maltese_2.8	5357916	OSV	A_ND	2	1	1
Maltese_2.8	6157852	SVO	A_ND	2	1	1
Maltese_2.8	6842379	OSV	A_DN	1	2	1
Maltese_2.8	7457157	SOV	A_ND	2	1	1
Maltese_2.8	7645073	SOV	DA_N	2	1	1
Maltese_2.8	8131360	SOV	A_DN	1	2	1
Maltese_2.8	8189262	SOV	A_ND	2	1	1
Maltese_2.8	8564283	OSV	A_ND	2	1	1
Maltese_2.8	9648365	SVO	DA_N	2	1	1
Maltese_2.8	9997714	SVO	DA_N	2	1	1
Manx_2.8	1101701	SOV	DNA_	3	2	1
Manx_2.8	2285203	OSV	AN_D	1	1	2
Manx_2.8	3868818	OSV	AD_N	1	1	2
Manx_2.8	4068457	OSV	NDA_	2	3	1
Manx_2.8	4751823	SOV	ADN_	2	1	3
Manx_2.8	491579	SOV	A_ND	2	1	1
Manx_2.8	4937801	OSV	DNA_	3	2	1
Manx_2.8	5553527	OSV	DA_N	2	1	1
Manx_2.8	5694982	OSV	DA_N	2	1	1
Manx_2.8	5729430	SVO	AN_D	1	1	2
Manx_2.8	6779992	OSV	DA_N	2	1	1
Manx_2.8	6956171	SOV	NA_D	1	2	1
Manx_2.8	7771172	OSV	A_ND	2	1	1
Manx_2.8	8474698	SVO	AN_D	1	1	2
Manx_2.8	9298989	OSV	DA_N	2	1	1
Mbya_Guarani_2.6	5230727	SVO	NDA_	2	3	1
Mbya_Guarani_2.6	6726104	SVO	DNA_	3	2	1
Mbya_Guarani_2.6	9862333	SOV	AND_	1	2	3
Mbya_Guarani_2.6	3766006	OSV	DAN_	3	1	2
Mbya_Guarani_2.6	4284294	SOV	NA_D	1	2	1
Mbya_Guarani_2.6	4357995	SVO	A_ND	2	1	1
Mbya_Guarani_2.6	4491505	SOV	NDA_	2	3	1
Mbya_Guarani_2.6	4639820	SOV	DNA_	3	2	1
Mbya_Guarani_2.6	4721444	OSV	AN_D	1	1	2
Mbya_Guarani_2.6	5305536	SOV	DAN_	3	1	2
Mbya_Guarani_2.6	535193	OSV	AN_D	1	1	2
Mbya_Guarani_2.6	5463862	SOV	AND_	1	2	3
Mbya_Guarani_2.6	5521647	OSV	AN_D	1	1	2
Mbya_Guarani_2.6	5819384	OSV	NDA_	2	3	1
Mbya_Guarani_2.6	5849806	SOV	NDA_	2	3	1
Mbya_Guarani_2.6	7878289	SOV	ADN_	2	1	3
Mbya_Guarani_2.6	8344907	SOV	DAN_	3	1	2
Mbya_Guarani_2.6	9122791	SVO	A_ND	2	1	1
Mbya_Guarani_2.6	9127703	SOV	AN_D	1	1	2
Mbya_Guarani_2.6	9142494	SOV	NDA_	2	3	1
Mbya_Guarani_2.6	9216322	OSV	NDA_	2	3	1
Mbya_Guarani_2.6	1803671	SVO	DA_N	2	1	1
Mbya_Guarani_2.6	2233022	SVO	A_DN	1	2	1
Mbya_Guarani_2.6	4003834	SVO	ADN_	2	1	3
Mbya_Guarani_2.8	3080166	SOV	ADN_	2	1	3
Mbya_Guarani_2.8	3596176	SVO	NA_D	1	2	1
Mbya_Guarani_2.8	4561945	SOV	NDA_	2	3	1
Mbya_Guarani_2.8	5856482	SVO	NAD_	1	3	2
Mbya_Guarani_2.8	5866954	SVO	ADN_	2	1	3
Mbya_Guarani_2.8	618076	SVO	ADN_	2	1	3
Mbya_Guarani_2.8	673769	SOV	AND_	1	2	3
Mbya_Guarani_2.8	759213	SVO	AND_	1	2	3
Mbya_Guarani_2.8	9253158	SOV	AD_N	1	1	2
Mbya_Guarani_2.8	942154	SVO	A_ND	2	1	1
Mbya_Guarani_2.8	9750968	SVO	A_DN	1	2	1
Mbya_Guarani_2.8	9876470	OSV	AND_	1	2	3
Naija_2.6	1484980	SVO	ADN_	2	1	3
Naija_2.6	229357	SVO	NDA_	2	3	1
Naija_2.6	2545410	SVO	NDA_	2	3	1
Naija_2.6	421658	SVO	NDA_	2	3	1
Naija_2.6	4507552	SVO	DAN_	3	1	2
Naija_2.6	4780262	SVO	DAN_	3	1	2
Naija_2.6	5235032	SVO	AN_D	1	1	2
Naija_2.6	9991022	SOV	DAN_	3	1	2
Naija_2.6	2161463	SVO	DAN_	3	1	2
Naija_2.6	2676247	SVO	DAN_	3	1	2
Naija_2.6	4585477	SVO	ADN_	2	1	3
Naija_2.6	6669523	SVO	DAN_	3	1	2
Naija_2.6	8060152	SVO	DAN_	3	1	2
Naija_2.6	9770212	SVO	DAN_	3	1	2
Naija_2.6	9840981	SVO	DAN_	3	1	2
Naija_2.6	1715537	SVO	AN_D	1	1	2
Naija_2.6	3230136	SVO	DAN_	3	1	2
Naija_2.6	7136523	SVO	AN_D	1	1	2
Naija_2.6	7188858	SVO	DAN_	3	1	2
Naija_2.6	9175690	OSV	NAD_	1	3	2
Naija_2.6	9234373	OSV	NAD_	1	3	2
Naija_2.6	6212257	SVO	NDA_	2	3	1
Naija_2.6	3638601	SVO	DAN_	3	1	2
Naija_2.6	4615217	SVO	DAN_	3	1	2
Naija_2.6	5173375	SVO	DAN_	3	1	2
Naija_2.8	2369889	SVO	NAD_	1	3	2
Naija_2.8	3210957	SVO	DA_N	2	1	1
Naija_2.8	3227092	SVO	NDA_	2	3	1
Naija_2.8	3525935	SVO	ADN_	2	1	3
Naija_2.8	4371135	SVO	NDA_	2	3	1
Naija_2.8	5030625	SVO	DA_N	2	1	1
Naija_2.8	5545476	SVO	NDA_	2	3	1
Naija_2.8	555011	SVO	NDA_	2	3	1
Naija_2.8	7455859	SVO	DNA_	3	2	1
Naija_2.8	8649753	SVO	NAD_	1	3	2
Naija_2.8	8752045	SVO	DA_N	2	1	1
Naija_2.8	9544901	SVO	DA_N	2	1	1
North_Sami_2.6	3223968	SOV	NAD_	1	3	2
North_Sami_2.6	6601783	SOV	DNA_	3	2	1
North_Sami_2.6	1097459	SOV	A_DN	1	2	1
North_Sami_2.6	2011067	SVO	A_ND	2	1	1
North_Sami_2.6	2429492	SVO	DNA_	3	2	1
North_Sami_2.6	2530291	SOV	NA_D	1	2	1
North_Sami_2.6	2764623	SVO	NDA_	2	3	1
North_Sami_2.6	4113195	SVO	NA_D	1	2	1
North_Sami_2.6	4344572	SVO	NDA_	2	3	1
North_Sami_2.6	7337953	SVO	NA_D	1	2	1
North_Sami_2.6	7512999	SVO	NA_D	1	2	1
North_Sami_2.6	8900717	SOV	A_DN	1	2	1
North_Sami_2.6	5128158	SVO	DNA_	3	2	1
North_Sami_2.6	5422897	SOV	NA_D	1	2	1
North_Sami_2.6	9982920	SVO	NA_D	1	2	1
North_Sami_2.6	9982939	SOV	NA_D	1	2	1
North_Sami_2.8	1302293	SVO	AD_N	1	1	2
North_Sami_2.8	3640714	SVO	A_DN	1	2	1
North_Sami_2.8	3729026	SOV	NAD_	1	3	2
North_Sami_2.8	4568903	SOV	NA_D	1	2	1
North_Sami_2.8	4650683	SVO	AD_N	1	1	2
North_Sami_2.8	4712739	SOV	NA_D	1	2	1
North_Sami_2.8	4830327	SOV	DNA_	3	2	1
North_Sami_2.8	6868748	SVO	NDA_	2	3	1
North_Sami_2.8	7812594	SOV	DNA_	3	2	1
North_Sami_2.8	8141084	SVO	AD_N	1	1	2
North_Sami_2.8	8224437	SVO	AD_N	1	1	2
Norwegian_2.6	115358	SOV	ADN_	2	1	3
Norwegian_2.6	2499753	SVO	ADN_	2	1	3
Norwegian_2.6	3281959	SOV	ADN_	2	1	3
Norwegian_2.6	3426052	SVO	AND_	1	2	3
Norwegian_2.6	581333	SVO	ADN_	2	1	3
Norwegian_2.6	8311100	SOV	ADN_	2	1	3
Norwegian_2.6	8807879	SOV	ADN_	2	1	3
Norwegian_2.6	4040533	SVO	NAD_	1	3	2
Norwegian_2.6	572696	SVO	NAD_	1	3	2
Norwegian_2.6	9558796	SVO	NAD_	1	3	2
Norwegian_2.6	2699244	SVO	ADN_	2	1	3
Norwegian_2.6	3248429	OSV	AND_	1	2	3
Norwegian_2.6	4678615	SOV	ADN_	2	1	3
Norwegian_2.6	4742288	SOV	ADN_	2	1	3
Norwegian_2.6	4927816	SVO	AND_	1	2	3
Norwegian_2.6	5181855	SVO	AND_	1	2	3
Norwegian_2.6	6848613	OSV	ADN_	2	1	3
Norwegian_2.6	7642380	SOV	ADN_	2	1	3
Norwegian_2.6	7835125	OSV	AND_	1	2	3
Norwegian_2.6	8873009	OSV	AND_	1	2	3
Norwegian_2.6	7754422	SVO	ADN_	2	1	3
Norwegian_2.6	9927407	SVO	ADN_	2	1	3
Norwegian_2.6	5571441	SVO	NAD_	1	3	2
Norwegian_2.6	6696155	SVO	NAD_	1	3	2
Norwegian_2.6	807944	SVO	NAD_	1	3	2
Norwegian_2.6	8309770	SVO	AD_N	1	1	2
Norwegian_2.8	1900461	SOV	AD_N	1	1	2
Norwegian_2.8	280263	SVO	NAD_	1	3	2
Norwegian_2.8	3173269	SVO	NAD_	1	3	2
Norwegian_2.8	4538636	SOV	ADN_	2	1	3
Norwegian_2.8	5691538	SVO	NAD_	1	3	2
Norwegian_2.8	6036502	SVO	NAD_	1	3	2
Norwegian_2.8	702644	SVO	NAD_	1	3	2
Norwegian_2.8	7267825	SVO	NAD_	1	3	2
Norwegian_2.8	7437558	SOV	NAD_	1	3	2
Norwegian_2.8	8691804	SOV	NAD_	1	3	2
Norwegian_2.8	9446002	SVO	NAD_	1	3	2
Old_Church_Slavonic_2.6	1323142	SOV	AD_N	1	1	2
Old_Church_Slavonic_2.6	2659442	SOV	ADN_	2	1	3
Old_Church_Slavonic_2.6	4842358	SOV	ADN_	2	1	3
Old_Church_Slavonic_2.6	6427421	SOV	AD_N	1	1	2
Old_Church_Slavonic_2.6	6972037	SVO	AD_N	1	1	2
Old_Church_Slavonic_2.6	9444030	SOV	AD_N	1	1	2
Old_Church_Slavonic_2.6	3276089	SOV	NDA_	2	3	1
Old_Church_Slavonic_2.6	1409060	SOV	AD_N	1	1	2
Old_Church_Slavonic_2.6	4065516	SOV	ADN_	2	1	3
Old_Church_Slavonic_2.6	4111951	SOV	ADN_	2	1	3
Old_Church_Slavonic_2.6	5593490	SOV	ADN_	2	1	3
Old_Church_Slavonic_2.6	6286217	SOV	ADN_	2	1	3
Old_Church_Slavonic_2.6	8357503	SOV	NDA_	2	3	1
Old_Church_Slavonic_2.6	8494842	SVO	ADN_	2	1	3
Old_Church_Slavonic_2.6	731720	SOV	ADN_	2	1	3
Old_Church_Slavonic_2.6	8821432	SOV	AD_N	1	1	2
Old_Church_Slavonic_2.6	1944525	SVO	DA_N	2	1	1
Old_Church_Slavonic_2.6	1953502	SOV	DAN_	3	1	2
Old_Church_Slavonic_2.6	2877727	SOV	DAN_	3	1	2
Old_Church_Slavonic_2.6	3030232	SOV	DA_N	2	1	1
Old_Church_Slavonic_2.6	3686228	SOV	DAN_	3	1	2
Old_Church_Slavonic_2.6	9572905	SOV	NDA_	2	3	1
Old_Church_Slavonic_2.8	1100801	SOV	DAN_	3	1	2
Old_Church_Slavonic_2.8	1145585	OSV	NDA_	2	3	1
Old_Church_Slavonic_2.8	2176717	SOV	DA_N	2	1	1
Old_Church_Slavonic_2.8	4426355	SOV	DAN_	3	1	2
Old_Church_Slavonic_2.8	525452	SOV	DA_N	2	1	1
Old_Church_Slavonic_2.8	7827427	SOV	DAN_	3	1	2
Old_Church_Slavonic_2.8	8260656	SOV	NDA_	2	3	1
Old_Church_Slavonic_2.8	8296918	SVO	DAN_	3	1	2
Old_Church_Slavonic_2.8	8374010	SVO	NAD_	1	3	2
Old_Church_Slavonic_2.8	9475637	SOV	DAN_	3	1	2
Old_Church_Slavonic_2.8	9497701	SVO	DA_N	2	1	1
Old_Church_Slavonic_2.8	984664	SOV	DAN_	3	1	2
Old_East_Slavic_2.8	2663116	SVO	DA_N	2	1	1
Old_East_Slavic_2.8	407972	SOV	DA_N	2	1	1
Old_East_Slavic_2.8	5149539	SOV	AN_D	1	1	2
Old_East_Slavic_2.8	5926316	SOV	DNA_	3	2	1
Old_East_Slavic_2.8	7187236	SOV	DA_N	2	1	1
Old_East_Slavic_2.8	7548390	SOV	DNA_	3	2	1
Old_East_Slavic_2.8	8113165	SVO	DA_N	2	1	1
Old_East_Slavic_2.8	8959568	SOV	DNA_	3	2	1
Old_East_Slavic_2.8	9287081	SOV	DNA_	3	2	1
Old_East_Slavic_2.8	9672633	SVO	DAN_	3	1	2
Old_French_2.6	3710599	SOV	AN_D	1	1	2
Old_French_2.6	152589	OSV	DAN_	3	1	2
Old_French_2.6	3852831	OSV	DAN_	3	1	2
Old_French_2.6	6281815	SOV	ADN_	2	1	3
Old_French_2.6	6832824	SOV	ADN_	2	1	3
Old_French_2.6	1980309	OSV	ADN_	2	1	3
Old_French_2.6	2162085	SVO	ADN_	2	1	3
Old_French_2.6	3878614	SOV	AN_D	1	1	2
Old_French_2.6	6021127	SOV	A_ND	2	1	1
Old_French_2.6	6810475	SOV	A_ND	2	1	1
Old_French_2.6	7408552	OSV	ADN_	2	1	3
Old_French_2.6	7481319	SVO	ADN_	2	1	3
Old_French_2.6	9565488	SOV	AN_D	1	1	2
Old_French_2.6	8817503	SOV	AN_D	1	1	2
Old_French_2.6	9305416	OSV	AN_D	1	1	2
Old_French_2.6	430683	OSV	DAN_	3	1	2
Old_French_2.8	1096441	SVO	DAN_	3	1	2
Old_French_2.8	1519136	OSV	AN_D	1	1	2
Old_French_2.8	17786	SOV	ADN_	2	1	3
Old_French_2.8	1955167	SVO	DNA_	3	2	1
Old_French_2.8	4082696	SOV	ADN_	2	1	3
Old_French_2.8	4379858	SOV	DAN_	3	1	2
Old_French_2.8	5061825	SVO	DAN_	3	1	2
Old_French_2.8	5234064	OSV	DAN_	3	1	2
Old_French_2.8	7200804	SOV	DAN_	3	1	2
Old_French_2.8	9154423	OSV	AD_N	1	1	2
Old_Russian_2.6	2079557	SOV	NAD_	1	3	2
Old_Russian_2.6	4254232	SOV	NAD_	1	3	2
Old_Russian_2.6	4992541	SOV	A_DN	1	2	1
Old_Russian_2.6	145251	SOV	DNA_	3	2	1
Old_Russian_2.6	5804793	SOV	AN_D	1	1	2
Old_Russian_2.6	8497887	SOV	A_ND	2	1	1
Old_Russian_2.6	4070286	SVO	NAD_	1	3	2
Old_Russian_2.6	5712096	SOV	A_ND	2	1	1
Old_Russian_2.6	579486	SOV	ADN_	2	1	3
Old_Russian_2.6	6692865	SOV	NAD_	1	3	2
Old_Russian_2.6	7073651	SOV	NAD_	1	3	2
Old_Russian_2.6	7321311	SOV	NAD_	1	3	2
Old_Russian_2.6	8472092	SVO	NAD_	1	3	2
Old_Russian_2.6	8916750	SOV	NAD_	1	3	2
Old_Russian_2.6	9835500	SVO	NAD_	1	3	2
Old_Russian_2.6	8540095	SOV	AN_D	1	1	2
Old_Russian_2.6	2141894	SOV	DNA_	3	2	1
Persian_2.6	4379461	SOV	DNA_	3	2	1
Persian_2.6	4401562	SOV	DNA_	3	2	1
Persian_2.6	4849711	SOV	DNA_	3	2	1
Persian_2.6	5455048	OSV	DA_N	2	1	1
Persian_2.6	6483325	SOV	DNA_	3	2	1
Persian_2.6	7414188	SOV	DNA_	3	2	1
Persian_2.6	9392828	SOV	DNA_	3	2	1
Persian_2.6	972115	SOV	DNA_	3	2	1
Persian_2.6	9982248	SOV	DNA_	3	2	1
Persian_2.6	1755189	SOV	DNA_	3	2	1
Persian_2.6	4474461	SOV	DNA_	3	2	1
Persian_2.6	5588118	SOV	A_ND	2	1	1
Persian_2.6	7432471	SOV	NA_D	1	2	1
Persian_2.6	1795074	SVO	AND_	1	2	3
Persian_2.6	2976345	SVO	AND_	1	2	3
Persian_2.6	3967218	SOV	DNA_	3	2	1
Persian_2.6	6228776	SOV	DNA_	3	2	1
Persian_2.6	9847577	SOV	DNA_	3	2	1
Persian_2.6	9905219	SVO	AND_	1	2	3
Persian_2.7	3285086	SOV	DNA_	3	2	1
Persian_2.7	4922373	SOV	DNA_	3	2	1
Persian_2.7	7321436	SOV	DNA_	3	2	1
Persian_2.7	4841849	SOV	DNA_	3	2	1
Persian_2.7	2893998	SOV	DAN_	3	1	2
Persian_2.7	6490774	SOV	DAN_	3	1	2
Persian_2.7	7659973	SOV	DNA_	3	2	1
Persian_2.8	1952936	SOV	DAN_	3	1	2
Persian_2.8	2269172	SOV	DAN_	3	1	2
Persian_2.8	2332777	SOV	DNA_	3	2	1
Persian_2.8	2836095	OSV	DA_N	2	1	1
Persian_2.8	4132810	OSV	DA_N	2	1	1
Persian_2.8	4213825	SOV	DAN_	3	1	2
Persian_2.8	4902649	SOV	DNA_	3	2	1
Persian_2.8	5014013	SVO	DNA_	3	2	1
Persian_2.8	5254145	OSV	DA_N	2	1	1
Persian_2.8	6052115	OSV	DA_N	2	1	1
Persian_2.8	6145044	OSV	DA_N	2	1	1
Persian_2.8	6765410	SOV	DNA_	3	2	1
Persian_2.8	7542527	SOV	DAN_	3	1	2
Persian_2.8	8161713	SOV	DNA_	3	2	1
Persian_2.8	9910336	SOV	DNA_	3	2	1
Polish_2.6	4266387	OSV	DAN_	3	1	2
Polish_2.6	4341923	SOV	DAN_	3	1	2
Polish_2.6	4723424	SOV	DAN_	3	1	2
Polish_2.6	5830742	SOV	DAN_	3	1	2
Polish_2.6	950285	SOV	A_ND	2	1	1
Polish_2.6	5541413	OSV	DAN_	3	1	2
Polish_2.6	969482	SOV	DAN_	3	1	2
Polish_2.6	1836801	OSV	DAN_	3	1	2
Polish_2.6	2600199	SOV	DAN_	3	1	2
Polish_2.6	4063018	SOV	DAN_	3	1	2
Polish_2.6	8447398	SOV	DAN_	3	1	2
Polish_2.6	9026584	OSV	DAN_	3	1	2
Polish_2.6	1243139	SOV	DAN_	3	1	2
Polish_2.6	4360796	SOV	AND_	1	2	3
Polish_2.6	7416593	SOV	DAN_	3	1	2
Polish_2.8	3353636	SOV	DAN_	3	1	2
Polish_2.8	4155092	SOV	DAN_	3	1	2
Polish_2.8	4867051	SOV	DAN_	3	1	2
Polish_2.8	51726	SOV	DAN_	3	1	2
Polish_2.8	5494551	SOV	DAN_	3	1	2
Polish_2.8	6354406	SOV	DAN_	3	1	2
Polish_2.8	691112	OSV	A_ND	2	1	1
Polish_2.8	6929913	SOV	DAN_	3	1	2
Portuguese_2.6	1603602	SVO	NA_D	1	2	1
Portuguese_2.6	1668074	OSV	NA_D	1	2	1
Portuguese_2.6	1785122	OSV	NA_D	1	2	1
Portuguese_2.6	2647572	OSV	NA_D	1	2	1
Portuguese_2.6	3048024	SOV	A_DN	1	2	1
Portuguese_2.6	5075307	OSV	NA_D	1	2	1
Portuguese_2.6	5385963	OSV	NA_D	1	2	1
Portuguese_2.6	5681665	OSV	NA_D	1	2	1
Portuguese_2.6	6441704	SOV	A_ND	2	1	1
Portuguese_2.6	9590461	OSV	NA_D	1	2	1
Portuguese_2.6	9782180	OSV	NA_D	1	2	1
Portuguese_2.6	1884212	OSV	NA_D	1	2	1
Portuguese_2.6	6169316	SOV	NA_D	1	2	1
Portuguese_2.6	7144843	SOV	A_ND	2	1	1
Portuguese_2.6	8330593	OSV	NA_D	1	2	1
Portuguese_2.6	1478047	OSV	NA_D	1	2	1
Portuguese_2.6	2876695	SVO	AN_D	1	1	2
Portuguese_2.6	3307460	OSV	A_DN	1	2	1
Portuguese_2.6	410956	OSV	NA_D	1	2	1
Portuguese_2.6	4893020	OSV	A_ND	2	1	1
Portuguese_2.6	5822952	OSV	A_DN	1	2	1
Portuguese_2.6	8334608	OSV	A_DN	1	2	1
Portuguese_2.6	9138433	OSV	A_DN	1	2	1
Portuguese_2.6	9293661	SVO	A_DN	1	2	1
Portuguese_2.6	9600965	SVO	A_DN	1	2	1
Portuguese_2.6	7625790	OSV	NA_D	1	2	1
Portuguese_2.6	5799867	OSV	NA_D	1	2	1
Portuguese_2.6	7500503	SOV	A_ND	2	1	1
Portuguese_2.6	8376040	SOV	NA_D	1	2	1
Portuguese_2.8	2129854	SOV	A_DN	1	2	1
Portuguese_2.8	2206680	OSV	NA_D	1	2	1
Portuguese_2.8	3016852	SOV	A_DN	1	2	1
Portuguese_2.8	4663644	OSV	NA_D	1	2	1
Portuguese_2.8	6107557	OSV	A_ND	2	1	1
Portuguese_2.8	6335022	OSV	A_ND	2	1	1
Portuguese_2.8	6707882	OSV	NA_D	1	2	1
Portuguese_2.8	7217157	OSV	NA_D	1	2	1
Portuguese_2.8	7413240	SOV	A_ND	2	1	1
Portuguese_2.8	816286	OSV	NA_D	1	2	1
Portuguese_2.8	848943	OSV	NA_D	1	2	1
Portuguese_2.8	9824083	SOV	A_ND	2	1	1
Romanian_2.6	135536	SOV	NA_D	1	2	1
Romanian_2.6	1961324	SOV	NA_D	1	2	1
Romanian_2.6	2387906	SOV	NA_D	1	2	1
Romanian_2.6	4950671	SOV	NA_D	1	2	1
Romanian_2.6	5931599	SOV	NA_D	1	2	1
Romanian_2.6	1390284	SOV	NA_D	1	2	1
Romanian_2.6	412100	SOV	NA_D	1	2	1
Romanian_2.6	4958687	SVO	NA_D	1	2	1
Romanian_2.6	5118524	SOV	NA_D	1	2	1
Romanian_2.6	7976977	SOV	A_ND	2	1	1
Romanian_2.6	3223232	SOV	NA_D	1	2	1
Romanian_2.6	6598586	OSV	NAD_	1	3	2
Romanian_2.6	6639073	OSV	AND_	1	2	3
Romanian_2.6	8292342	SOV	A_DN	1	2	1
Romanian_2.6	9029881	SOV	NA_D	1	2	1
Romanian_2.6	9658789	OSV	NAD_	1	3	2
Romanian_2.6	1212990	SOV	NA_D	1	2	1
Romanian_2.6	3796419	SOV	NA_D	1	2	1
Romanian_2.8	2830999	SOV	NA_D	1	2	1
Romanian_2.8	3520936	SOV	A_ND	2	1	1
Romanian_2.8	3668504	SOV	NA_D	1	2	1
Romanian_2.8	559968	SOV	NA_D	1	2	1
Romanian_2.8	6215467	SVO	NA_D	1	2	1
Romanian_2.8	8468647	SOV	NA_D	1	2	1
Romanian_2.8	8486005	SOV	ADN_	2	1	3
Romanian_2.8	9291251	SOV	NA_D	1	2	1
Romanian_2.8	9830159	SOV	A_ND	2	1	1
Russian_2.6	1600714	OSV	NAD_	1	3	2
Russian_2.6	207310	SVO	ADN_	2	1	3
Russian_2.6	2517893	SVO	DNA_	3	2	1
Russian_2.6	5494953	SVO	ADN_	2	1	3
Russian_2.6	5495325	SVO	DNA_	3	2	1
Russian_2.6	6621698	SVO	NAD_	1	3	2
Russian_2.6	6999732	SVO	ADN_	2	1	3
Russian_2.6	7136985	SVO	NDA_	2	3	1
Russian_2.6	1740817	SVO	DNA_	3	2	1
Russian_2.6	4210440	SVO	DAN_	3	1	2
Russian_2.6	1205564	SVO	ADN_	2	1	3
Russian_2.6	3159329	SVO	DNA_	3	2	1
Russian_2.6	3281367	SVO	DNA_	3	2	1
Russian_2.6	4826024	SVO	DNA_	3	2	1
Russian_2.6	5724265	SVO	DNA_	3	2	1
Russian_2.6	7254735	SVO	DNA_	3	2	1
Russian_2.6	8896195	SVO	DNA_	3	2	1
Russian_2.6	4852034	SVO	DNA_	3	2	1
Russian_2.6	4531343	SVO	DNA_	3	2	1
Russian_2.6	661060	SVO	DAN_	3	1	2
Russian_2.8	1872511	OSV	NAD_	1	3	2
Russian_2.8	2268314	SVO	DNA_	3	2	1
Russian_2.8	2679289	SVO	DNA_	3	2	1
Russian_2.8	2699269	OSV	DNA_	3	2	1
Russian_2.8	3535952	SVO	DNA_	3	2	1
Russian_2.8	3891851	SVO	ADN_	2	1	3
Russian_2.8	5017900	SVO	DNA_	3	2	1
Russian_2.8	503801	OSV	NAD_	1	3	2
Russian_2.8	5779171	SVO	DNA_	3	2	1
Russian_2.8	6856546	SVO	DNA_	3	2	1
Russian_2.8	8952208	SVO	DNA_	3	2	1
Russian_2.8	9225094	SVO	DNA_	3	2	1
Russian_2.8	9864542	SVO	DNA_	3	2	1
Sanskrit_2.6	1283571	OSV	NDA_	2	3	1
Sanskrit_2.6	2528397	SOV	AD_N	1	1	2
Sanskrit_2.6	1460877	SVO	NA_D	1	2	1
Sanskrit_2.6	1956113	OSV	NA_D	1	2	1
Sanskrit_2.6	2011515	SVO	AN_D	1	1	2
Sanskrit_2.6	3638609	OSV	A_DN	1	2	1
Sanskrit_2.6	3667213	SVO	A_DN	1	2	1
Sanskrit_2.6	4780630	OSV	ADN_	2	1	3
Sanskrit_2.6	6539649	OSV	AN_D	1	1	2
Sanskrit_2.6	9017373	OSV	ADN_	2	1	3
Sanskrit_2.6	9079426	SVO	NDA_	2	3	1
Sanskrit_2.6	9277874	SOV	NA_D	1	2	1
Sanskrit_2.6	9399796	OSV	A_DN	1	2	1
Sanskrit_2.6	3022870	SVO	AD_N	1	1	2
Sanskrit_2.6	6456545	SVO	A_DN	1	2	1
Sanskrit_2.8	1213984	OSV	A_DN	1	2	1
Sanskrit_2.8	1307710	SVO	A_DN	1	2	1
Sanskrit_2.8	1310970	SOV	A_DN	1	2	1
Sanskrit_2.8	3000100	SVO	NAD_	1	3	2
Sanskrit_2.8	4295059	SOV	AD_N	1	1	2
Sanskrit_2.8	5201555	SVO	A_DN	1	2	1
Sanskrit_2.8	555222	SOV	A_DN	1	2	1
Sanskrit_2.8	5671318	SVO	AD_N	1	1	2
Sanskrit_2.8	5996770	SOV	AD_N	1	1	2
Sanskrit_2.8	7264252	SVO	NA_D	1	2	1
Sanskrit_2.8	7466927	SVO	NAD_	1	3	2
Sanskrit_2.8	8571912	SVO	NAD_	1	3	2
Sanskrit_2.8	8653509	SOV	NA_D	1	2	1
Sanskrit_2.8	9655966	OSV	AD_N	1	1	2
Scottish_Gaelic_2.6	1601029	OSV	AN_D	1	1	2
Scottish_Gaelic_2.6	194685	SOV	NA_D	1	2	1
Scottish_Gaelic_2.6	2548094	SOV	AN_D	1	1	2
Scottish_Gaelic_2.6	3951429	OSV	AN_D	1	1	2
Scottish_Gaelic_2.6	4472992	OSV	DA_N	2	1	1
Scottish_Gaelic_2.6	5417591	OSV	AN_D	1	1	2
Scottish_Gaelic_2.6	8062633	OSV	DNA_	3	2	1
Scottish_Gaelic_2.6	8606812	OSV	A_ND	2	1	1
Scottish_Gaelic_2.6	9551766	SVO	AN_D	1	1	2
Scottish_Gaelic_2.6	1700453	SVO	A_DN	1	2	1
Scottish_Gaelic_2.6	5485148	OSV	AN_D	1	1	2
Scottish_Gaelic_2.6	2952184	OSV	NA_D	1	2	1
Scottish_Gaelic_2.6	6196912	OSV	NA_D	1	2	1
Scottish_Gaelic_2.6	7735709	OSV	DNA_	3	2	1
Scottish_Gaelic_2.6	8592514	OSV	DA_N	2	1	1
Scottish_Gaelic_2.6	9495814	OSV	NA_D	1	2	1
Scottish_Gaelic_2.6	1075504	SOV	AN_D	1	1	2
Scottish_Gaelic_2.6	8465128	OSV	AN_D	1	1	2
Scottish_Gaelic_2.6	6149117	SVO	NA_D	1	2	1
Scottish_Gaelic_2.6	8063519	OSV	NDA_	2	3	1
Scottish_Gaelic_2.6	9135840	OSV	AN_D	1	1	2
Scottish_Gaelic_2.8	288655	OSV	A_ND	2	1	1
Scottish_Gaelic_2.8	2920243	SVO	NA_D	1	2	1
Scottish_Gaelic_2.8	3288668	OSV	A_ND	2	1	1
Scottish_Gaelic_2.8	4293853	OSV	A_ND	2	1	1
Scottish_Gaelic_2.8	4418278	OSV	A_DN	1	2	1
Scottish_Gaelic_2.8	5288131	OSV	A_ND	2	1	1
Scottish_Gaelic_2.8	6033901	OSV	A_ND	2	1	1
Scottish_Gaelic_2.8	6382592	SVO	A_DN	1	2	1
Scottish_Gaelic_2.8	8567438	OSV	A_ND	2	1	1
Scottish_Gaelic_2.8	9002674	OSV	A_ND	2	1	1
Scottish_Gaelic_2.8	9242228	OSV	NA_D	1	2	1
Scottish_Gaelic_2.8	9497153	OSV	NA_D	1	2	1
Serbian_2.6	1104762	SOV	NAD_	1	3	2
Serbian_2.6	1284236	SOV	DNA_	3	2	1
Serbian_2.6	1440472	SOV	DNA_	3	2	1
Serbian_2.6	2659639	SOV	DNA_	3	2	1
Serbian_2.6	3372033	SOV	DNA_	3	2	1
Serbian_2.6	6542675	OSV	A_ND	2	1	1
Serbian_2.6	2366381	SOV	NA_D	1	2	1
Serbian_2.6	534494	SVO	NA_D	1	2	1
Serbian_2.6	1027309	SOV	NAD_	1	3	2
Serbian_2.6	2273327	SOV	NAD_	1	3	2
Serbian_2.6	4874192	SOV	DNA_	3	2	1
Serbian_2.6	50781	SVO	NAD_	1	3	2
Serbian_2.6	5289345	SOV	NAD_	1	3	2
Serbian_2.6	5355519	OSV	DA_N	2	1	1
Serbian_2.6	5930535	OSV	DNA_	3	2	1
Serbian_2.6	6046686	OSV	DA_N	2	1	1
Serbian_2.6	6422920	SVO	NAD_	1	3	2
Serbian_2.6	7305089	SVO	NAD_	1	3	2
Serbian_2.6	7839534	SOV	NAD_	1	3	2
Serbian_2.6	9270855	SVO	NAD_	1	3	2
Serbian_2.6	9384169	SOV	NAD_	1	3	2
Serbian_2.6	980462	OSV	NAD_	1	3	2
Serbian_2.6	9939660	SOV	DNA_	3	2	1
Serbian_2.6	9993641	SOV	NAD_	1	3	2
Serbian_2.6	1369142	OSV	DNA_	3	2	1
Serbian_2.6	4535197	SOV	A_DN	1	2	1
Serbian_2.6	5047851	OSV	A_ND	2	1	1
Serbian_2.6	6616987	OSV	A_ND	2	1	1
Serbian_2.8	1010109	SOV	NAD_	1	3	2
Serbian_2.8	1123452	SOV	DA_N	2	1	1
Serbian_2.8	1761257	OSV	A_ND	2	1	1
Serbian_2.8	2124199	OSV	AD_N	1	1	2
Serbian_2.8	2335622	SOV	NA_D	1	2	1
Serbian_2.8	2411852	SOV	AD_N	1	1	2
Serbian_2.8	3909314	SOV	A_ND	2	1	1
Serbian_2.8	589930	SOV	DNA_	3	2	1
Serbian_2.8	7385915	OSV	DNA_	3	2	1
Serbian_2.8	7972558	SOV	NAD_	1	3	2
Serbian_2.8	8218082	SOV	NA_D	1	2	1
Slovak_2.6	1091702	OSV	DA_N	2	1	1
Slovak_2.6	1794356	OSV	NA_D	1	2	1
Slovak_2.6	3046137	OSV	DNA_	3	2	1
Slovak_2.6	3660951	OSV	DA_N	2	1	1
Slovak_2.6	6021439	OSV	DA_N	2	1	1
Slovak_2.6	6428408	OSV	NA_D	1	2	1
Slovak_2.6	7536341	SVO	NDA_	2	3	1
Slovak_2.6	109591	SVO	NA_D	1	2	1
Slovak_2.6	1832872	OSV	NA_D	1	2	1
Slovak_2.6	24549	SVO	DA_N	2	1	1
Slovak_2.6	424543	OSV	NDA_	2	3	1
Slovak_2.6	5675965	OSV	DA_N	2	1	1
Slovak_2.6	67288	SVO	NDA_	2	3	1
Slovak_2.6	9089123	OSV	DA_N	2	1	1
Slovak_2.6	9825457	SVO	NAD_	1	3	2
Slovak_2.6	2711875	SOV	NA_D	1	2	1
Slovak_2.6	3516325	OSV	NA_D	1	2	1
Slovak_2.6	38818	OSV	NA_D	1	2	1
Slovak_2.6	8108421	SOV	NDA_	2	3	1
Slovak_2.8	3284110	OSV	AN_D	1	1	2
Slovak_2.8	3298278	SOV	AN_D	1	1	2
Slovak_2.8	4269495	SVO	AN_D	1	1	2
Slovak_2.8	4572450	SOV	AND_	1	2	3
Slovak_2.8	4839554	SOV	DAN_	3	1	2
Slovak_2.8	5742613	SOV	A_ND	2	1	1
Slovak_2.8	6783556	OSV	AN_D	1	1	2
Slovak_2.8	6807772	SOV	A_DN	1	2	1
Slovak_2.8	7161985	SVO	AN_D	1	1	2
Slovak_2.8	7494512	SOV	AN_D	1	1	2
Slovak_2.8	758118	SOV	AN_D	1	1	2
Slovak_2.8	9969902	SOV	AN_D	1	1	2
Slovenian_2.6	2791553	SOV	A_ND	2	1	1
Slovenian_2.6	3043954	OSV	AN_D	1	1	2
Slovenian_2.6	3700497	SOV	AN_D	1	1	2
Slovenian_2.6	4297760	SOV	AN_D	1	1	2
Slovenian_2.6	4300980	OSV	DA_N	2	1	1
Slovenian_2.6	4550511	SOV	AN_D	1	1	2
Slovenian_2.6	5103532	OSV	AN_D	1	1	2
Slovenian_2.6	8497572	SOV	A_ND	2	1	1
Slovenian_2.6	9947701	OSV	DNA_	3	2	1
Slovenian_2.6	3241389	OSV	DAN_	3	1	2
Slovenian_2.6	4171161	OSV	DAN_	3	1	2
Slovenian_2.6	6902202	OSV	DAN_	3	1	2
Slovenian_2.6	76195	OSV	DNA_	3	2	1
Slovenian_2.6	795098	SVO	NAD_	1	3	2
Slovenian_2.6	7951000	OSV	NAD_	1	3	2
Slovenian_2.6	5114794	SOV	AN_D	1	1	2
Slovenian_2.8	1135925	OSV	NDA_	2	3	1
Slovenian_2.8	1828934	SOV	DA_N	2	1	1
Slovenian_2.8	2346376	SOV	NDA_	2	3	1
Slovenian_2.8	3064110	SOV	NA_D	1	2	1
Slovenian_2.8	3081034	OSV	NA_D	1	2	1
Slovenian_2.8	3222926	SOV	AN_D	1	1	2
Slovenian_2.8	3271077	SOV	NA_D	1	2	1
Slovenian_2.8	4184848	OSV	DNA_	3	2	1
Slovenian_2.8	6154368	SOV	NDA_	2	3	1
Slovenian_2.8	62552	SOV	NA_D	1	2	1
Slovenian_2.8	6797709	SVO	A_ND	2	1	1
Slovenian_2.8	8466619	SOV	NDA_	2	3	1
Slovenian_2.8	9566338	SOV	NDA_	2	3	1
Spanish_2.6	3346275	SOV	NA_D	1	2	1
Spanish_2.6	4858995	SOV	A_DN	1	2	1
Spanish_2.6	489920	SOV	NA_D	1	2	1
Spanish_2.6	5434769	SOV	NAD_	1	3	2
Spanish_2.6	5496887	SOV	NA_D	1	2	1
Spanish_2.6	6631213	SOV	NA_D	1	2	1
Spanish_2.6	7904478	OSV	A_DN	1	2	1
Spanish_2.6	7942676	SOV	NA_D	1	2	1
Spanish_2.6	8964033	SOV	A_DN	1	2	1
Spanish_2.6	9140909	SOV	NA_D	1	2	1
Spanish_2.6	2638298	SOV	NA_D	1	2	1
Spanish_2.6	3426695	SOV	NA_D	1	2	1
Spanish_2.6	6861544	SOV	NA_D	1	2	1
Spanish_2.6	8497296	SOV	NA_D	1	2	1
Spanish_2.6	986598	SOV	A_ND	2	1	1
Spanish_2.6	1489318	SVO	NA_D	1	2	1
Spanish_2.6	3155492	SVO	NA_D	1	2	1
Spanish_2.6	3711624	SOV	A_DN	1	2	1
Spanish_2.6	447695	SOV	NA_D	1	2	1
Spanish_2.6	539081	SOV	NA_D	1	2	1
Spanish_2.6	6500031	SVO	NA_D	1	2	1
Spanish_2.6	6505062	SOV	NA_D	1	2	1
Spanish_2.6	8118546	SOV	NA_D	1	2	1
Spanish_2.6	943402	SVO	NA_D	1	2	1
Spanish_2.6	274235	SOV	NA_D	1	2	1
Spanish_2.6	7078942	SOV	NA_D	1	2	1
Spanish_2.6	8965795	SOV	NA_D	1	2	1
Spanish_2.6	9930435	SOV	NA_D	1	2	1
Spanish_2.6	1798288	SOV	NA_D	1	2	1
Spanish_2.6	2273420	SOV	NA_D	1	2	1
Spanish_2.6	9219172	SOV	NA_D	1	2	1
Spanish_2.8	1659140	SOV	NA_D	1	2	1
Spanish_2.8	2368493	SOV	NA_D	1	2	1
Spanish_2.8	2430884	SOV	A_ND	2	1	1
Spanish_2.8	3025598	SOV	NA_D	1	2	1
Spanish_2.8	3702492	SOV	NA_D	1	2	1
Spanish_2.8	4815856	SOV	NA_D	1	2	1
Spanish_2.8	5026517	SOV	NA_D	1	2	1
Spanish_2.8	5265993	SOV	AND_	1	2	3
Spanish_2.8	5765018	SOV	AND_	1	2	3
Swedish_2.6	1723976	OSV	AND_	1	2	3
Swedish_2.6	2129554	SVO	AN_D	1	1	2
Swedish_2.6	220284	SVO	ADN_	2	1	3
Swedish_2.6	2628983	SVO	AN_D	1	1	2
Swedish_2.6	5655130	SVO	ADN_	2	1	3
Swedish_2.6	5871411	OSV	ADN_	2	1	3
Swedish_2.6	5924061	OSV	NAD_	1	3	2
Swedish_2.6	9560096	SVO	NAD_	1	3	2
Swedish_2.6	2530346	SVO	NAD_	1	3	2
Swedish_2.6	946924	SOV	NAD_	1	3	2
Swedish_2.6	2407911	SVO	AN_D	1	1	2
Swedish_2.6	5053471	SVO	DAN_	3	1	2
Swedish_2.6	5268296	SVO	AN_D	1	1	2
Swedish_2.6	5572115	SVO	ADN_	2	1	3
Swedish_2.6	6474413	SVO	DAN_	3	1	2
Swedish_2.6	7112248	SVO	DAN_	3	1	2
Swedish_2.6	8226134	SVO	ADN_	2	1	3
Swedish_2.6	9851261	SVO	AN_D	1	1	2
Swedish_2.6	9925329	SVO	DAN_	3	1	2
Swedish_2.6	6146909	SVO	NDA_	2	3	1
Swedish_2.6	7749374	SVO	NDA_	2	3	1
Swedish_2.8	2795789	SVO	AND_	1	2	3
Swedish_2.8	2880654	OSV	ADN_	2	1	3
Swedish_2.8	384870	SVO	NDA_	2	3	1
Swedish_2.8	4009449	SVO	DA_N	2	1	1
Swedish_2.8	4546299	SVO	NAD_	1	3	2
Swedish_2.8	4578585	OSV	AND_	1	2	3
Swedish_2.8	4934982	OSV	AND_	1	2	3
Swedish_2.8	5618585	SOV	NAD_	1	3	2
Swedish_2.8	6024421	SVO	AND_	1	2	3
Swedish_2.8	615091	SVO	DA_N	2	1	1
Swedish_2.8	7437953	OSV	NDA_	2	3	1
Swedish_2.8	840180	SVO	NDA_	2	3	1
Swedish_2.8	9436112	SVO	AD_N	1	1	2
Thai_2.6	2767308	OSV	DNA_	3	2	1
Thai_2.6	2231826	OSV	DNA_	3	2	1
Thai_2.6	2588005	SOV	A_ND	2	1	1
Thai_2.6	4457361	SOV	A_ND	2	1	1
Thai_2.6	4467881	SVO	NAD_	1	3	2
Thai_2.6	4540871	SOV	A_ND	2	1	1
Thai_2.6	4695518	OSV	A_ND	2	1	1
Thai_2.6	6411671	SOV	A_ND	2	1	1
Thai_2.6	6497928	SOV	A_ND	2	1	1
Thai_2.6	6660327	SVO	DNA_	3	2	1
Thai_2.6	6710463	OSV	A_DN	1	2	1
Thai_2.6	7661494	SVO	NAD_	1	3	2
Thai_2.6	8036918	SOV	DNA_	3	2	1
Thai_2.6	8798268	SVO	DNA_	3	2	1
Thai_2.6	8799731	SOV	A_ND	2	1	1
Thai_2.6	8902901	SOV	A_ND	2	1	1
Thai_2.6	9894405	SOV	A_ND	2	1	1
Thai_2.6	9987324	OSV	DNA_	3	2	1
Thai_2.6	2228866	SVO	DNA_	3	2	1
Thai_2.6	7845241	SOV	DAN_	3	1	2
Thai_2.8	1591062	OSV	A_ND	2	1	1
Thai_2.8	1795003	OSV	A_ND	2	1	1
Thai_2.8	219390	SVO	DAN_	3	1	2
Thai_2.8	2225293	OSV	DAN_	3	1	2
Thai_2.8	2378916	SOV	DAN_	3	1	2
Thai_2.8	3463771	OSV	A_DN	1	2	1
Thai_2.8	4665920	SOV	A_ND	2	1	1
Thai_2.8	5231236	OSV	A_ND	2	1	1
Thai_2.8	6152268	OSV	DNA_	3	2	1
Thai_2.8	7766968	SOV	DA_N	2	1	1
Thai_2.8	8455187	OSV	DAN_	3	1	2
Thai_2.8	9792142	SOV	A_ND	2	1	1
Thai_2.8	9831524	OSV	A_ND	2	1	1
Turkish_2.6	3176235	SOV	NDA_	2	3	1
Turkish_2.6	7405965	SOV	ADN_	2	1	3
Turkish_2.6	7524573	OSV	NDA_	2	3	1
Turkish_2.6	9305498	SOV	DAN_	3	1	2
Turkish_2.6	9307005	SOV	DAN_	3	1	2
Turkish_2.6	601747	OSV	AND_	1	2	3
Turkish_2.6	6526527	SOV	AND_	1	2	3
Turkish_2.6	1059226	SOV	ADN_	2	1	3
Turkish_2.6	2663466	SOV	ADN_	2	1	3
Turkish_2.6	3607393	SOV	DAN_	3	1	2
Turkish_2.6	3926084	SOV	ADN_	2	1	3
Turkish_2.6	4461155	SOV	ADN_	2	1	3
Turkish_2.6	5043978	SOV	ADN_	2	1	3
Turkish_2.6	6443473	SOV	AND_	1	2	3
Turkish_2.6	7261059	SVO	AND_	1	2	3
Turkish_2.6	7655548	SOV	ADN_	2	1	3
Turkish_2.6	7806437	SVO	NAD_	1	3	2
Turkish_2.6	7833149	SOV	DAN_	3	1	2
Turkish_2.6	8685085	SOV	ADN_	2	1	3
Turkish_2.6	8927336	OSV	ADN_	2	1	3
Turkish_2.6	9105790	SOV	NAD_	1	3	2
Turkish_2.6	9287233	SVO	NAD_	1	3	2
Turkish_2.7	9277904	OSV	NAD_	1	3	2
Turkish_2.7	3304519	SOV	AND_	1	2	3
Turkish_2.7	394376	OSV	ADN_	2	1	3
Turkish_2.7	6828802	OSV	ADN_	2	1	3
Turkish_2.7	8689438	OSV	ADN_	2	1	3
Turkish_2.7	1544237	SOV	ADN_	2	1	3
Turkish_2.7	846510	OSV	AND_	1	2	3
Turkish_2.7	8877743	OSV	ADN_	2	1	3
Turkish_2.7	9270598	OSV	ADN_	2	1	3
Turkish_2.8	1662888	SOV	AND_	1	2	3
Turkish_2.8	2523303	SOV	AND_	1	2	3
Turkish_2.8	2906890	SOV	AND_	1	2	3
Turkish_2.8	2973910	SOV	NAD_	1	3	2
Turkish_2.8	372746	OSV	ADN_	2	1	3
Turkish_2.8	4580248	SOV	NAD_	1	3	2
Turkish_2.8	561280	SOV	AND_	1	2	3
Turkish_2.8	6216805	OSV	AND_	1	2	3
Turkish_2.8	6547691	SOV	NAD_	1	3	2
Turkish_2.8	6623312	SOV	NAD_	1	3	2
Turkish_2.8	6748520	SOV	AND_	1	2	3
Turkish_2.8	790221	SOV	AND_	1	2	3
Turkish_2.8	7984441	OSV	AND_	1	2	3
Turkish_2.8	8166771	SOV	AND_	1	2	3
Ukrainian_2.6	2219768	OSV	DNA_	3	2	1
Ukrainian_2.6	2786395	SVO	NA_D	1	2	1
Ukrainian_2.6	4235030	OSV	NA_D	1	2	1
Ukrainian_2.6	4343310	OSV	NA_D	1	2	1
Ukrainian_2.6	454358	OSV	A_ND	2	1	1
Ukrainian_2.6	575860	OSV	NA_D	1	2	1
Ukrainian_2.6	9580359	OSV	A_ND	2	1	1
Ukrainian_2.6	1579528	SVO	NDA_	2	3	1
Ukrainian_2.6	4658996	SOV	NDA_	2	3	1
Ukrainian_2.6	634477	SOV	NDA_	2	3	1
Ukrainian_2.6	1126752	SVO	A_ND	2	1	1
Ukrainian_2.6	1516631	OSV	DNA_	3	2	1
Ukrainian_2.6	2279115	SVO	NA_D	1	2	1
Ukrainian_2.6	2487230	SOV	NA_D	1	2	1
Ukrainian_2.6	2590703	SVO	NA_D	1	2	1
Ukrainian_2.6	3691822	OSV	DNA_	3	2	1
Ukrainian_2.6	6468286	SVO	NA_D	1	2	1
Ukrainian_2.6	7572336	SVO	AN_D	1	1	2
Ukrainian_2.6	7740578	SVO	NA_D	1	2	1
Ukrainian_2.6	8432541	OSV	AN_D	1	1	2
Ukrainian_2.6	8490323	SVO	AND_	1	2	3
Ukrainian_2.6	7687792	SVO	AN_D	1	1	2
Ukrainian_2.6	1168520	SVO	NDA_	2	3	1
Ukrainian_2.6	7998521	SVO	NDA_	2	3	1
Ukrainian_2.8	16664	SVO	DA_N	2	1	1
Ukrainian_2.8	2061439	SVO	NDA_	2	3	1
Ukrainian_2.8	3426979	SOV	NDA_	2	3	1
Ukrainian_2.8	3861381	SOV	NDA_	2	3	1
Ukrainian_2.8	4073781	SVO	DA_N	2	1	1
Ukrainian_2.8	4592649	SVO	NDA_	2	3	1
Ukrainian_2.8	5432347	SVO	DA_N	2	1	1
Ukrainian_2.8	5913133	SOV	NDA_	2	3	1
Ukrainian_2.8	6934060	SVO	NDA_	2	3	1
Ukrainian_2.8	7093038	SOV	DA_N	2	1	1
Ukrainian_2.8	7303877	SOV	A_ND	2	1	1
Ukrainian_2.8	7955250	SOV	DNA_	3	2	1
Ukrainian_2.8	8873160	SVO	DNA_	3	2	1
Ukrainian_2.8	9355476	SVO	NDA_	2	3	1
Ukrainian_2.8	9678816	SVO	NDA_	2	3	1
Upper_Sorbian_2.6	1351736	SOV	NA_D	1	2	1
Upper_Sorbian_2.6	4006003	OSV	A_ND	2	1	1
Upper_Sorbian_2.6	7171681	SOV	NA_D	1	2	1
Upper_Sorbian_2.6	6670043	OSV	A_DN	1	2	1
Upper_Sorbian_2.6	9291247	OSV	NDA_	2	3	1
Upper_Sorbian_2.8	2263419	OSV	NA_D	1	2	1
Upper_Sorbian_2.8	4703681	SVO	NA_D	1	2	1
Upper_Sorbian_2.8	5274499	OSV	DNA_	3	2	1
Upper_Sorbian_2.8	5704553	OSV	A_DN	1	2	1
Upper_Sorbian_2.8	5848589	SOV	A_DN	1	2	1
Upper_Sorbian_2.8	5925333	SVO	NA_D	1	2	1
Upper_Sorbian_2.8	5926338	OSV	A_DN	1	2	1
Upper_Sorbian_2.8	7360088	SOV	A_DN	1	2	1
Upper_Sorbian_2.8	744702	SOV	NA_D	1	2	1
Upper_Sorbian_2.8	7471486	SVO	DA_N	2	1	1
Upper_Sorbian_2.8	7926102	OSV	A_DN	1	2	1
Upper_Sorbian_2.8	7998731	OSV	A_DN	1	2	1
Upper_Sorbian_2.8	8412590	OSV	DA_N	2	1	1
Urdu_2.6	1503459	SOV	DNA_	3	2	1
Urdu_2.6	2290891	SOV	DNA_	3	2	1
Urdu_2.6	2863978	SOV	NDA_	2	3	1
Urdu_2.6	4132310	SOV	DNA_	3	2	1
Urdu_2.6	7101205	OSV	DNA_	3	2	1
Urdu_2.6	8983095	SOV	DNA_	3	2	1
Urdu_2.6	9619326	SOV	DNA_	3	2	1
Urdu_2.6	2873318	SOV	NDA_	2	3	1
Urdu_2.6	1607253	SVO	AND_	1	2	3
Urdu_2.6	1902	SVO	DNA_	3	2	1
Urdu_2.6	2003247	SOV	DNA_	3	2	1
Urdu_2.6	2729208	OSV	DAN_	3	1	2
Urdu_2.6	3231565	OSV	NDA_	2	3	1
Urdu_2.6	5125350	SOV	NDA_	2	3	1
Urdu_2.6	8157839	SOV	DNA_	3	2	1
Urdu_2.6	8953700	SVO	DNA_	3	2	1
Urdu_2.6	2760351	SOV	NDA_	2	3	1
Urdu_2.6	3230796	SOV	NDA_	2	3	1
Urdu_2.8	1154303	OSV	DA_N	2	1	1
Urdu_2.8	4445156	SOV	NDA_	2	3	1
Urdu_2.8	6512830	SOV	NDA_	2	3	1
Urdu_2.8	7436269	SOV	NAD_	1	3	2
Urdu_2.8	7719192	SOV	NAD_	1	3	2
Urdu_2.8	7798207	SOV	NDA_	2	3	1
Urdu_2.8	9926641	SOV	NDA_	2	3	1
Uyghur_2.6	2555877	SOV	NDA_	2	3	1
Uyghur_2.6	429381	SOV	NDA_	2	3	1
Uyghur_2.6	512913	SVO	A_ND	2	1	1
Uyghur_2.6	7457435	SOV	NDA_	2	3	1
Uyghur_2.6	7218397	SOV	DAN_	3	1	2
Uyghur_2.6	8814949	SOV	NDA_	2	3	1
Uyghur_2.6	3502655	SOV	DNA_	3	2	1
Uyghur_2.6	3664184	SOV	NDA_	2	3	1
Uyghur_2.6	3772490	SOV	NDA_	2	3	1
Uyghur_2.6	9147664	SOV	NDA_	2	3	1
Uyghur_2.6	50176	SOV	NDA_	2	3	1
Uyghur_2.6	5458174	SOV	NA_D	1	2	1
Uyghur_2.6	6094478	SOV	NDA_	2	3	1
Uyghur_2.6	8550144	SOV	DAN_	3	1	2
Uyghur_2.6	9138449	SOV	A_ND	2	1	1
Uyghur_2.8	2728486	SOV	DA_N	2	1	1
Uyghur_2.8	2948951	SOV	NDA_	2	3	1
Uyghur_2.8	4094303	SOV	A_ND	2	1	1
Uyghur_2.8	4158323	SOV	DNA_	3	2	1
Uyghur_2.8	4469394	SOV	DA_N	2	1	1
Uyghur_2.8	6726054	SOV	DA_N	2	1	1
Uyghur_2.8	7265940	SOV	NDA_	2	3	1
Uyghur_2.8	7874504	SOV	DNA_	3	2	1
Uyghur_2.8	8141165	SOV	NA_D	1	2	1
Uyghur_2.8	8737925	SOV	DNA_	3	2	1
Uyghur_2.8	9342173	SOV	DA_N	2	1	1
Uyghur_2.8	9816331	SOV	DAN_	3	1	2
Vietnamese_2.6	3061709	SOV	A_DN	1	2	1
Vietnamese_2.6	5612469	SOV	A_DN	1	2	1
Vietnamese_2.6	5840406	SOV	DAN_	3	1	2
Vietnamese_2.6	6269680	SOV	A_DN	1	2	1
Vietnamese_2.6	7824953	SOV	AN_D	1	1	2
Vietnamese_2.6	898700	OSV	A_DN	1	2	1
Vietnamese_2.6	8990632	SOV	DAN_	3	1	2
Vietnamese_2.6	9875689	SOV	NDA_	2	3	1
Vietnamese_2.6	6809757	SOV	NA_D	1	2	1
Vietnamese_2.6	1129470	SVO	DAN_	3	1	2
Vietnamese_2.6	1794416	SOV	DAN_	3	1	2
Vietnamese_2.6	5045159	SOV	DAN_	3	1	2
Vietnamese_2.6	5316550	SOV	AND_	1	2	3
Vietnamese_2.6	6638722	SVO	AN_D	1	1	2
Vietnamese_2.6	8515644	SVO	DAN_	3	1	2
Vietnamese_2.6	9930506	SOV	AN_D	1	1	2
Vietnamese_2.6	2791087	SOV	DAN_	3	1	2
Vietnamese_2.6	5166570	SOV	DAN_	3	1	2
Vietnamese_2.6	6593206	SOV	DAN_	3	1	2
Vietnamese_2.6	4248634	SOV	DNA_	3	2	1
Vietnamese_2.6	7779548	OSV	DNA_	3	2	1
Vietnamese_2.8	2779505	SOV	NA_D	1	2	1
Vietnamese_2.8	3454720	OSV	DNA_	3	2	1
Vietnamese_2.8	415725	OSV	AN_D	1	1	2
Vietnamese_2.8	5248519	SOV	NA_D	1	2	1
Vietnamese_2.8	6451843	SOV	NDA_	2	3	1
Vietnamese_2.8	6516159	SOV	DNA_	3	2	1
Vietnamese_2.8	6786770	SVO	NA_D	1	2	1
Vietnamese_2.8	6799782	OSV	NA_D	1	2	1
Vietnamese_2.8	715391	SOV	NA_D	1	2	1
Vietnamese_2.8	7593461	SOV	ADN_	2	1	3
Vietnamese_2.8	7907932	SOV	NAD_	1	3	2
Vietnamese_2.8	945987	SVO	NAD_	1	3	2
Vietnamese_2.8	9804091	SOV	A_ND	2	1	1
Welsh_2.6	3675791	SOV	A_ND	2	1	1
Welsh_2.6	6899231	SOV	A_ND	2	1	1
Welsh_2.6	9392442	SOV	A_ND	2	1	1
Welsh_2.6	1331470	SOV	A_ND	2	1	1
Welsh_2.6	2018112	SOV	A_ND	2	1	1
Welsh_2.6	647286	SOV	A_ND	2	1	1
Welsh_2.6	7320795	OSV	ADN_	2	1	3
Welsh_2.6	7415399	OSV	AN_D	1	1	2
Welsh_2.6	7673341	SVO	A_ND	2	1	1
Welsh_2.6	8202614	OSV	A_ND	2	1	1
Welsh_2.6	8536017	OSV	NA_D	1	2	1
Welsh_2.8	4112739	SOV	DNA_	3	2	1
Welsh_2.8	4491461	SOV	DNA_	3	2	1
Welsh_2.8	4721865	OSV	A_ND	2	1	1
Welsh_2.8	5771732	SOV	DNA_	3	2	1
Welsh_2.8	5889455	SOV	A_ND	2	1	1
Welsh_2.8	6227925	SOV	DNA_	3	2	1
Welsh_2.8	6502461	OSV	A_ND	2	1	1
Welsh_2.8	7996588	SOV	DNA_	3	2	1
Welsh_2.8	8320908	OSV	A_ND	2	1	1
Welsh_2.8	9325259	SOV	A_ND	2	1	1
Western_Armenian_2.8	1047916	SVO	NA_D	1	2	1
Western_Armenian_2.8	1438400	SOV	NAD_	1	3	2
Western_Armenian_2.8	1768269	OSV	A_DN	1	2	1
Western_Armenian_2.8	2519934	SOV	ADN_	2	1	3
Western_Armenian_2.8	2575481	SVO	A_ND	2	1	1
Western_Armenian_2.8	4760159	SVO	AN_D	1	1	2
Western_Armenian_2.8	5183493	OSV	A_DN	1	2	1
Western_Armenian_2.8	5657377	SOV	AND_	1	2	3
Western_Armenian_2.8	6205254	OSV	DNA_	3	2	1
Western_Armenian_2.8	7498183	SOV	A_ND	2	1	1
Western_Armenian_2.8	7796711	SOV	AD_N	1	1	2
Western_Armenian_2.8	8909143	SVO	A_ND	2	1	1
Western_Armenian_2.8	8978578	SVO	ADN_	2	1	3
Western_Armenian_2.8	8983997	OSV	NA_D	1	2	1
Western_Armenian_2.8	8995084	OSV	NDA_	2	3	1
Wolof_2.6	5110726	SVO	AND_	1	2	3
Wolof_2.6	5255902	SVO	AND_	1	2	3
Wolof_2.6	6200089	SVO	NAD_	1	3	2
Wolof_2.6	6561395	SOV	AND_	1	2	3
Wolof_2.6	6840660	SVO	NAD_	1	3	2
Wolof_2.6	7344028	SVO	A_DN	1	2	1
Wolof_2.6	9148494	SVO	AND_	1	2	3
Wolof_2.6	1963371	SVO	A_DN	1	2	1
Wolof_2.6	3089548	SOV	AD_N	1	1	2
Wolof_2.6	3520883	SVO	A_DN	1	2	1
Wolof_2.6	761311	SVO	A_DN	1	2	1
Wolof_2.6	2806836	SVO	AND_	1	2	3
Wolof_2.6	3796347	SVO	NAD_	1	3	2
Wolof_2.6	6987432	SVO	NDA_	2	3	1
Wolof_2.6	7942022	SVO	NDA_	2	3	1
Wolof_2.6	8341058	OSV	NAD_	1	3	2
Wolof_2.6	9545022	SOV	AND_	1	2	3
Wolof_2.6	9595622	OSV	NAD_	1	3	2
Wolof_2.6	24907	SVO	A_DN	1	2	1
Wolof_2.6	3091797	SVO	A_DN	1	2	1
Wolof_2.6	8481362	SOV	AD_N	1	1	2
Wolof_2.8	2228102	SVO	A_DN	1	2	1
Wolof_2.8	2470115	SVO	A_DN	1	2	1
Wolof_2.8	271692	SVO	AND_	1	2	3
Wolof_2.8	4132625	SVO	A_DN	1	2	1
Wolof_2.8	5741805	SVO	A_DN	1	2	1
Wolof_2.8	5829927	SVO	NAD_	1	3	2
Wolof_2.8	6047291	SVO	A_DN	1	2	1
Wolof_2.8	6328002	SVO	A_DN	1	2	1
Wolof_2.8	6997923	SVO	A_DN	1	2	1
Wolof_2.8	7085632	SVO	A_DN	1	2	1
Wolof_2.8	9632407	SVO	A_DN	1	2	1
Wolof_2.8	9972248	SVO	A_DN	1	2	1
Yoruba_2.6	2997138	SVO	AN_D	1	1	2
Yoruba_2.6	3422145	SVO	AN_D	1	1	2
Yoruba_2.6	353217	SVO	A_DN	1	2	1
Yoruba_2.6	4226942	SVO	AD_N	1	1	2
Yoruba_2.6	7063026	SVO	AD_N	1	1	2
Yoruba_2.6	7668200	OSV	NA_D	1	2	1
Yoruba_2.6	7749739	SVO	AN_D	1	1	2
Yoruba_2.6	7769757	SOV	NA_D	1	2	1
Yoruba_2.6	7930673	SVO	AN_D	1	1	2
Yoruba_2.6	8329730	SVO	AN_D	1	1	2
Yoruba_2.6	8623932	SVO	AD_N	1	1	2
Yoruba_2.6	873690	SVO	A_DN	1	2	1
