language	ID	basic	np	Dist_D	Dist_N	Dist_A	SatisfiedCorrelations
Afrikaans_2.8	2272558	SVO	AN_D	1	1	2	6
Afrikaans_2.8	2432248	OSV	AN_D	1	1	2	5
Afrikaans_2.8	3049200	OSV	AN_D	1	1	2	6
Afrikaans_2.8	4758453	OSV	AN_D	1	1	2	5
Afrikaans_2.8	4869876	OSV	AN_D	1	1	2	6
Afrikaans_2.8	5686896	SVO	AN_D	1	1	2	3
Afrikaans_2.8	5865172	SVO	AN_D	1	1	2	6
Afrikaans_2.8	5875076	SVO	DAN_	3	1	2	6
Afrikaans_2.8	6348666	SVO	A_ND	2	1	1	6
Afrikaans_2.8	7996462	SVO	AN_D	1	1	2	6
Akkadian_2.8	2076328	OSV	NDA_	2	3	1	5
Akkadian_2.8	4994306	OSV	DNA_	3	2	1	3
Akkadian_2.8	5306255	SVO	DA_N	2	1	1	5
Akkadian_2.8	5449123	OSV	DNA_	3	2	1	3
Akkadian_2.8	598615	SOV	DNA_	3	2	1	5
Akkadian_2.8	6294461	OSV	DNA_	3	2	1	3
Akkadian_2.8	6624101	SVO	DNA_	3	2	1	3
Akkadian_2.8	6760821	OSV	DNA_	3	2	1	4
Akkadian_2.8	7847616	OSV	NDA_	2	3	1	3
Akkadian_2.8	9790181	SVO	DNA_	3	2	1	3
Amharic_2.8	1265076	SOV	DAN_	3	1	2	7
Amharic_2.8	1331329	SVO	AN_D	1	1	2	3
Amharic_2.8	1587513	SVO	A_DN	1	2	1	6
Amharic_2.8	3364759	SOV	AD_N	1	1	2	8
Amharic_2.8	3622590	SOV	AD_N	1	1	2	8
Amharic_2.8	4426094	SOV	AD_N	1	1	2	8
Amharic_2.8	5562544	SOV	NA_D	1	2	1	3
Amharic_2.8	7986741	SOV	AD_N	1	1	2	8
Amharic_2.8	8665157	SOV	AD_N	1	1	2	4
Amharic_2.8	910877	SOV	AN_D	1	1	2	2
Ancient_Greek_2.8	113365	SVO	AN_D	1	1	2	7
Ancient_Greek_2.8	1908552	SVO	AN_D	1	1	2	7
Ancient_Greek_2.8	2645379	SVO	AN_D	1	1	2	7
Ancient_Greek_2.8	3551702	SVO	AN_D	1	1	2	7
Ancient_Greek_2.8	4260415	SOV	AD_N	1	1	2	6
Ancient_Greek_2.8	4740474	SVO	AD_N	1	1	2	3
Ancient_Greek_2.8	6971896	SOV	AD_N	1	1	2	6
Ancient_Greek_2.8	7736577	SVO	AD_N	1	1	2	6
Ancient_Greek_2.8	834767	SVO	AN_D	1	1	2	7
Ancient_Greek_2.8	8947563	SVO	AN_D	1	1	2	7
Arabic_2.8	2130044	SOV	DNA_	3	2	1	8
Arabic_2.8	2532806	SOV	NDA_	2	3	1	8
Arabic_2.8	2741993	SOV	DAN_	3	1	2	8
Arabic_2.8	3284041	SOV	DNA_	3	2	1	8
Arabic_2.8	3782996	SOV	DNA_	3	2	1	8
Arabic_2.8	653541	SOV	NDA_	2	3	1	8
Arabic_2.8	6991789	SOV	DNA_	3	2	1	8
Arabic_2.8	8027855	SOV	DNA_	3	2	1	8
Arabic_2.8	8479609	SOV	NDA_	2	3	1	8
Arabic_2.8	8931361	SVO	DNA_	3	2	1	5
Armenian_2.8	1844559	SVO	DA_N	2	1	1	7
Armenian_2.8	2094644	SOV	A_ND	2	1	1	5
Armenian_2.8	2396216	SOV	NA_D	1	2	1	8
Armenian_2.8	3858706	SVO	NDA_	2	3	1	8
Armenian_2.8	4337802	SOV	NA_D	1	2	1	7
Armenian_2.8	4400847	SOV	NA_D	1	2	1	8
Armenian_2.8	5623436	SOV	NA_D	1	2	1	7
Armenian_2.8	5723886	SOV	A_DN	1	2	1	7
Armenian_2.8	5904814	SVO	AN_D	1	1	2	7
Armenian_2.8	8917197	SVO	A_ND	2	1	1	8
Bambara_2.8	1009497	SOV	A_ND	2	1	1	7
Bambara_2.8	1157463	SOV	A_DN	1	2	1	3
Bambara_2.8	1392314	SOV	A_DN	1	2	1	4
Bambara_2.8	2516851	SOV	NDA_	2	3	1	3
Bambara_2.8	4173344	SOV	A_DN	1	2	1	7
Bambara_2.8	4753600	SOV	A_ND	2	1	1	7
Bambara_2.8	6239982	SOV	A_DN	1	2	1	4
Bambara_2.8	6296346	SOV	A_DN	1	2	1	4
Bambara_2.8	6850054	SOV	A_DN	1	2	1	3
Bambara_2.8	8382079	SOV	NA_D	1	2	1	7
Basque_2.8	2228511	SOV	DNA_	3	2	1	8
Basque_2.8	2435855	SOV	NDA_	2	3	1	8
Basque_2.8	4006251	SOV	A_ND	2	1	1	8
Basque_2.8	5012702	SOV	DNA_	3	2	1	7
Basque_2.8	5258940	SOV	DNA_	3	2	1	8
Basque_2.8	5851041	SOV	DNA_	3	2	1	8
Basque_2.8	8534054	SOV	DNA_	3	2	1	8
Basque_2.8	8655713	SOV	NDA_	2	3	1	8
Basque_2.8	9091841	SOV	NDA_	2	3	1	8
Basque_2.8	9970684	SOV	DNA_	3	2	1	8
Belarusian_2.8	1039579	SVO	DA_N	2	1	1	8
Belarusian_2.8	1081619	SVO	DA_N	2	1	1	8
Belarusian_2.8	1304892	SVO	DA_N	2	1	1	6
Belarusian_2.8	2663887	SVO	DA_N	2	1	1	8
Belarusian_2.8	3278050	SVO	A_ND	2	1	1	5
Belarusian_2.8	5510839	SVO	DA_N	2	1	1	8
Belarusian_2.8	5812576	SVO	DA_N	2	1	1	8
Belarusian_2.8	6221961	SVO	DA_N	2	1	1	6
Belarusian_2.8	9232419	SVO	DA_N	2	1	1	8
Belarusian_2.8	9730617	SVO	A_DN	1	2	1	5
Breton_2.8	151356	OSV	A_ND	2	1	1	5
Breton_2.8	1689071	OSV	DA_N	2	1	1	6
Breton_2.8	1897885	OSV	A_ND	2	1	1	3
Breton_2.8	2361528	SOV	ADN_	2	1	3	3
Breton_2.8	256414	SOV	AN_D	1	1	2	7
Breton_2.8	3460835	SOV	DA_N	2	1	1	4
Breton_2.8	4845744	OSV	DAN_	3	1	2	5
Breton_2.8	4941102	SVO	DAN_	3	1	2	6
Breton_2.8	5142327	SOV	AN_D	1	1	2	8
Breton_2.8	6658111	SOV	AN_D	1	1	2	7
Bulgarian_2.8	1270354	SOV	DA_N	2	1	1	3
Bulgarian_2.8	1951167	SOV	AN_D	1	1	2	8
Bulgarian_2.8	2507611	SOV	NA_D	1	2	1	8
Bulgarian_2.8	397038	SOV	NA_D	1	2	1	8
Bulgarian_2.8	4439299	SOV	DAN_	3	1	2	6
Bulgarian_2.8	59347	SOV	NA_D	1	2	1	8
Bulgarian_2.8	6515421	SOV	DNA_	3	2	1	6
Bulgarian_2.8	7320966	SOV	DAN_	3	1	2	6
Bulgarian_2.8	8753418	SOV	AN_D	1	1	2	8
Bulgarian_2.8	8877405	SOV	DAN_	3	1	2	5
Buryat_2.8	2098686	SOV	DAN_	3	1	2	3
Buryat_2.8	2140840	SOV	DA_N	2	1	1	7
Buryat_2.8	2330247	SOV	A_DN	1	2	1	6
Buryat_2.8	3757432	SOV	NDA_	2	3	1	6
Buryat_2.8	516887	SOV	DAN_	3	1	2	3
Buryat_2.8	6286989	SOV	DAN_	3	1	2	2
Buryat_2.8	703074	SOV	NDA_	2	3	1	6
Buryat_2.8	7174002	SVO	NAD_	1	3	2	5
Buryat_2.8	7998680	SOV	DNA_	3	2	1	3
Buryat_2.8	9097146	SOV	NDA_	2	3	1	7
Cantonese_2.8	1290130	SVO	ADN_	2	1	3	5
Cantonese_2.8	2403414	SOV	ADN_	2	1	3	7
Cantonese_2.8	2863393	SOV	A_ND	2	1	1	5
Cantonese_2.8	2880586	SOV	DNA_	3	2	1	6
Cantonese_2.8	3727443	SOV	ADN_	2	1	3	7
Cantonese_2.8	3776223	SOV	DNA_	3	2	1	6
Cantonese_2.8	4759783	SOV	DNA_	3	2	1	6
Cantonese_2.8	8218626	SOV	DNA_	3	2	1	6
Cantonese_2.8	8753952	SOV	ADN_	2	1	3	5
Cantonese_2.8	9515852	SOV	DNA_	3	2	1	6
Catalan_2.8	169342	SOV	A_DN	1	2	1	8
Catalan_2.8	221328	SOV	NA_D	1	2	1	8
Catalan_2.8	2600803	SOV	A_DN	1	2	1	8
Catalan_2.8	3591881	OSV	A_DN	1	2	1	7
Catalan_2.8	3922153	SOV	NA_D	1	2	1	8
Catalan_2.8	6487202	SOV	A_DN	1	2	1	8
Catalan_2.8	6648767	SOV	NA_D	1	2	1	8
Catalan_2.8	7932728	SOV	NA_D	1	2	1	8
Catalan_2.8	802152	SOV	A_DN	1	2	1	8
Catalan_2.8	9992444	SOV	A_DN	1	2	1	5
Chinese_2.8	4358856	SOV	AN_D	1	1	2	7
Chinese_2.8	5648872	SOV	DA_N	2	1	1	5
Chinese_2.8	5661341	SOV	AN_D	1	1	2	7
Chinese_2.8	6048997	SOV	AN_D	1	1	2	7
Chinese_2.8	6551783	SOV	DNA_	3	2	1	6
Chinese_2.8	7459539	SOV	AN_D	1	1	2	7
Chinese_2.8	7470743	SOV	ADN_	2	1	3	7
Chinese_2.8	8130352	SOV	AN_D	1	1	2	7
Chinese_2.8	9050252	SOV	NA_D	1	2	1	6
Chinese_2.8	9671559	SOV	A_ND	2	1	1	5
Classical_Chinese_2.8	1902083	SOV	DA_N	2	1	1	6
Classical_Chinese_2.8	2113484	SOV	DNA_	3	2	1	7
Classical_Chinese_2.8	3504106	SOV	DA_N	2	1	1	7
Classical_Chinese_2.8	4188111	SOV	NA_D	1	2	1	7
Classical_Chinese_2.8	4359199	SOV	DA_N	2	1	1	6
Classical_Chinese_2.8	4512090	SOV	DNA_	3	2	1	7
Classical_Chinese_2.8	6042694	SOV	A_ND	2	1	1	7
Classical_Chinese_2.8	7673536	SOV	NA_D	1	2	1	7
Classical_Chinese_2.8	9334963	SOV	DNA_	3	2	1	6
Classical_Chinese_2.8	9772059	SOV	DA_N	2	1	1	6
Coptic_2.8	1151212	SVO	NA_D	1	2	1	8
Coptic_2.8	2038510	SVO	DA_N	2	1	1	8
Coptic_2.8	26751	SVO	DA_N	2	1	1	8
Coptic_2.8	3567960	SVO	DA_N	2	1	1	8
Coptic_2.8	3874262	SVO	NA_D	1	2	1	8
Coptic_2.8	589391	SVO	DA_N	2	1	1	8
Coptic_2.8	7518379	SVO	NDA_	2	3	1	7
Coptic_2.8	8795395	SVO	DA_N	2	1	1	8
Coptic_2.8	9282092	SVO	DA_N	2	1	1	8
Coptic_2.8	9559648	SVO	DA_N	2	1	1	4
Croatian_2.8	2737746	SOV	DA_N	2	1	1	8
Croatian_2.8	3061133	SOV	DA_N	2	1	1	5
Croatian_2.8	3231402	SOV	DA_N	2	1	1	5
Croatian_2.8	4481880	SOV	DA_N	2	1	1	8
Croatian_2.8	588294	SOV	DA_N	2	1	1	8
Croatian_2.8	7313024	SOV	DA_N	2	1	1	8
Croatian_2.8	7819862	SOV	DA_N	2	1	1	5
Croatian_2.8	8196488	SOV	DA_N	2	1	1	8
Croatian_2.8	8309747	SOV	DA_N	2	1	1	8
Croatian_2.8	9071544	SOV	DA_N	2	1	1	8
Danish_2.8	1701313	SOV	DAN_	3	1	2	8
Danish_2.8	2067588	SVO	AD_N	1	1	2	6
Danish_2.8	2546667	OSV	NAD_	1	3	2	8
Danish_2.8	2741497	SOV	NDA_	2	3	1	8
Danish_2.8	3053532	SOV	DAN_	3	1	2	8
Danish_2.8	3255728	SOV	NDA_	2	3	1	8
Danish_2.8	4230444	OSV	NDA_	2	3	1	8
Danish_2.8	5766082	SOV	AD_N	1	1	2	8
Danish_2.8	7943880	OSV	NDA_	2	3	1	8
Danish_2.8	8377040	OSV	A_ND	2	1	1	8
Dutch_2.8	2523259	SOV	NA_D	1	2	1	8
Dutch_2.8	3599262	SOV	NA_D	1	2	1	8
Dutch_2.8	3663744	SOV	NA_D	1	2	1	8
Dutch_2.8	374298	SOV	NA_D	1	2	1	7
Dutch_2.8	4814022	SOV	A_ND	2	1	1	5
Dutch_2.8	526540	SOV	NA_D	1	2	1	8
Dutch_2.8	6344571	SOV	NA_D	1	2	1	8
Dutch_2.8	8500069	SOV	NA_D	1	2	1	8
Dutch_2.8	8969658	SOV	A_ND	2	1	1	5
Dutch_2.8	9680902	SOV	NA_D	1	2	1	8
English_2.8	1340619	SVO	NA_D	1	2	1	8
English_2.8	1992949	SVO	NA_D	1	2	1	8
English_2.8	2864607	SVO	NA_D	1	2	1	8
English_2.8	3177054	SVO	AN_D	1	1	2	8
English_2.8	4175128	SOV	A_DN	1	2	1	8
English_2.8	4814445	SVO	AN_D	1	1	2	6
English_2.8	6270719	SVO	NA_D	1	2	1	8
English_2.8	7229174	SVO	A_ND	2	1	1	8
English_2.8	7309469	SVO	AN_D	1	1	2	8
English_2.8	7343318	SOV	A_DN	1	2	1	8
English_2.8	7397660	SVO	NA_D	1	2	1	8
Erzya_2.8	2237770	SOV	DA_N	2	1	1	6
Erzya_2.8	406012	SOV	DA_N	2	1	1	4
Erzya_2.8	5455345	SVO	DNA_	3	2	1	2
Erzya_2.8	585480	SOV	DNA_	3	2	1	5
Erzya_2.8	6330659	SVO	DNA_	3	2	1	3
Erzya_2.8	7365367	SOV	DNA_	3	2	1	3
Erzya_2.8	7372047	SOV	DA_N	2	1	1	3
Erzya_2.8	7402244	SOV	DAN_	3	1	2	3
Erzya_2.8	7433569	SOV	NDA_	2	3	1	4
Erzya_2.8	8491748	SOV	DNA_	3	2	1	6
Estonian_2.8	1317571	SOV	DAN_	3	1	2	8
Estonian_2.8	1352392	OSV	DAN_	3	1	2	8
Estonian_2.8	314030	OSV	DAN_	3	1	2	8
Estonian_2.8	5161186	OSV	DAN_	3	1	2	8
Estonian_2.8	5233958	OSV	DAN_	3	1	2	8
Estonian_2.8	6182815	OSV	DAN_	3	1	2	8
Estonian_2.8	6217820	OSV	DAN_	3	1	2	7
Estonian_2.8	6443572	OSV	DAN_	3	1	2	7
Estonian_2.8	859103	SOV	DAN_	3	1	2	8
Estonian_2.8	9015688	OSV	DAN_	3	1	2	8
Faroese_2.8	1965665	SVO	DAN_	3	1	2	5
Faroese_2.8	2560968	OSV	DAN_	3	1	2	6
Faroese_2.8	479561	SVO	NDA_	2	3	1	7
Faroese_2.8	5102445	SOV	DA_N	2	1	1	7
Faroese_2.8	5249684	SOV	NDA_	2	3	1	7
Faroese_2.8	5922703	SOV	NDA_	2	3	1	7
Faroese_2.8	6340596	SVO	DAN_	3	1	2	3
Faroese_2.8	6822029	SOV	DA_N	2	1	1	7
Faroese_2.8	792693	SOV	DNA_	3	2	1	7
Faroese_2.8	99618	SVO	AN_D	1	1	2	6
Finnish_2.8	1961554	SOV	DAN_	3	1	2	8
Finnish_2.8	3969874	OSV	A_DN	1	2	1	7
Finnish_2.8	4662722	SOV	DAN_	3	1	2	8
Finnish_2.8	5137101	OSV	AND_	1	2	3	8
Finnish_2.8	5745789	OSV	AND_	1	2	3	8
Finnish_2.8	587705	SOV	DAN_	3	1	2	8
Finnish_2.8	6489289	OSV	DAN_	3	1	2	7
Finnish_2.8	6955256	SOV	DAN_	3	1	2	8
Finnish_2.8	8157897	OSV	NDA_	2	3	1	7
Finnish_2.8	8495564	OSV	AND_	1	2	3	8
French_2.8	1330692	SVO	A_ND	2	1	1	8
French_2.8	2690448	SVO	A_ND	2	1	1	8
French_2.8	3449493	SVO	A_ND	2	1	1	8
French_2.8	4103438	SVO	A_ND	2	1	1	8
French_2.8	4264652	OSV	A_ND	2	1	1	7
French_2.8	4559902	SVO	A_ND	2	1	1	8
French_2.8	6271623	SVO	A_ND	2	1	1	8
French_2.8	7617516	SVO	A_ND	2	1	1	8
French_2.8	8286138	SVO	A_ND	2	1	1	8
French_2.8	8778263	SVO	A_ND	2	1	1	8
Galician_2.8	2140196	SVO	A_DN	1	2	1	7
Galician_2.8	2415636	SVO	A_DN	1	2	1	5
Galician_2.8	263285	OSV	A_DN	1	2	1	2
Galician_2.8	3389473	OSV	A_DN	1	2	1	0
Galician_2.8	3718950	SVO	A_DN	1	2	1	5
Galician_2.8	4559231	SOV	A_DN	1	2	1	7
Galician_2.8	5058768	SVO	A_DN	1	2	1	5
Galician_2.8	6387230	SVO	A_DN	1	2	1	5
Galician_2.8	8780873	OSV	NA_D	1	2	1	0
Galician_2.8	9874472	SVO	A_ND	2	1	1	3
Gothic_2.8	2270264	SOV	DA_N	2	1	1	6
Gothic_2.8	2440093	OSV	DNA_	3	2	1	6
Gothic_2.8	3612653	OSV	DA_N	2	1	1	6
Gothic_2.8	4201380	OSV	DNA_	3	2	1	6
Gothic_2.8	4259635	SOV	A_ND	2	1	1	6
Gothic_2.8	4645489	OSV	DA_N	2	1	1	6
Gothic_2.8	6323491	SVO	DAN_	3	1	2	5
Gothic_2.8	6536798	SOV	NA_D	1	2	1	1
Gothic_2.8	7900957	OSV	DA_N	2	1	1	6
Gothic_2.8	8044736	SOV	DNA_	3	2	1	6
Greek_2.8	1501849	SVO	NA_D	1	2	1	8
Greek_2.8	2283558	SOV	NA_D	1	2	1	3
Greek_2.8	4658241	SOV	NA_D	1	2	1	2
Greek_2.8	5610909	SVO	NA_D	1	2	1	8
Greek_2.8	5989519	SOV	NA_D	1	2	1	2
Greek_2.8	6115278	SOV	NA_D	1	2	1	0
Greek_2.8	6773693	SVO	A_DN	1	2	1	5
Greek_2.8	6793989	SVO	NA_D	1	2	1	8
Greek_2.8	8240704	SOV	NA_D	1	2	1	3
Greek_2.8	977179	SVO	NA_D	1	2	1	6
Hebrew_2.8	2145421	SOV	DA_N	2	1	1	8
Hebrew_2.8	3143669	SVO	DA_N	2	1	1	6
Hebrew_2.8	3882781	SOV	ADN_	2	1	3	8
Hebrew_2.8	4879648	SOV	ADN_	2	1	3	7
Hebrew_2.8	5450390	SVO	DA_N	2	1	1	6
Hebrew_2.8	5909105	SVO	DA_N	2	1	1	7
Hebrew_2.8	6323363	SVO	DA_N	2	1	1	8
Hebrew_2.8	6762298	SOV	DAN_	3	1	2	8
Hebrew_2.8	8149735	SOV	ADN_	2	1	3	8
Hebrew_2.8	9624453	SOV	DAN_	3	1	2	8
Hindi_2.8	35113	SOV	DNA_	3	2	1	8
Hindi_2.8	4927463	SOV	DNA_	3	2	1	8
Hindi_2.8	5132131	SOV	DNA_	3	2	1	8
Hindi_2.8	5586561	SOV	DNA_	3	2	1	8
Hindi_2.8	6506808	OSV	DNA_	3	2	1	7
Hindi_2.8	6667616	SOV	DNA_	3	2	1	8
Hindi_2.8	7227023	SOV	DNA_	3	2	1	8
Hindi_2.8	7255979	SOV	NDA_	2	3	1	8
Hindi_2.8	786928	SOV	DNA_	3	2	1	8
Hindi_2.8	9509314	SOV	DNA_	3	2	1	8
Hungarian_2.8	110258	OSV	DAN_	3	1	2	7
Hungarian_2.8	3994760	SOV	DAN_	3	1	2	6
Hungarian_2.8	4675060	SOV	DAN_	3	1	2	5
Hungarian_2.8	548311	OSV	DAN_	3	1	2	5
Hungarian_2.8	5542595	SOV	DAN_	3	1	2	6
Hungarian_2.8	5729281	OSV	DAN_	3	1	2	7
Hungarian_2.8	8543350	SOV	DAN_	3	1	2	6
Hungarian_2.8	8639549	SOV	DAN_	3	1	2	5
Hungarian_2.8	8684577	SOV	DAN_	3	1	2	8
Hungarian_2.8	9097374	SOV	DAN_	3	1	2	7
Icelandic_2.8	1475017	OSV	ADN_	2	1	3	7
Icelandic_2.8	1511176	SVO	DAN_	3	1	2	8
Icelandic_2.8	2462728	SVO	DAN_	3	1	2	8
Icelandic_2.8	2875992	OSV	ADN_	2	1	3	7
Icelandic_2.8	2960301	SVO	ADN_	2	1	3	8
Icelandic_2.8	5358516	SVO	DAN_	3	1	2	8
Icelandic_2.8	5790865	SVO	ADN_	2	1	3	8
Icelandic_2.8	8059059	OSV	ADN_	2	1	3	7
Icelandic_2.8	8490322	SVO	DAN_	3	1	2	8
Icelandic_2.8	9426427	SVO	DNA_	3	2	1	8
Indonesian_2.8	2243493	SVO	DNA_	3	2	1	6
Indonesian_2.8	3640018	SOV	DNA_	3	2	1	7
Indonesian_2.8	4763338	SOV	DNA_	3	2	1	8
Indonesian_2.8	49130	SOV	DNA_	3	2	1	6
Indonesian_2.8	5161370	SOV	NDA_	2	3	1	7
Indonesian_2.8	5869365	SOV	DNA_	3	2	1	6
Indonesian_2.8	6356287	SOV	DNA_	3	2	1	7
Indonesian_2.8	8810246	SOV	DNA_	3	2	1	7
Indonesian_2.8	8912329	SOV	DNA_	3	2	1	7
Indonesian_2.8	9762892	SOV	DAN_	3	1	2	7
Irish_2.8	1091253	SOV	NA_D	1	2	1	7
Irish_2.8	2044927	OSV	NA_D	1	2	1	7
Irish_2.8	2154257	SOV	NAD_	1	3	2	8
Irish_2.8	4142574	SOV	NA_D	1	2	1	7
Irish_2.8	4776009	OSV	DNA_	3	2	1	8
Irish_2.8	6556045	SOV	DNA_	3	2	1	7
Irish_2.8	7324261	SOV	NAD_	1	3	2	8
Irish_2.8	8117928	SOV	NA_D	1	2	1	7
Irish_2.8	8668655	SOV	NA_D	1	2	1	7
Irish_2.8	9176652	SOV	NDA_	2	3	1	8
Italian_2.8	1392316	SOV	NA_D	1	2	1	8
Italian_2.8	2038161	OSV	NA_D	1	2	1	8
Italian_2.8	3830876	SOV	NAD_	1	3	2	7
Italian_2.8	4314076	OSV	NA_D	1	2	1	8
Italian_2.8	539151	OSV	AN_D	1	1	2	8
Italian_2.8	5672576	SOV	NA_D	1	2	1	8
Italian_2.8	7552814	OSV	NA_D	1	2	1	8
Italian_2.8	8166181	SOV	NA_D	1	2	1	8
Italian_2.8	8495299	SVO	AN_D	1	1	2	6
Italian_2.8	8906425	OSV	NA_D	1	2	1	8
Italian_2.8	9143556	OSV	NA_D	1	2	1	8
Japanese-GSD_2.8	2334128	SVO	A_ND	2	1	1	5
Japanese-GSD_2.8	3713392	SOV	DAN_	3	1	2	7
Japanese-GSD_2.8	5048808	SOV	DAN_	3	1	2	7
Japanese-GSD_2.8	5529611	SOV	DAN_	3	1	2	7
Japanese-GSD_2.8	5716225	SVO	A_ND	2	1	1	5
Japanese-GSD_2.8	7449401	SOV	AN_D	1	1	2	6
Japanese-GSD_2.8	7697962	SOV	DAN_	3	1	2	7
Japanese-GSD_2.8	7762888	SVO	A_ND	2	1	1	5
Japanese-GSD_2.8	8352835	SOV	DAN_	3	1	2	7
Japanese-GSD_2.8	9487088	SVO	A_ND	2	1	1	5
Kazakh_2.8	2001210	SOV	DAN_	3	1	2	8
Kazakh_2.8	2022771	SOV	DAN_	3	1	2	8
Kazakh_2.8	333111	SOV	DAN_	3	1	2	8
Kazakh_2.8	3629357	SOV	DAN_	3	1	2	8
Kazakh_2.8	4516207	SOV	DAN_	3	1	2	8
Kazakh_2.8	4886001	SOV	DAN_	3	1	2	7
Kazakh_2.8	6348187	SOV	DAN_	3	1	2	8
Kazakh_2.8	7190887	SOV	DAN_	3	1	2	8
Kazakh_2.8	7472309	OSV	NDA_	2	3	1	7
Kazakh_2.8	8639088	SOV	DAN_	3	1	2	8
Kiche_2.8	1671492	OSV	AD_N	1	1	2	4
Kiche_2.8	2932538	SOV	AND_	1	2	3	6
Kiche_2.8	4959519	SOV	NAD_	1	3	2	6
Kiche_2.8	4993848	SOV	DA_N	2	1	1	0
Kiche_2.8	525314	SOV	DNA_	3	2	1	6
Kiche_2.8	6907083	SOV	AD_N	1	1	2	5
Kiche_2.8	7061096	SOV	NAD_	1	3	2	6
Kiche_2.8	8220314	SOV	NDA_	2	3	1	6
Kiche_2.8	8617212	SOV	DA_N	2	1	1	6
Kiche_2.8	8767334	OSV	AD_N	1	1	2	5
Komi_Zyrian_2.8	177792	SVO	AD_N	1	1	2	6
Komi_Zyrian_2.8	3445594	SVO	DA_N	2	1	1	0
Komi_Zyrian_2.8	4696842	SVO	DA_N	2	1	1	1
Komi_Zyrian_2.8	5644969	SOV	A_ND	2	1	1	4
Komi_Zyrian_2.8	6301239	SVO	NAD_	1	3	2	3
Komi_Zyrian_2.8	6838342	SVO	AN_D	1	1	2	2
Komi_Zyrian_2.8	70234	SVO	DA_N	2	1	1	7
Komi_Zyrian_2.8	7198085	SVO	A_DN	1	2	1	6
Komi_Zyrian_2.8	8681834	SVO	DA_N	2	1	1	1
Komi_Zyrian_2.8	9579090	SVO	DA_N	2	1	1	0
Korean_2.8	1599441	SOV	DAN_	3	1	2	7
Korean_2.8	2207062	SOV	DAN_	3	1	2	7
Korean_2.8	3318808	SOV	DAN_	3	1	2	7
Korean_2.8	3360561	SOV	DAN_	3	1	2	7
Korean_2.8	4099837	SOV	DAN_	3	1	2	7
Korean_2.8	4706069	SOV	DAN_	3	1	2	7
Korean_2.8	5682036	SOV	DAN_	3	1	2	7
Korean_2.8	6060643	SOV	DAN_	3	1	2	7
Korean_2.8	6189242	SOV	DAN_	3	1	2	7
Korean_2.8	8359496	SOV	DAN_	3	1	2	7
Kurmanji_2.8	102345	SOV	NDA_	2	3	1	5
Kurmanji_2.8	3024491	SOV	A_DN	1	2	1	3
Kurmanji_2.8	6060914	SVO	A_ND	2	1	1	4
Kurmanji_2.8	6921841	SOV	ADN_	2	1	3	7
Kurmanji_2.8	7576613	OSV	A_DN	1	2	1	3
Kurmanji_2.8	7819779	SVO	A_ND	2	1	1	4
Kurmanji_2.8	798444	OSV	DNA_	3	2	1	4
Kurmanji_2.8	8202676	SOV	A_DN	1	2	1	6
Kurmanji_2.8	8480754	SOV	A_ND	2	1	1	5
Kurmanji_2.8	8817139	SVO	ADN_	2	1	3	4
Latin_2.8	2185673	SOV	AND_	1	2	3	8
Latin_2.8	270057	SOV	NAD_	1	3	2	8
Latin_2.8	2880558	SOV	ADN_	2	1	3	8
Latin_2.8	3314648	SOV	ADN_	2	1	3	8
Latin_2.8	3504347	SOV	NAD_	1	3	2	8
Latin_2.8	4124240	SOV	NAD_	1	3	2	8
Latin_2.8	529798	SOV	ADN_	2	1	3	8
Latin_2.8	7531938	SOV	AND_	1	2	3	8
Latin_2.8	7862987	SOV	ADN_	2	1	3	8
Latin_2.8	8097258	SOV	ADN_	2	1	3	8
Latvian_2.8	1182057	SVO	ADN_	2	1	3	8
Latvian_2.8	1650072	SVO	ADN_	2	1	3	8
Latvian_2.8	244400	OSV	ADN_	2	1	3	8
Latvian_2.8	2499289	SVO	DAN_	3	1	2	8
Latvian_2.8	2977670	SVO	ADN_	2	1	3	8
Latvian_2.8	3591928	OSV	ADN_	2	1	3	8
Latvian_2.8	5346766	SVO	ADN_	2	1	3	6
Latvian_2.8	5544837	SVO	DAN_	3	1	2	8
Latvian_2.8	7294650	SVO	ADN_	2	1	3	8
Latvian_2.8	8974217	OSV	ADN_	2	1	3	8
Lithuanian_2.8	2374334	SOV	DA_N	2	1	1	8
Lithuanian_2.8	3170321	SOV	DA_N	2	1	1	8
Lithuanian_2.8	3768955	SOV	DA_N	2	1	1	8
Lithuanian_2.8	3791234	SVO	DA_N	2	1	1	4
Lithuanian_2.8	4759048	SVO	DA_N	2	1	1	7
Lithuanian_2.8	5076488	SOV	A_DN	1	2	1	8
Lithuanian_2.8	5105715	SOV	DA_N	2	1	1	7
Lithuanian_2.8	6603812	SOV	DA_N	2	1	1	8
Lithuanian_2.8	7273404	SOV	DA_N	2	1	1	7
Lithuanian_2.8	8662004	SOV	DA_N	2	1	1	8
Maltese_2.8	1026981	SOV	A_ND	2	1	1	5
Maltese_2.8	124113	SOV	A_DN	1	2	1	6
Maltese_2.8	2081074	OSV	A_ND	2	1	1	7
Maltese_2.8	2808915	OSV	A_ND	2	1	1	7
Maltese_2.8	4766792	SOV	DA_N	2	1	1	6
Maltese_2.8	6235936	OSV	A_ND	2	1	1	8
Maltese_2.8	6274831	SOV	A_ND	2	1	1	4
Maltese_2.8	7799820	SOV	A_ND	2	1	1	4
Maltese_2.8	8098644	SVO	A_ND	2	1	1	6
Maltese_2.8	8646683	OSV	DA_N	2	1	1	8
Manx_2.8	1193031	OSV	A_ND	2	1	1	7
Manx_2.8	2641592	SOV	A_ND	2	1	1	7
Manx_2.8	2949413	SOV	AND_	1	2	3	7
Manx_2.8	3207438	OSV	DA_N	2	1	1	4
Manx_2.8	3706433	SOV	NA_D	1	2	1	7
Manx_2.8	6293411	SOV	A_ND	2	1	1	6
Manx_2.8	7252548	SOV	A_DN	1	2	1	7
Manx_2.8	8664624	OSV	DA_N	2	1	1	4
Manx_2.8	877556	SOV	AND_	1	2	3	6
Manx_2.8	9649376	OSV	ADN_	2	1	3	7
Mbya_Guarani_2.8	137309	SVO	ADN_	2	1	3	2
Mbya_Guarani_2.8	3006524	SOV	AND_	1	2	3	7
Mbya_Guarani_2.8	3086491	SOV	NAD_	1	3	2	5
Mbya_Guarani_2.8	348731	OSV	AD_N	1	1	2	2
Mbya_Guarani_2.8	363752	SVO	A_ND	2	1	1	3
Mbya_Guarani_2.8	4923225	SVO	AND_	1	2	3	3
Mbya_Guarani_2.8	5632292	SOV	A_DN	1	2	1	4
Mbya_Guarani_2.8	5898455	OSV	A_DN	1	2	1	5
Mbya_Guarani_2.8	5901915	SOV	AND_	1	2	3	4
Mbya_Guarani_2.8	9941305	SOV	AND_	1	2	3	5
Naija_2.8	2992432	SVO	DA_N	2	1	1	7
Naija_2.8	4359531	SVO	NAD_	1	3	2	8
Naija_2.8	4655092	SVO	NAD_	1	3	2	6
Naija_2.8	4734972	SVO	DA_N	2	1	1	7
Naija_2.8	4802607	SVO	DA_N	2	1	1	7
Naija_2.8	5075127	SVO	DNA_	3	2	1	8
Naija_2.8	661696	SVO	ADN_	2	1	3	5
Naija_2.8	7360777	SVO	DNA_	3	2	1	8
Naija_2.8	840704	SVO	NAD_	1	3	2	8
Naija_2.8	90801	SVO	DA_N	2	1	1	7
North_Sami_2.8	2355578	SOV	DNA_	3	2	1	7
North_Sami_2.8	2426678	SOV	NA_D	1	2	1	7
North_Sami_2.8	2646111	SVO	A_DN	1	2	1	5
North_Sami_2.8	4602984	SOV	NA_D	1	2	1	6
North_Sami_2.8	5376703	SOV	NA_D	1	2	1	7
North_Sami_2.8	5620819	SOV	NA_D	1	2	1	6
North_Sami_2.8	5816737	SOV	DNA_	3	2	1	7
North_Sami_2.8	7719490	SOV	NA_D	1	2	1	6
North_Sami_2.8	7997443	SOV	NA_D	1	2	1	6
North_Sami_2.8	9181759	SVO	NAD_	1	3	2	1
Norwegian_2.8	1129506	SVO	NAD_	1	3	2	7
Norwegian_2.8	1431668	SOV	NAD_	1	3	2	8
Norwegian_2.8	2732343	SOV	NAD_	1	3	2	8
Norwegian_2.8	3474447	SVO	NAD_	1	3	2	7
Norwegian_2.8	5017897	SOV	NAD_	1	3	2	8
Norwegian_2.8	505864	SOV	NAD_	1	3	2	8
Norwegian_2.8	6014988	SOV	NAD_	1	3	2	8
Norwegian_2.8	8783443	SOV	NAD_	1	3	2	8
Norwegian_2.8	92702	SOV	NAD_	1	3	2	8
Norwegian_2.8	9790583	SOV	NAD_	1	3	2	8
Old_Church_Slavonic_2.8	1853375	SOV	DAN_	3	1	2	8
Old_Church_Slavonic_2.8	1886671	SOV	DAN_	3	1	2	8
Old_Church_Slavonic_2.8	2605941	SOV	DAN_	3	1	2	8
Old_Church_Slavonic_2.8	438207	SOV	DAN_	3	1	2	8
Old_Church_Slavonic_2.8	5195226	SOV	DAN_	3	1	2	8
Old_Church_Slavonic_2.8	7977285	SOV	DAN_	3	1	2	8
Old_Church_Slavonic_2.8	9022084	SOV	NDA_	2	3	1	8
Old_Church_Slavonic_2.8	9272312	SOV	DAN_	3	1	2	8
Old_Church_Slavonic_2.8	9643858	SOV	NDA_	2	3	1	8
Old_Church_Slavonic_2.8	9845842	SOV	NDA_	2	3	1	8
Old_East_Slavic_2.8	2662188	SOV	A_ND	2	1	1	4
Old_East_Slavic_2.8	3175894	SOV	DA_N	2	1	1	7
Old_East_Slavic_2.8	3361331	SOV	DNA_	3	2	1	7
Old_East_Slavic_2.8	4520763	SOV	DA_N	2	1	1	5
Old_East_Slavic_2.8	4860021	SVO	DA_N	2	1	1	5
Old_East_Slavic_2.8	5668400	SVO	NA_D	1	2	1	6
Old_East_Slavic_2.8	6001491	SOV	DA_N	2	1	1	7
Old_East_Slavic_2.8	6300343	SOV	DA_N	2	1	1	7
Old_East_Slavic_2.8	7664407	SOV	DA_N	2	1	1	7
Old_East_Slavic_2.8	918707	SOV	DA_N	2	1	1	7
Old_French_2.8	1177359	OSV	AN_D	1	1	2	8
Old_French_2.8	1548746	SOV	DAN_	3	1	2	4
Old_French_2.8	2126718	SOV	ADN_	2	1	3	7
Old_French_2.8	4217298	SVO	ADN_	2	1	3	8
Old_French_2.8	4658802	SOV	AN_D	1	1	2	7
Old_French_2.8	5072131	SVO	A_ND	2	1	1	7
Old_French_2.8	556672	SOV	ADN_	2	1	3	8
Old_French_2.8	7179710	OSV	AN_D	1	1	2	8
Old_French_2.8	8488862	SOV	DAN_	3	1	2	7
Old_French_2.8	9103575	SVO	DAN_	3	1	2	8
Persian_2.8	233334	SOV	DNA_	3	2	1	8
Persian_2.8	2669082	SOV	DAN_	3	1	2	8
Persian_2.8	4144233	SOV	DAN_	3	1	2	8
Persian_2.8	4385476	SOV	DAN_	3	1	2	8
Persian_2.8	5175506	SOV	DAN_	3	1	2	8
Persian_2.8	5336982	SOV	DAN_	3	1	2	8
Persian_2.8	5401780	SOV	DAN_	3	1	2	8
Persian_2.8	6839182	SOV	DAN_	3	1	2	8
Persian_2.8	761755	SOV	DAN_	3	1	2	8
Persian_2.8	9936292	SOV	DAN_	3	1	2	8
Polish_2.8	1232696	SOV	DAN_	3	1	2	8
Polish_2.8	1914041	SOV	DAN_	3	1	2	8
Polish_2.8	2115309	SOV	DAN_	3	1	2	8
Polish_2.8	3022501	SOV	DAN_	3	1	2	8
Polish_2.8	3726167	SOV	DAN_	3	1	2	8
Polish_2.8	4658081	SOV	DAN_	3	1	2	8
Polish_2.8	469445	SOV	DAN_	3	1	2	8
Polish_2.8	5572729	SOV	DAN_	3	1	2	8
Polish_2.8	7520120	SOV	A_DN	1	2	1	5
Polish_2.8	9725486	SOV	DAN_	3	1	2	8
Portuguese_2.8	1773091	OSV	NA_D	1	2	1	8
Portuguese_2.8	1873518	SOV	A_ND	2	1	1	8
Portuguese_2.8	2653951	SOV	A_ND	2	1	1	8
Portuguese_2.8	3487219	SOV	A_ND	2	1	1	8
Portuguese_2.8	377181	OSV	NA_D	1	2	1	8
Portuguese_2.8	4464481	SOV	A_ND	2	1	1	8
Portuguese_2.8	6915938	OSV	A_ND	2	1	1	8
Portuguese_2.8	7485999	OSV	NA_D	1	2	1	8
Portuguese_2.8	9306216	SOV	NA_D	1	2	1	8
Portuguese_2.8	9644686	OSV	NA_D	1	2	1	8
Romanian_2.8	1338873	SOV	NA_D	1	2	1	8
Romanian_2.8	1518655	SOV	NA_D	1	2	1	8
Romanian_2.8	1986138	SOV	NA_D	1	2	1	8
Romanian_2.8	3097664	SOV	NA_D	1	2	1	8
Romanian_2.8	4533858	SOV	NA_D	1	2	1	8
Romanian_2.8	7014490	SOV	NA_D	1	2	1	8
Romanian_2.8	8443584	SOV	NA_D	1	2	1	8
Romanian_2.8	8963655	SOV	NA_D	1	2	1	8
Romanian_2.8	9234220	SOV	NA_D	1	2	1	8
Romanian_2.8	9505614	SOV	NA_D	1	2	1	8
Russian_2.8	1604759	SVO	DNA_	3	2	1	8
Russian_2.8	2435902	SVO	NDA_	2	3	1	8
Russian_2.8	3919712	SVO	DNA_	3	2	1	8
Russian_2.8	6127265	SVO	DNA_	3	2	1	8
Russian_2.8	6748796	SVO	DNA_	3	2	1	8
Russian_2.8	6884709	SVO	DNA_	3	2	1	8
Russian_2.8	7028191	SVO	DNA_	3	2	1	8
Russian_2.8	7334969	SVO	DNA_	3	2	1	8
Russian_2.8	9252668	SVO	DNA_	3	2	1	7
Russian_2.8	9377472	SVO	DNA_	3	2	1	8
Sanskrit_2.8	3260702	SVO	AN_D	1	1	2	5
Sanskrit_2.8	38901	SVO	NAD_	1	3	2	7
Sanskrit_2.8	4200743	SOV	AD_N	1	1	2	3
Sanskrit_2.8	4496948	SVO	AD_N	1	1	2	7
Sanskrit_2.8	5314591	SVO	A_DN	1	2	1	7
Sanskrit_2.8	689248	OSV	A_DN	1	2	1	5
Sanskrit_2.8	7465510	OSV	A_DN	1	2	1	3
Sanskrit_2.8	8051401	SOV	AD_N	1	1	2	2
Sanskrit_2.8	8332400	SOV	A_DN	1	2	1	3
Sanskrit_2.8	9099462	SVO	NAD_	1	3	2	7
Scottish_Gaelic_2.8	1041535	OSV	A_ND	2	1	1	6
Scottish_Gaelic_2.8	1601123	OSV	A_ND	2	1	1	7
Scottish_Gaelic_2.8	2902743	OSV	A_ND	2	1	1	7
Scottish_Gaelic_2.8	3826713	OSV	A_ND	2	1	1	7
Scottish_Gaelic_2.8	4023414	OSV	NA_D	1	2	1	7
Scottish_Gaelic_2.8	5357776	OSV	A_ND	2	1	1	7
Scottish_Gaelic_2.8	6176693	OSV	NA_D	1	2	1	7
Scottish_Gaelic_2.8	648697	OSV	A_ND	2	1	1	7
Scottish_Gaelic_2.8	6487840	OSV	NA_D	1	2	1	7
Scottish_Gaelic_2.8	864827	OSV	A_ND	2	1	1	7
Serbian_2.8	1365167	SOV	NAD_	1	3	2	8
Serbian_2.8	1696587	SOV	AD_N	1	1	2	8
Serbian_2.8	2003125	SOV	A_ND	2	1	1	8
Serbian_2.8	2016071	OSV	AD_N	1	1	2	8
Serbian_2.8	2963560	SOV	A_ND	2	1	1	6
Serbian_2.8	3120103	SOV	AD_N	1	1	2	8
Serbian_2.8	3825508	SVO	A_ND	2	1	1	6
Serbian_2.8	6100972	SOV	DNA_	3	2	1	8
Serbian_2.8	6730099	OSV	DA_N	2	1	1	8
Serbian_2.8	9389652	OSV	AD_N	1	1	2	7
Slovak_2.8	1063384	SVO	AN_D	1	1	2	4
Slovak_2.8	4871756	SOV	AND_	1	2	3	5
Slovak_2.8	5178016	SVO	AN_D	1	1	2	3
Slovak_2.8	5914919	SVO	DAN_	3	1	2	0
Slovak_2.8	6223758	SOV	AND_	1	2	3	8
Slovak_2.8	6697586	SVO	NA_D	1	2	1	4
Slovak_2.8	6892370	SVO	AND_	1	2	3	7
Slovak_2.8	7100640	SVO	AND_	1	2	3	7
Slovak_2.8	7646452	SVO	AND_	1	2	3	7
Slovak_2.8	7855598	SVO	AN_D	1	1	2	4
Slovenian_2.8	166356	SOV	A_ND	2	1	1	8
Slovenian_2.8	1665206	SOV	NDA_	2	3	1	8
Slovenian_2.8	3085160	OSV	DA_N	2	1	1	8
Slovenian_2.8	3339756	SOV	A_DN	1	2	1	5
Slovenian_2.8	4697304	SOV	DAN_	3	1	2	8
Slovenian_2.8	5393883	OSV	DA_N	2	1	1	8
Slovenian_2.8	6658670	SOV	NDA_	2	3	1	8
Slovenian_2.8	7372557	SVO	AN_D	1	1	2	3
Slovenian_2.8	7404425	SOV	A_ND	2	1	1	8
Slovenian_2.8	913616	OSV	A_ND	2	1	1	4
Spanish_2.8	1878062	SOV	NA_D	1	2	1	8
Spanish_2.8	2300860	SOV	NA_D	1	2	1	8
Spanish_2.8	3132343	SOV	NA_D	1	2	1	8
Spanish_2.8	3840350	SOV	NA_D	1	2	1	8
Spanish_2.8	398550	SOV	NA_D	1	2	1	8
Spanish_2.8	4606538	SOV	NA_D	1	2	1	8
Spanish_2.8	5797937	SOV	A_ND	2	1	1	5
Spanish_2.8	7044954	SOV	A_ND	2	1	1	8
Spanish_2.8	7142130	SOV	NA_D	1	2	1	8
Spanish_2.8	9992884	SOV	NA_D	1	2	1	8
Swedish_2.8	1096413	SVO	AND_	1	2	3	8
Swedish_2.8	1719793	SVO	NDA_	2	3	1	8
Swedish_2.8	1949305	SOV	DA_N	2	1	1	8
Swedish_2.8	3912559	SVO	AND_	1	2	3	8
Swedish_2.8	5866294	SOV	AD_N	1	1	2	8
Swedish_2.8	7335094	SVO	NDA_	2	3	1	8
Swedish_2.8	8957296	SVO	AND_	1	2	3	8
Swedish_2.8	9367884	SVO	AND_	1	2	3	8
Swedish_2.8	9441409	SVO	AND_	1	2	3	8
Swedish_2.8	9719180	SVO	AND_	1	2	3	8
Thai_2.8	1558412	OSV	A_ND	2	1	1	8
Thai_2.8	3840839	OSV	NDA_	2	3	1	5
Thai_2.8	3923741	OSV	DAN_	3	1	2	6
Thai_2.8	4040832	SOV	DNA_	3	2	1	6
Thai_2.8	4971530	SOV	DNA_	3	2	1	5
Thai_2.8	6337548	OSV	DNA_	3	2	1	6
Thai_2.8	6677754	SOV	DAN_	3	1	2	7
Thai_2.8	7166655	SOV	DAN_	3	1	2	7
Thai_2.8	8242362	OSV	DNA_	3	2	1	6
Thai_2.8	8971158	OSV	NDA_	2	3	1	5
Thai_2.8	9614485	SOV	A_ND	2	1	1	8
Turkish_2.8	1647224	SOV	ADN_	2	1	3	8
Turkish_2.8	2025401	SOV	ADN_	2	1	3	8
Turkish_2.8	2721270	SOV	ADN_	2	1	3	8
Turkish_2.8	5175963	SOV	ADN_	2	1	3	8
Turkish_2.8	6472486	SOV	ADN_	2	1	3	8
Turkish_2.8	6599132	SOV	ADN_	2	1	3	8
Turkish_2.8	8070622	SOV	ADN_	2	1	3	8
Turkish_2.8	889128	SOV	ADN_	2	1	3	8
Turkish_2.8	9340231	SOV	AND_	1	2	3	8
Turkish_2.8	9971546	SOV	ADN_	2	1	3	8
Ukrainian_2.8	3096016	SOV	A_DN	1	2	1	7
Ukrainian_2.8	3594674	SVO	DA_N	2	1	1	4
Ukrainian_2.8	4390813	SOV	NDA_	2	3	1	5
Ukrainian_2.8	5651333	SVO	NDA_	2	3	1	6
Ukrainian_2.8	5870163	SVO	NDA_	2	3	1	4
Ukrainian_2.8	5878016	SVO	NA_D	1	2	1	4
Ukrainian_2.8	6800460	SOV	A_ND	2	1	1	5
Ukrainian_2.8	688377	SVO	NDA_	2	3	1	7
Ukrainian_2.8	9036263	SVO	NDA_	2	3	1	4
Ukrainian_2.8	9703865	SVO	DA_N	2	1	1	4
Upper_Sorbian_2.8	2392590	OSV	DNA_	3	2	1	5
Upper_Sorbian_2.8	3035197	SOV	NDA_	2	3	1	8
Upper_Sorbian_2.8	4785296	OSV	NAD_	1	3	2	7
Upper_Sorbian_2.8	4950295	OSV	DA_N	2	1	1	6
Upper_Sorbian_2.8	5813653	SVO	DA_N	2	1	1	4
Upper_Sorbian_2.8	5884865	OSV	NAD_	1	3	2	8
Upper_Sorbian_2.8	618563	OSV	A_DN	1	2	1	6
Upper_Sorbian_2.8	6900015	SOV	NDA_	2	3	1	7
Upper_Sorbian_2.8	7063861	SVO	NDA_	2	3	1	3
Upper_Sorbian_2.8	7135471	OSV	NDA_	2	3	1	7
Urdu_2.8	1041383	SOV	NDA_	2	3	1	8
Urdu_2.8	1168697	SOV	NDA_	2	3	1	8
Urdu_2.8	1306613	OSV	DA_N	2	1	1	5
Urdu_2.8	3530761	SOV	NDA_	2	3	1	8
Urdu_2.8	4829631	SOV	NDA_	2	3	1	8
Urdu_2.8	4906274	SOV	NDA_	2	3	1	8
Urdu_2.8	5735489	SOV	NDA_	2	3	1	8
Urdu_2.8	6108664	SOV	NDA_	2	3	1	8
Urdu_2.8	9031806	SOV	NDA_	2	3	1	8
Urdu_2.8	9358967	SOV	NDA_	2	3	1	8
Uyghur_2.8	1287154	SOV	NAD_	1	3	2	6
Uyghur_2.8	2338103	SOV	DAN_	3	1	2	7
Uyghur_2.8	2818148	SOV	AND_	1	2	3	6
Uyghur_2.8	3761377	SOV	DA_N	2	1	1	6
Uyghur_2.8	3964400	SOV	DAN_	3	1	2	8
Uyghur_2.8	4292432	SOV	DA_N	2	1	1	5
Uyghur_2.8	520326	SOV	DAN_	3	1	2	6
Uyghur_2.8	6791662	SOV	DA_N	2	1	1	5
Uyghur_2.8	7258997	SOV	DNA_	3	2	1	6
Uyghur_2.8	9643682	SOV	DAN_	3	1	2	8
Vietnamese_2.8	1193677	SOV	NA_D	1	2	1	7
Vietnamese_2.8	216313	OSV	NA_D	1	2	1	4
Vietnamese_2.8	363122	OSV	NA_D	1	2	1	4
Vietnamese_2.8	4324590	SOV	NAD_	1	3	2	4
Vietnamese_2.8	4753593	OSV	NA_D	1	2	1	3
Vietnamese_2.8	8744220	OSV	DNA_	3	2	1	5
Vietnamese_2.8	9143486	SOV	NAD_	1	3	2	7
Vietnamese_2.8	9487784	SOV	NDA_	2	3	1	7
Vietnamese_2.8	9686938	SVO	NA_D	1	2	1	6
Vietnamese_2.8	9801633	SOV	NA_D	1	2	1	5
Welsh_2.8	1220032	OSV	A_ND	2	1	1	8
Welsh_2.8	3205677	SOV	A_ND	2	1	1	6
Welsh_2.8	4260443	OSV	NA_D	1	2	1	6
Welsh_2.8	7251599	SOV	A_ND	2	1	1	8
Welsh_2.8	7281189	SOV	A_ND	2	1	1	8
Welsh_2.8	7583804	OSV	A_ND	2	1	1	8
Welsh_2.8	7703438	OSV	NA_D	1	2	1	6
Welsh_2.8	8177982	SOV	NA_D	1	2	1	8
Welsh_2.8	9125484	SOV	A_ND	2	1	1	8
Welsh_2.8	9148390	OSV	A_ND	2	1	1	8
Western_Armenian_2.8	2840748	SVO	NA_D	1	2	1	2
Western_Armenian_2.8	5081589	OSV	AN_D	1	1	2	8
Western_Armenian_2.8	5965617	SOV	AD_N	1	1	2	7
Western_Armenian_2.8	601809	OSV	A_DN	1	2	1	8
Western_Armenian_2.8	6524664	OSV	A_DN	1	2	1	7
Western_Armenian_2.8	6867981	SOV	NA_D	1	2	1	6
Western_Armenian_2.8	8136518	SVO	NA_D	1	2	1	2
Western_Armenian_2.8	8234866	SVO	NA_D	1	2	1	1
Western_Armenian_2.8	8861898	SOV	AN_D	1	1	2	7
Western_Armenian_2.8	9079800	SOV	NA_D	1	2	1	7
Wolof_2.8	2085825	SVO	NAD_	1	3	2	8
Wolof_2.8	2143686	SVO	AND_	1	2	3	8
Wolof_2.8	2411542	SVO	A_DN	1	2	1	7
Wolof_2.8	3965737	SVO	AND_	1	2	3	8
Wolof_2.8	4988235	SVO	AND_	1	2	3	7
Wolof_2.8	6084192	SVO	AND_	1	2	3	8
Wolof_2.8	6867553	SVO	NDA_	2	3	1	8
Wolof_2.8	7104991	SVO	AND_	1	2	3	8
Wolof_2.8	755694	SVO	A_DN	1	2	1	7
Wolof_2.8	9898018	SOV	A_DN	1	2	1	1
