language	ID	basic	np	Dist_D	Dist_N	Dist_A	Surprisal2	DepLen	SatisfiedCorrelations
Afrikaans_2.8	2539940	SVO	AN_D	1	1	2	5.94	2.232	6
Afrikaans_2.8	4605749	SVO	AN_D	1	1	2	5.908	2.737	6
Afrikaans_2.8	520714	SVO	AN_D	1	1	2	5.94	2.232	6
Afrikaans_2.8	6210992	SVO	A_DN	1	2	1	5.936	2.2	7
Afrikaans_2.8	6357562	SVO	AN_D	1	1	2	5.928	2.349	6
Afrikaans_2.8	640524	SVO	A_DN	1	2	1	5.959	2.631	7
Afrikaans_2.8	6822475	SVO	A_DN	1	2	1	5.951	2.284	7
Afrikaans_2.8	7118164	SVO	AN_D	1	1	2	5.937	2.234	6
Afrikaans_2.8	856497	SVO	A_DN	1	2	1	5.944	2.453	7
Afrikaans_2.8	9438844	SVO	A_DN	1	2	1	5.988	4.257	7
Akkadian_2.8	1032530	SOV	NA_D	1	2	1	4.573	3.095	0
Akkadian_2.8	2987966	SOV	NA_D	1	2	1	4.573	3.092	0
Akkadian_2.8	3493547	SVO	NA_D	1	2	1	4.591	3.252	3
Akkadian_2.8	3974684	SOV	NA_D	1	2	1	4.512	3.209	6
Akkadian_2.8	5131409	SVO	NA_D	1	2	1	4.613	3.134	1
Akkadian_2.8	6032465	SOV	NA_D	1	2	1	4.572	3.125	0
Akkadian_2.8	6334347	SOV	NA_D	1	2	1	4.604	3.216	3
Akkadian_2.8	6345144	SOV	NA_D	1	2	1	4.605	3.217	3
Akkadian_2.8	7385651	SOV	NA_D	1	2	1	4.573	3.092	0
Akkadian_2.8	9921072	SOV	NA_D	1	2	1	4.606	3.217	3
Amharic_2.8	1591226	OSV	AND_	1	2	3	5.253	1.671	8
Amharic_2.8	5081473	SVO	ADN_	2	1	3	5.265	1.687	8
Amharic_2.8	5142422	SVO	ADN_	2	1	3	5.258	1.698	8
Amharic_2.8	5848555	SVO	AND_	1	2	3	5.266	1.686	8
Amharic_2.8	6847269	OSV	AND_	1	2	3	5.26	1.874	6
Amharic_2.8	7044107	SVO	AND_	1	2	3	5.304	1.684	8
Amharic_2.8	7114669	SVO	ADN_	2	1	3	5.302	1.686	8
Amharic_2.8	7451653	OSV	ADN_	2	1	3	5.231	1.677	8
Amharic_2.8	8597186	OSV	AND_	1	2	3	5.226	1.677	8
Amharic_2.8	991788	OSV	AND_	1	2	3	5.267	1.876	6
Ancient_Greek_2.8	1062661	OSV	AND_	1	2	3	7.565	2.253	8
Ancient_Greek_2.8	1136063	OSV	AND_	1	2	3	7.607	2.621	8
Ancient_Greek_2.8	1369301	OSV	AND_	1	2	3	7.564	2.329	8
Ancient_Greek_2.8	2048890	OSV	AND_	1	2	3	7.544	2.212	8
Ancient_Greek_2.8	3244201	OSV	AND_	1	2	3	7.546	2.21	8
Ancient_Greek_2.8	5117930	OSV	AND_	1	2	3	7.564	2.244	8
Ancient_Greek_2.8	6658409	OSV	AND_	1	2	3	7.544	2.211	8
Ancient_Greek_2.8	7571361	OSV	AND_	1	2	3	7.544	2.207	8
Ancient_Greek_2.8	8662383	OSV	AND_	1	2	3	7.621	2.345	8
Ancient_Greek_2.8	9791434	OSV	AND_	1	2	3	7.544	2.207	8
Arabic_2.8	2456018	SVO	NAD_	1	3	2	2.465	2.692	8
Arabic_2.8	3103702	SVO	NAD_	1	3	2	2.487	3.014	8
Arabic_2.8	3431568	SVO	NAD_	1	3	2	2.486	2.931	8
Arabic_2.8	4208687	SVO	NAD_	1	3	2	2.463	2.672	8
Arabic_2.8	4650000	SVO	NAD_	1	3	2	2.487	3.014	8
Arabic_2.8	5059215	SVO	NAD_	1	3	2	2.463	2.672	8
Arabic_2.8	5687087	OSV	NAD_	1	3	2	2.466	2.67	8
Arabic_2.8	6366620	OSV	NAD_	1	3	2	2.472	3.001	8
Arabic_2.8	7730680	SVO	NAD_	1	3	2	2.486	2.933	8
Arabic_2.8	8261441	SVO	NAD_	1	3	2	2.486	2.931	8
Armenian_2.8	1723957	SVO	ADN_	2	1	3	8.009	2.521	8
Armenian_2.8	2614266	SVO	ADN_	2	1	3	8.002	2.596	8
Armenian_2.8	3300489	SVO	ADN_	2	1	3	8.006	2.443	8
Armenian_2.8	4505237	OSV	AND_	1	2	3	8.031	2.451	8
Armenian_2.8	485785	SVO	ADN_	2	1	3	8.008	2.517	8
Armenian_2.8	4939983	SVO	ADN_	2	1	3	8.007	2.529	8
Armenian_2.8	5055542	SVO	ADN_	2	1	3	8.018	2.481	8
Armenian_2.8	5812732	SVO	ADN_	2	1	3	8.009	2.548	8
Armenian_2.8	9038091	SVO	AND_	1	2	3	8.021	2.443	8
Armenian_2.8	996636	SVO	AND_	1	2	3	8.022	2.558	8
Bambara_2.8	1885587	SVO	DA_N	2	1	1	4.467	1.967	6
Bambara_2.8	2473916	OSV	NA_D	1	2	1	4.522	1.92	2
Bambara_2.8	3900786	SVO	AD_N	1	1	2	4.476	2.44	7
Bambara_2.8	5979312	OSV	NA_D	1	2	1	4.495	1.908	2
Bambara_2.8	7125458	SVO	AD_N	1	1	2	4.503	1.937	7
Bambara_2.8	7186764	SVO	DA_N	2	1	1	4.519	1.94	6
Bambara_2.8	72624	OSV	AND_	1	2	3	4.483	2.383	5
Bambara_2.8	7956119	SVO	DA_N	2	1	1	4.463	1.883	7
Bambara_2.8	9235112	SVO	AD_N	1	1	2	4.486	1.897	7
Bambara_2.8	9961824	OSV	A_DN	1	2	1	4.497	1.919	3
Basque_2.8	1105957	OSV	DNA_	3	2	1	7.907	2.002	8
Basque_2.8	2126804	OSV	DNA_	3	2	1	7.91	2.019	8
Basque_2.8	2759825	OSV	DA_N	2	1	1	8.003	2.022	6
Basque_2.8	3706853	SVO	A_ND	2	1	1	8.029	2.115	2
Basque_2.8	4929642	OSV	DA_N	2	1	1	8.002	2.019	6
Basque_2.8	5686639	OSV	DA_N	2	1	1	8.003	2.089	6
Basque_2.8	7450602	OSV	DNA_	3	2	1	7.91	1.98	8
Basque_2.8	7940033	OSV	DNA_	3	2	1	7.909	1.996	8
Basque_2.8	8287184	OSV	DNA_	3	2	1	7.908	1.995	8
Basque_2.8	9884446	OSV	DNA_	3	2	1	7.91	1.98	8
Belarusian_2.8	2201928	SVO	NAD_	1	3	2	8.174	2.218	8
Belarusian_2.8	2689807	SVO	NDA_	2	3	1	8.153	2.1	8
Belarusian_2.8	3333134	SVO	NAD_	1	3	2	8.17	2.031	8
Belarusian_2.8	4192000	SVO	NDA_	2	3	1	8.153	2.023	8
Belarusian_2.8	4262726	SVO	NAD_	1	3	2	8.204	2.297	1
Belarusian_2.8	5005154	SVO	NAD_	1	3	2	8.21	2.267	2
Belarusian_2.8	6394490	SVO	NAD_	1	3	2	8.152	2.024	8
Belarusian_2.8	8307306	SVO	DNA_	3	2	1	8.192	2.221	8
Belarusian_2.8	9324973	SVO	DNA_	3	2	1	8.176	2.033	8
Belarusian_2.8	9379687	SVO	NAD_	1	3	2	8.151	2.054	8
Breton_2.8	1423839	OSV	AND_	1	2	3	6.121	1.936	8
Breton_2.8	2328811	OSV	AND_	1	2	3	6.206	1.953	8
Breton_2.8	310643	OSV	AND_	1	2	3	6.125	1.844	8
Breton_2.8	3326238	OSV	AND_	1	2	3	6.115	1.944	8
Breton_2.8	5150002	OSV	AND_	1	2	3	6.2	2.011	8
Breton_2.8	5736103	OSV	AND_	1	2	3	6.129	1.869	8
Breton_2.8	7154780	OSV	AND_	1	2	3	6.108	2.015	8
Breton_2.8	8331788	OSV	AND_	1	2	3	6.125	1.845	8
Breton_2.8	8406306	OSV	AND_	1	2	3	6.128	1.868	8
Breton_2.8	961616	OSV	AND_	1	2	3	6.123	1.85	8
Bulgarian_2.8	1122504	OSV	AND_	1	2	3	7.439	1.955	8
Bulgarian_2.8	1151799	OSV	AND_	1	2	3	7.439	1.955	8
Bulgarian_2.8	5225276	SVO	AND_	1	2	3	7.483	1.971	7
Bulgarian_2.8	5501699	OSV	AND_	1	2	3	7.453	1.973	8
Bulgarian_2.8	613387	SVO	AND_	1	2	3	7.471	2.002	8
Bulgarian_2.8	7257570	SVO	AND_	1	2	3	7.486	1.997	7
Bulgarian_2.8	7292494	OSV	AND_	1	2	3	7.451	1.932	8
Bulgarian_2.8	8483256	SVO	AND_	1	2	3	7.48	1.956	7
Bulgarian_2.8	9173883	OSV	AND_	1	2	3	7.44	1.97	8
Bulgarian_2.8	9238931	SVO	AND_	1	2	3	7.506	2.135	7
Buryat_2.8	4520802	SOV	NAD_	1	3	2	7.974	1.95	7
Buryat_2.8	4845234	SVO	NAD_	1	3	2	7.987	2.017	6
Buryat_2.8	507133	SOV	NAD_	1	3	2	7.985	1.957	7
Buryat_2.8	5810973	SOV	NAD_	1	3	2	7.98	2.007	7
Buryat_2.8	7955361	SOV	NAD_	1	3	2	7.982	1.957	7
Buryat_2.8	7966183	SOV	NAD_	1	3	2	7.968	2.001	7
Buryat_2.8	8782978	SVO	NA_D	1	2	1	7.995	2.291	8
Buryat_2.8	8839032	SVO	NA_D	1	2	1	7.983	1.985	8
Buryat_2.8	952870	SVO	NA_D	1	2	1	7.982	1.976	8
Buryat_2.8	9739491	SVO	NA_D	1	2	1	7.978	1.975	8
Cantonese_2.8	1677004	SVO	AND_	1	2	3	5.481	2.314	8
Cantonese_2.8	2363539	SVO	AND_	1	2	3	5.498	2.24	8
Cantonese_2.8	2380087	OSV	AND_	1	2	3	5.485	2.2	8
Cantonese_2.8	3504285	SVO	AND_	1	2	3	5.468	2.213	8
Cantonese_2.8	3573776	OSV	AND_	1	2	3	5.49	2.222	8
Cantonese_2.8	496599	SVO	AND_	1	2	3	5.464	2.329	8
Cantonese_2.8	5580589	OSV	AND_	1	2	3	5.443	2.427	8
Cantonese_2.8	6217500	OSV	AND_	1	2	3	5.478	2.231	8
Cantonese_2.8	8168686	OSV	AND_	1	2	3	5.478	2.23	8
Cantonese_2.8	8542386	SVO	AND_	1	2	3	5.455	2.218	8
Catalan_2.8	3885963	SVO	AN_D	1	1	2	5.812	2.479	8
Catalan_2.8	4523048	SVO	AN_D	1	1	2	5.823	2.94	5
Catalan_2.8	5087843	SVO	AN_D	1	1	2	5.863	2.65	8
Catalan_2.8	5832728	SVO	AN_D	1	1	2	5.902	3.985	5
Catalan_2.8	5918130	SVO	A_DN	1	2	1	5.957	3.084	4
Catalan_2.8	6689252	SVO	AN_D	1	1	2	5.872	2.838	8
Catalan_2.8	7657296	SVO	AN_D	1	1	2	5.883	2.908	8
Catalan_2.8	8268883	SVO	AN_D	1	1	2	5.861	2.724	8
Catalan_2.8	86228	SVO	AN_D	1	1	2	5.826	2.757	8
Catalan_2.8	9283824	SVO	AN_D	1	1	2	5.861	2.647	8
Chinese_2.8	3420053	SVO	DAN_	3	1	2	7.587	2.502	8
Chinese_2.8	3693034	SVO	DAN_	3	1	2	7.558	2.48	8
Chinese_2.8	3861174	SVO	DAN_	3	1	2	7.561	2.481	8
Chinese_2.8	4420889	SVO	A_ND	2	1	1	7.587	2.629	4
Chinese_2.8	5095165	SVO	DAN_	3	1	2	7.561	2.545	8
Chinese_2.8	5976664	SVO	DAN_	3	1	2	7.585	2.5	8
Chinese_2.8	6127944	SVO	A_ND	2	1	1	7.581	3.189	4
Chinese_2.8	6317506	SVO	DAN_	3	1	2	7.577	2.536	8
Chinese_2.8	8416013	SVO	DAN_	3	1	2	7.585	2.726	8
Chinese_2.8	9914967	SVO	DAN_	3	1	2	7.553	2.532	8
Classical_Chinese_2.8	1523277	SOV	NAD_	1	3	2	5.573	1.536	7
Classical_Chinese_2.8	2517226	SOV	NAD_	1	3	2	5.573	1.535	7
Classical_Chinese_2.8	2911372	SVO	A_DN	1	2	1	5.666	1.604	2
Classical_Chinese_2.8	349765	SOV	NAD_	1	3	2	5.587	1.769	7
Classical_Chinese_2.8	5429243	SVO	NAD_	1	3	2	5.664	1.591	8
Classical_Chinese_2.8	6365029	SOV	NAD_	1	3	2	5.57	1.575	7
Classical_Chinese_2.8	8263324	SVO	A_DN	1	2	1	5.68	1.614	2
Classical_Chinese_2.8	8647089	SVO	A_DN	1	2	1	5.597	1.741	2
Classical_Chinese_2.8	8650788	SOV	NAD_	1	3	2	5.565	1.543	7
Classical_Chinese_2.8	8740138	SVO	AD_N	1	1	2	5.706	1.626	4
Coptic_2.8	1760558	SVO	A_DN	1	2	1	4.659	2.38	7
Coptic_2.8	2685119	SVO	A_DN	1	2	1	4.557	2.278	8
Coptic_2.8	4619052	SVO	A_DN	1	2	1	4.654	2.274	7
Coptic_2.8	6030793	SVO	A_DN	1	2	1	4.614	2.883	4
Coptic_2.8	6989032	SVO	A_DN	1	2	1	4.572	2.37	8
Coptic_2.8	8208388	SVO	A_DN	1	2	1	4.629	2.677	4
Coptic_2.8	8399199	SVO	A_DN	1	2	1	4.572	2.37	8
Coptic_2.8	9282205	SVO	A_DN	1	2	1	4.595	3.08	8
Coptic_2.8	9579005	OSV	A_DN	1	2	1	4.619	2.236	8
Coptic_2.8	9615339	OSV	A_DN	1	2	1	4.641	2.325	8
Croatian_2.8	1268410	SVO	AD_N	1	1	2	7.885	2.692	3
Croatian_2.8	3243496	OSV	NAD_	1	3	2	7.854	2.592	8
Croatian_2.8	3800731	OSV	NAD_	1	3	2	7.844	2.31	8
Croatian_2.8	4020133	SVO	NAD_	1	3	2	7.874	2.311	8
Croatian_2.8	4345036	SVO	NAD_	1	3	2	7.895	2.237	8
Croatian_2.8	4528572	SVO	NAD_	1	3	2	7.883	2.324	8
Croatian_2.8	5140982	OSV	NAD_	1	3	2	7.864	2.233	8
Croatian_2.8	5880154	OSV	NAD_	1	3	2	7.85	2.336	8
Croatian_2.8	6548478	SVO	NAD_	1	3	2	7.923	2.336	8
Croatian_2.8	7539275	SVO	NAD_	1	3	2	7.893	2.551	8
Danish_2.8	1742121	OSV	AN_D	1	1	2	7.163	2.325	8
Danish_2.8	1953045	SVO	AN_D	1	1	2	7.136	2.29	8
Danish_2.8	3234968	SVO	AN_D	1	1	2	7.13	2.293	8
Danish_2.8	3429979	OSV	A_DN	1	2	1	7.2	2.62	4
Danish_2.8	3818989	SVO	AN_D	1	1	2	7.13	2.289	8
Danish_2.8	5342341	SVO	AN_D	1	1	2	7.133	2.29	8
Danish_2.8	5604625	SVO	AN_D	1	1	2	7.131	2.288	8
Danish_2.8	6892023	OSV	A_DN	1	2	1	7.173	2.939	2
Danish_2.8	7115871	OSV	AN_D	1	1	2	7.152	2.327	8
Danish_2.8	8587485	OSV	AN_D	1	1	2	7.159	2.303	8
Dutch_2.8	1804133	SVO	NA_D	1	2	1	6.834	2.457	5
Dutch_2.8	3321076	SVO	A_DN	1	2	1	6.81	2.166	8
Dutch_2.8	3762433	SVO	A_DN	1	2	1	6.797	2.608	8
Dutch_2.8	4365515	SVO	A_DN	1	2	1	6.913	3.654	8
Dutch_2.8	5261635	SVO	A_DN	1	2	1	6.795	2.125	8
Dutch_2.8	6636712	SVO	NA_D	1	2	1	6.815	2.262	0
Dutch_2.8	7435548	SVO	NA_D	1	2	1	6.766	2.143	8
Dutch_2.8	9236938	SVO	A_DN	1	2	1	6.809	2.132	8
Dutch_2.8	9522688	SVO	A_DN	1	2	1	6.797	2.109	8
Dutch_2.8	9597556	SVO	A_DN	1	2	1	6.869	2.908	7
English_2.8	1300637	OSV	A_DN	1	2	1	6.616	2.198	8
English_2.8	1417435	SVO	A_DN	1	2	1	6.598	2.179	8
English_2.8	2333324	SVO	NA_D	1	2	1	6.579	2.089	8
English_2.8	3228410	SVO	A_DN	1	2	1	6.61	2.358	8
English_2.8	3433349	OSV	A_DN	1	2	1	6.615	2.131	8
English_2.8	3563480	OSV	A_DN	1	2	1	6.624	2.362	8
English_2.8	3608806	SVO	A_DN	1	2	1	6.611	2.26	8
English_2.8	4885168	SVO	A_DN	1	2	1	6.598	2.179	8
English_2.8	4906164	SVO	A_DN	1	2	1	6.638	2.196	7
English_2.8	7153373	SVO	NA_D	1	2	1	6.571	2.159	8
Erzya_2.8	1942726	OSV	AN_D	1	1	2	8.085	2.035	4
Erzya_2.8	3068456	SVO	AND_	1	2	3	8.033	2.096	7
Erzya_2.8	3364080	SVO	AND_	1	2	3	8.015	1.99	7
Erzya_2.8	443961	SVO	ADN_	2	1	3	8.025	1.993	8
Erzya_2.8	7026118	SVO	ADN_	2	1	3	8.031	2.0	7
Erzya_2.8	7198859	SVO	AND_	1	2	3	8.015	1.99	7
Erzya_2.8	8058151	SVO	AND_	1	2	3	8.016	1.99	7
Erzya_2.8	8474978	SVO	AND_	1	2	3	8.043	2.09	8
Erzya_2.8	9116470	SVO	ADN_	2	1	3	8.042	1.944	8
Erzya_2.8	9409800	SVO	ADN_	2	1	3	8.035	1.945	7
Estonian_2.8	2648465	OSV	NAD_	1	3	2	8.668	2.179	8
Estonian_2.8	2732607	OSV	NAD_	1	3	2	8.672	2.219	8
Estonian_2.8	3522969	SVO	NAD_	1	3	2	8.687	2.144	8
Estonian_2.8	4220663	SVO	NAD_	1	3	2	8.643	2.281	8
Estonian_2.8	5024682	OSV	NAD_	1	3	2	8.673	2.21	8
Estonian_2.8	5054422	OSV	NAD_	1	3	2	8.668	2.181	8
Estonian_2.8	8703179	OSV	NAD_	1	3	2	8.653	2.137	8
Estonian_2.8	8743259	OSV	NAD_	1	3	2	8.664	2.195	8
Estonian_2.8	8775930	OSV	NAD_	1	3	2	8.654	2.137	8
Estonian_2.8	8895633	SVO	NAD_	1	3	2	8.705	2.207	7
Faroese_2.8	1214094	SVO	NA_D	1	2	1	5.88	2.21	8
Faroese_2.8	1910124	OSV	NAD_	1	3	2	5.887	2.397	8
Faroese_2.8	3901854	SVO	NA_D	1	2	1	5.857	2.297	8
Faroese_2.8	3916543	SVO	NA_D	1	2	1	5.874	2.21	8
Faroese_2.8	7642977	OSV	NA_D	1	2	1	5.961	2.824	5
Faroese_2.8	8319119	SVO	NA_D	1	2	1	5.877	2.21	8
Faroese_2.8	833822	OSV	NAD_	1	3	2	5.915	2.183	8
Faroese_2.8	8690537	OSV	NAD_	1	3	2	5.916	2.186	8
Faroese_2.8	8942829	OSV	NAD_	1	3	2	5.905	2.314	8
Faroese_2.8	8999613	OSV	NAD_	1	3	2	5.918	2.476	8
Finnish_2.8	1602231	SVO	AND_	1	2	3	8.926	2.234	7
Finnish_2.8	2796416	OSV	AND_	1	2	3	8.858	2.268	8
Finnish_2.8	3539275	OSV	AND_	1	2	3	8.87	2.213	8
Finnish_2.8	4703108	OSV	AND_	1	2	3	8.873	2.237	8
Finnish_2.8	6484323	OSV	AND_	1	2	3	8.878	2.212	8
Finnish_2.8	6518746	SVO	AND_	1	2	3	8.882	2.076	8
Finnish_2.8	6887509	SVO	AND_	1	2	3	8.892	1.994	8
Finnish_2.8	737124	OSV	AND_	1	2	3	8.872	2.013	8
Finnish_2.8	8930129	OSV	AND_	1	2	3	8.872	2.2	8
Finnish_2.8	9388907	SVO	AND_	1	2	3	8.902	2.091	8
French_2.8	286344	SVO	A_DN	1	2	1	6.196	2.462	8
French_2.8	4287812	SVO	A_DN	1	2	1	6.19	2.503	8
French_2.8	4748400	SVO	AN_D	1	1	2	6.138	2.457	8
French_2.8	479570	SVO	AN_D	1	1	2	6.089	2.352	8
French_2.8	5367246	SVO	AN_D	1	1	2	6.19	2.809	2
French_2.8	6934371	SVO	A_DN	1	2	1	6.214	2.416	7
French_2.8	7024860	SVO	A_DN	1	2	1	6.248	2.816	2
French_2.8	7347279	SVO	A_DN	1	2	1	6.193	2.507	7
French_2.8	7818094	SVO	AN_D	1	1	2	6.089	2.351	8
French_2.8	9197848	SVO	AN_D	1	1	2	6.142	2.464	8
French_2.8	9372942	SVO	AN_D	1	1	2	6.089	2.351	8
Galician_2.8	1853980	SVO	AN_D	1	1	2	6.305	2.627	8
Galician_2.8	2062313	SVO	AN_D	1	1	2	6.364	3.526	8
Galician_2.8	2680863	SVO	AN_D	1	1	2	6.309	2.594	8
Galician_2.8	2813789	SVO	NA_D	1	2	1	6.299	2.454	8
Galician_2.8	4368081	SVO	AN_D	1	1	2	6.298	2.373	8
Galician_2.8	6042095	SVO	NA_D	1	2	1	6.295	2.373	8
Galician_2.8	6656054	SVO	AN_D	1	1	2	6.308	2.584	8
Galician_2.8	7984689	SVO	NA_D	1	2	1	6.297	2.377	8
Galician_2.8	8148271	OSV	AND_	1	2	3	6.335	2.63	8
Galician_2.8	9375827	SVO	NA_D	1	2	1	6.378	2.725	8
Gothic_2.8	1643091	SOV	AND_	1	2	3	6.363	2.067	7
Gothic_2.8	2926739	SOV	AND_	1	2	3	6.384	2.112	7
Gothic_2.8	2992511	SOV	AND_	1	2	3	6.353	1.975	7
Gothic_2.8	4185854	SOV	AND_	1	2	3	6.364	2.073	7
Gothic_2.8	4310900	SOV	AND_	1	2	3	6.364	2.073	7
Gothic_2.8	7399572	SOV	AND_	1	2	3	6.353	1.975	7
Gothic_2.8	8064186	SOV	AND_	1	2	3	6.355	1.979	7
Gothic_2.8	8350816	SOV	AND_	1	2	3	6.356	1.975	7
Gothic_2.8	8654822	SOV	AND_	1	2	3	6.354	1.975	7
Gothic_2.8	8791341	SOV	AND_	1	2	3	6.355	1.976	7
Greek_2.8	1053132	SVO	NA_D	1	2	1	6.732	2.346	8
Greek_2.8	1552804	OSV	NAD_	1	3	2	6.833	2.413	8
Greek_2.8	4036099	SVO	A_DN	1	2	1	6.816	2.387	8
Greek_2.8	4203516	OSV	NAD_	1	3	2	6.86	2.483	8
Greek_2.8	4248777	SVO	NA_D	1	2	1	6.708	2.44	8
Greek_2.8	4690666	SVO	NA_D	1	2	1	6.734	2.346	8
Greek_2.8	5034863	OSV	NAD_	1	3	2	6.83	2.676	8
Greek_2.8	534135	OSV	A_DN	1	2	1	6.857	2.608	8
Greek_2.8	6203809	SVO	NA_D	1	2	1	6.708	2.44	8
Greek_2.8	6332270	SVO	NA_D	1	2	1	6.736	2.348	8
Hebrew_2.8	1312787	SVO	AD_N	1	1	2	6.48	3.956	7
Hebrew_2.8	2834040	SVO	AD_N	1	1	2	6.473	2.486	7
Hebrew_2.8	4052222	SVO	AD_N	1	1	2	6.432	2.422	7
Hebrew_2.8	4287151	SVO	AD_N	1	1	2	6.453	2.592	8
Hebrew_2.8	5025160	SVO	AD_N	1	1	2	6.475	2.472	7
Hebrew_2.8	599617	SVO	AD_N	1	1	2	6.446	2.32	7
Hebrew_2.8	7919758	SVO	AD_N	1	1	2	6.479	2.49	7
Hebrew_2.8	9004366	SVO	AD_N	1	1	2	6.468	2.473	7
Hebrew_2.8	9061293	SVO	AD_N	1	1	2	6.475	2.472	7
Hebrew_2.8	9667694	SVO	AD_N	1	1	2	6.446	2.32	7
Hindi_2.8	1089479	SVO	AND_	1	2	3	5.965	2.414	8
Hindi_2.8	1627776	SVO	AND_	1	2	3	6.035	2.855	8
Hindi_2.8	217534	SVO	AND_	1	2	3	5.902	2.344	8
Hindi_2.8	4568813	SVO	AND_	1	2	3	6.012	2.531	8
Hindi_2.8	5045880	SVO	AND_	1	2	3	5.983	2.389	8
Hindi_2.8	581779	SVO	AND_	1	2	3	5.959	2.513	8
Hindi_2.8	6172194	SVO	AND_	1	2	3	5.901	2.344	8
Hindi_2.8	8705148	SVO	AND_	1	2	3	5.902	2.35	8
Hindi_2.8	8974345	SVO	AND_	1	2	3	5.902	2.349	8
Hindi_2.8	9382077	SVO	AND_	1	2	3	5.974	2.45	8
Hungarian_2.8	1622860	SVO	AND_	1	2	3	8.06	2.536	1
Hungarian_2.8	3008627	SVO	AN_D	1	1	2	8.052	2.447	7
Hungarian_2.8	358972	SVO	AN_D	1	1	2	8.049	2.486	7
Hungarian_2.8	3760694	SVO	AN_D	1	1	2	8.044	2.449	7
Hungarian_2.8	5586976	SVO	AND_	1	2	3	8.059	2.535	1
Hungarian_2.8	6303678	SVO	AN_D	1	1	2	8.052	2.447	7
Hungarian_2.8	6553434	SVO	AN_D	1	1	2	8.041	2.474	7
Hungarian_2.8	7069581	OSV	AN_D	1	1	2	8.094	2.609	5
Hungarian_2.8	7888643	SVO	AN_D	1	1	2	8.044	2.448	7
Hungarian_2.8	9884747	OSV	AN_D	1	1	2	8.053	3.245	4
Icelandic_2.8	1269919	SVO	AN_D	1	1	2	6.739	2.629	8
Icelandic_2.8	2109207	SVO	AN_D	1	1	2	6.737	2.641	8
Icelandic_2.8	2982560	SVO	AN_D	1	1	2	6.734	2.461	8
Icelandic_2.8	3342925	SVO	AN_D	1	1	2	6.751	2.843	8
Icelandic_2.8	5199546	SVO	AN_D	1	1	2	6.795	2.904	7
Icelandic_2.8	5475516	SVO	AN_D	1	1	2	6.746	2.629	8
Icelandic_2.8	580458	SVO	AN_D	1	1	2	6.733	2.466	8
Icelandic_2.8	6321186	OSV	AND_	1	2	3	6.783	2.895	8
Icelandic_2.8	7449923	OSV	AND_	1	2	3	6.772	2.503	8
Icelandic_2.8	9427042	SVO	AN_D	1	1	2	6.735	2.469	8
Indonesian_2.8	3749278	SVO	AN_D	1	1	2	7.611	2.338	8
Indonesian_2.8	4487456	SVO	AN_D	1	1	2	7.616	2.346	8
Indonesian_2.8	4785679	SVO	AN_D	1	1	2	7.592	2.225	8
Indonesian_2.8	4876546	SVO	AN_D	1	1	2	7.618	2.339	7
Indonesian_2.8	5234992	SVO	AN_D	1	1	2	7.6	2.517	8
Indonesian_2.8	5236183	SVO	AN_D	1	1	2	7.599	2.228	8
Indonesian_2.8	6810889	SVO	AN_D	1	1	2	7.642	3.005	8
Indonesian_2.8	8138708	SVO	AN_D	1	1	2	7.591	2.225	8
Indonesian_2.8	8162858	SVO	AN_D	1	1	2	7.651	2.525	8
Indonesian_2.8	9507523	SVO	AN_D	1	1	2	7.597	2.35	8
Irish_2.8	1740508	OSV	AN_D	1	1	2	6.663	2.948	3
Irish_2.8	1906369	SVO	A_DN	1	2	1	6.691	2.941	4
Irish_2.8	3055036	SVO	A_DN	1	2	1	6.617	2.402	7
Irish_2.8	3939594	SVO	A_DN	1	2	1	6.643	2.534	7
Irish_2.8	4105810	SVO	A_DN	1	2	1	6.647	2.683	7
Irish_2.8	4442842	OSV	AN_D	1	1	2	6.654	3.039	3
Irish_2.8	6405706	SVO	A_DN	1	2	1	6.611	2.401	7
Irish_2.8	7076876	SVO	A_DN	1	2	1	6.61	2.407	7
Irish_2.8	8605866	SVO	A_DN	1	2	1	6.641	2.517	7
Irish_2.8	9751242	SVO	A_DN	1	2	1	6.626	2.469	0
Italian_2.8	1214990	SVO	AN_D	1	1	2	6.261	2.332	8
Italian_2.8	1683252	SVO	AN_D	1	1	2	6.256	2.309	8
Italian_2.8	221764	SVO	AN_D	1	1	2	6.26	2.289	8
Italian_2.8	3295008	SVO	AN_D	1	1	2	6.237	2.426	8
Italian_2.8	6411108	SVO	AN_D	1	1	2	6.275	2.457	8
Italian_2.8	721755	SVO	AN_D	1	1	2	6.272	2.416	8
Italian_2.8	7312397	SVO	AN_D	1	1	2	6.272	2.413	8
Italian_2.8	7368095	SVO	AN_D	1	1	2	6.262	2.377	8
Italian_2.8	7833942	SVO	AN_D	1	1	2	6.27	2.467	8
Italian_2.8	9545966	SVO	AN_D	1	1	2	6.272	2.413	8
Japanese-GSD_2.8	149894	OSV	AD_N	1	1	2	6.441	2.375	7
Japanese-GSD_2.8	3443214	OSV	AD_N	1	1	2	6.347	2.288	7
Japanese-GSD_2.8	4063115	OSV	AD_N	1	1	2	6.343	2.258	7
Japanese-GSD_2.8	4440599	OSV	DA_N	2	1	1	6.332	2.263	7
Japanese-GSD_2.8	635437	OSV	DA_N	2	1	1	6.452	3.06	7
Japanese-GSD_2.8	6869784	OSV	DA_N	2	1	1	6.412	2.709	7
Japanese-GSD_2.8	7828346	OSV	AD_N	1	1	2	6.341	2.258	7
Japanese-GSD_2.8	8547908	OSV	DA_N	2	1	1	6.356	2.602	7
Japanese-GSD_2.8	8744502	OSV	AD_N	1	1	2	6.342	2.258	7
Japanese-GSD_2.8	8845741	OSV	AD_N	1	1	2	6.437	2.374	7
Kazakh_2.8	2311074	SOV	NAD_	1	3	2	7.952	1.927	8
Kazakh_2.8	2583204	SVO	NAD_	1	3	2	8.015	1.893	7
Kazakh_2.8	3847562	SVO	NAD_	1	3	2	8.016	1.897	8
Kazakh_2.8	4224063	SVO	AND_	1	2	3	7.994	2.029	2
Kazakh_2.8	4283181	SVO	NAD_	1	3	2	8.013	1.89	7
Kazakh_2.8	6175333	SVO	NAD_	1	3	2	8.018	1.895	8
Kazakh_2.8	714558	SVO	NAD_	1	3	2	8.003	1.902	8
Kazakh_2.8	7991069	SVO	NAD_	1	3	2	8.001	1.903	7
Kazakh_2.8	8907897	SOV	NAD_	1	3	2	7.96	1.903	8
Kazakh_2.8	9719539	SOV	NAD_	1	3	2	7.945	1.893	7
Kiche_2.8	1514710	SOV	A_ND	2	1	1	5.678	1.541	6
Kiche_2.8	1607900	SVO	AN_D	1	1	2	5.769	1.678	3
Kiche_2.8	2086295	SOV	A_ND	2	1	1	5.709	1.676	6
Kiche_2.8	4102348	SOV	A_DN	1	2	1	5.775	1.628	5
Kiche_2.8	4171484	SOV	A_DN	1	2	1	5.671	1.537	6
Kiche_2.8	4672133	SVO	A_DN	1	2	1	5.75	1.648	6
Kiche_2.8	4820282	SOV	A_DN	1	2	1	5.671	1.536	6
Kiche_2.8	5694254	SOV	A_DN	1	2	1	5.707	1.542	6
Kiche_2.8	8197545	SOV	A_DN	1	2	1	5.679	1.537	6
Kiche_2.8	9033858	SVO	NA_D	1	2	1	5.678	1.578	7
Komi_Zyrian_2.8	2029123	SVO	ADN_	2	1	3	7.921	1.995	7
Komi_Zyrian_2.8	2419909	SVO	NAD_	1	3	2	7.915	1.991	7
Komi_Zyrian_2.8	2444945	SVO	NAD_	1	3	2	7.915	1.991	7
Komi_Zyrian_2.8	328321	OSV	NAD_	1	3	2	7.924	2.094	8
Komi_Zyrian_2.8	3535061	SVO	NAD_	1	3	2	7.915	2.076	7
Komi_Zyrian_2.8	6537169	OSV	NAD_	1	3	2	7.916	2.042	8
Komi_Zyrian_2.8	8725803	SVO	NAD_	1	3	2	7.919	2.034	7
Komi_Zyrian_2.8	9259314	OSV	NAD_	1	3	2	7.916	2.039	8
Komi_Zyrian_2.8	9500109	OSV	ADN_	2	1	3	7.928	1.997	8
Komi_Zyrian_2.8	965379	SVO	NAD_	1	3	2	7.92	2.034	7
Korean_2.8	1906480	OSV	DAN_	3	1	2	9.79	2.112	8
Korean_2.8	2749136	OSV	DAN_	3	1	2	9.788	2.105	7
Korean_2.8	3012818	OSV	DAN_	3	1	2	9.819	2.139	8
Korean_2.8	3193093	OSV	DAN_	3	1	2	9.786	2.103	7
Korean_2.8	3810798	OSV	DAN_	3	1	2	9.787	2.11	7
Korean_2.8	5196697	OSV	DAN_	3	1	2	9.796	2.17	7
Korean_2.8	5758808	OSV	DAN_	3	1	2	9.826	2.257	7
Korean_2.8	6036007	OSV	DAN_	3	1	2	9.787	2.103	7
Korean_2.8	8545697	OSV	DAN_	3	1	2	9.829	2.172	7
Korean_2.8	8827506	OSV	DAN_	3	1	2	9.766	2.145	7
Kurmanji_2.8	2185462	SVO	AND_	1	2	3	6.519	1.885	7
Kurmanji_2.8	2489691	SVO	AND_	1	2	3	6.501	1.891	7
Kurmanji_2.8	3377130	OSV	AN_D	1	1	2	6.535	1.897	1
Kurmanji_2.8	3996877	OSV	AN_D	1	1	2	6.536	1.888	1
Kurmanji_2.8	547208	SVO	AND_	1	2	3	6.525	1.889	7
Kurmanji_2.8	6959359	OSV	A_DN	1	2	1	6.518	2.187	4
Kurmanji_2.8	7077582	SVO	AND_	1	2	3	6.508	1.901	1
Kurmanji_2.8	8034439	SVO	AND_	1	2	3	6.511	1.896	1
Kurmanji_2.8	9246153	OSV	AN_D	1	1	2	6.542	1.984	1
Kurmanji_2.8	9608796	SVO	AND_	1	2	3	6.506	2.158	7
Latin_2.8	2265188	SVO	AND_	1	2	3	7.549	2.25	8
Latin_2.8	3127165	SVO	ADN_	2	1	3	7.548	2.233	8
Latin_2.8	3422770	OSV	AND_	1	2	3	7.531	2.189	8
Latin_2.8	3920338	OSV	AND_	1	2	3	7.531	2.189	8
Latin_2.8	5623732	SVO	AND_	1	2	3	7.561	2.299	8
Latin_2.8	5941941	OSV	AND_	1	2	3	7.551	2.256	8
Latin_2.8	6388819	OSV	AND_	1	2	3	7.557	2.263	8
Latin_2.8	7481935	OSV	AND_	1	2	3	7.563	2.272	8
Latin_2.8	758229	SVO	AND_	1	2	3	7.557	2.296	8
Latin_2.8	8295632	OSV	AND_	1	2	3	7.55	2.241	8
Latin_2.8	8326011	SVO	AND_	1	2	3	7.563	2.557	8
Latin_2.8	9842145	OSV	AND_	1	2	3	7.551	2.243	8
Latvian_2.8	1187164	SVO	ADN_	2	1	3	8.549	2.245	8
Latvian_2.8	19409	SVO	ADN_	2	1	3	8.551	2.258	8
Latvian_2.8	4583654	SVO	ADN_	2	1	3	8.551	2.29	8
Latvian_2.8	4961705	SVO	ADN_	2	1	3	8.56	2.335	8
Latvian_2.8	757548	SVO	ADN_	2	1	3	8.555	2.153	8
Latvian_2.8	8105403	OSV	ADN_	2	1	3	8.542	2.277	8
Latvian_2.8	8533254	SVO	AND_	1	2	3	8.556	2.153	8
Latvian_2.8	8559937	SVO	ADN_	2	1	3	8.556	2.153	8
Latvian_2.8	9052928	SVO	ADN_	2	1	3	8.556	2.153	8
Latvian_2.8	9483690	SVO	ADN_	2	1	3	8.558	2.424	8
Lithuanian_2.8	210087	OSV	DA_N	2	1	1	8.185	2.685	8
Lithuanian_2.8	4835266	SVO	DA_N	2	1	1	8.161	2.44	8
Lithuanian_2.8	526918	SVO	DA_N	2	1	1	8.177	2.675	8
Lithuanian_2.8	5635336	OSV	DA_N	2	1	1	8.162	2.448	8
Lithuanian_2.8	6252642	SVO	DA_N	2	1	1	8.172	2.371	8
Lithuanian_2.8	6354781	OSV	DA_N	2	1	1	8.173	2.374	8
Lithuanian_2.8	7650195	SVO	DA_N	2	1	1	8.167	2.36	8
Lithuanian_2.8	8053335	OSV	DA_N	2	1	1	8.162	2.448	8
Lithuanian_2.8	9823271	OSV	DA_N	2	1	1	8.175	2.375	8
Lithuanian_2.8	9910406	SVO	DA_N	2	1	1	8.159	2.44	8
Maltese_2.8	126952	OSV	NAD_	1	3	2	6.773	2.257	8
Maltese_2.8	1987563	OSV	NAD_	1	3	2	6.716	2.253	8
Maltese_2.8	3410311	OSV	NAD_	1	3	2	6.729	2.132	8
Maltese_2.8	4189105	OSV	NAD_	1	3	2	6.748	2.227	8
Maltese_2.8	4684185	OSV	NAD_	1	3	2	6.729	2.168	8
Maltese_2.8	5053054	OSV	NAD_	1	3	2	6.728	2.132	8
Maltese_2.8	5236151	OSV	NAD_	1	3	2	6.702	2.249	8
Maltese_2.8	6348958	OSV	NAD_	1	3	2	6.698	2.736	8
Maltese_2.8	9126165	OSV	NAD_	1	3	2	6.7	2.165	8
Maltese_2.8	9729670	OSV	NA_D	1	2	1	6.748	2.561	4
Manx_2.8	264584	SVO	A_DN	1	2	1	4.918	1.625	7
Manx_2.8	2817484	SVO	A_DN	1	2	1	4.929	1.912	7
Manx_2.8	3403615	SVO	A_DN	1	2	1	4.916	1.65	7
Manx_2.8	5037166	SVO	A_DN	1	2	1	4.906	1.942	7
Manx_2.8	5145555	SVO	A_DN	1	2	1	4.911	1.651	7
Manx_2.8	6810361	SVO	A_DN	1	2	1	4.905	1.69	7
Manx_2.8	7305095	SVO	A_DN	1	2	1	4.917	1.624	7
Manx_2.8	8004320	SVO	A_DN	1	2	1	4.91	1.776	7
Manx_2.8	960722	SVO	A_DN	1	2	1	4.917	1.624	7
Manx_2.8	9648546	SVO	A_DN	1	2	1	4.921	1.629	7
Mbya_Guarani_2.8	176250	OSV	DAN_	3	1	2	1.174	1.927	5
Mbya_Guarani_2.8	2379301	OSV	DAN_	3	1	2	1.17	1.884	2
Mbya_Guarani_2.8	5109850	OSV	DAN_	3	1	2	1.179	1.936	5
Mbya_Guarani_2.8	6046108	OSV	DAN_	3	1	2	1.179	1.93	5
Mbya_Guarani_2.8	7685600	OSV	NDA_	2	3	1	1.168	1.911	2
Mbya_Guarani_2.8	8363916	OSV	DNA_	3	2	1	1.179	1.93	5
Mbya_Guarani_2.8	8604568	OSV	DAN_	3	1	2	1.169	1.911	2
Mbya_Guarani_2.8	9346890	OSV	DAN_	3	1	2	1.168	1.909	2
Mbya_Guarani_2.8	9726629	OSV	DNA_	3	2	1	1.177	1.933	5
Mbya_Guarani_2.8	9826988	OSV	DNA_	3	2	1	1.17	1.919	2
Naija_2.8	1538717	OSV	NAD_	1	3	2	4.57	2.41	7
Naija_2.8	1652196	OSV	NAD_	1	3	2	4.567	2.386	7
Naija_2.8	232659	SVO	NA_D	1	2	1	4.686	2.448	8
Naija_2.8	2631117	SVO	NA_D	1	2	1	4.697	2.525	8
Naija_2.8	2839847	OSV	NAD_	1	3	2	4.617	2.632	7
Naija_2.8	545616	OSV	NAD_	1	3	2	4.594	2.361	8
Naija_2.8	5494492	OSV	NAD_	1	3	2	4.599	2.444	8
Naija_2.8	700480	OSV	NAD_	1	3	2	4.629	2.964	8
Naija_2.8	8492219	OSV	NAD_	1	3	2	4.593	2.361	8
Naija_2.8	951381	OSV	NAD_	1	3	2	4.552	2.568	7
North_Sami_2.8	1483880	SVO	DNA_	3	2	1	7.377	1.805	8
North_Sami_2.8	2052130	OSV	NAD_	1	3	2	7.468	1.852	6
North_Sami_2.8	3652163	OSV	NAD_	1	3	2	7.476	1.838	6
North_Sami_2.8	4391830	OSV	NAD_	1	3	2	7.474	1.839	6
North_Sami_2.8	6789158	SVO	NDA_	2	3	1	7.369	1.805	8
North_Sami_2.8	7077932	OSV	NAD_	1	3	2	7.43	2.025	6
North_Sami_2.8	7533892	OSV	NAD_	1	3	2	7.459	1.855	5
North_Sami_2.8	7695936	OSV	NAD_	1	3	2	7.473	1.871	6
North_Sami_2.8	7954187	SVO	NDA_	2	3	1	7.427	1.812	7
North_Sami_2.8	951214	OSV	NAD_	1	3	2	7.487	1.848	6
Norwegian_2.8	1122701	OSV	AND_	1	2	3	6.899	2.08	8
Norwegian_2.8	2545809	OSV	AND_	1	2	3	6.903	2.067	8
Norwegian_2.8	6904357	SVO	AN_D	1	1	2	6.873	2.032	8
Norwegian_2.8	6994330	SVO	AN_D	1	1	2	6.889	2.144	8
Norwegian_2.8	7361385	SVO	AN_D	1	1	2	6.877	1.97	8
Norwegian_2.8	8085931	OSV	AND_	1	2	3	6.883	2.024	8
Norwegian_2.8	9267280	OSV	AND_	1	2	3	6.903	2.069	8
Norwegian_2.8	9357006	OSV	AND_	1	2	3	6.905	2.068	8
Norwegian_2.8	9699970	SVO	AN_D	1	1	2	6.874	2.121	8
Norwegian_2.8	9795526	OSV	AND_	1	2	3	6.902	2.042	8
Old_Church_Slavonic_2.8	1833929	SOV	NAD_	1	3	2	6.228	1.91	8
Old_Church_Slavonic_2.8	208234	SOV	NAD_	1	3	2	6.227	1.948	8
Old_Church_Slavonic_2.8	2340368	SOV	NAD_	1	3	2	6.214	1.887	8
Old_Church_Slavonic_2.8	2822956	SOV	NAD_	1	3	2	6.219	1.942	8
Old_Church_Slavonic_2.8	3049833	SOV	NAD_	1	3	2	6.26	2.773	8
Old_Church_Slavonic_2.8	4834839	SOV	NAD_	1	3	2	6.216	1.891	8
Old_Church_Slavonic_2.8	579536	SOV	NAD_	1	3	2	6.212	1.918	8
Old_Church_Slavonic_2.8	6337599	SOV	NAD_	1	3	2	6.202	1.909	8
Old_Church_Slavonic_2.8	7350913	SOV	NAD_	1	3	2	6.213	1.909	8
Old_Church_Slavonic_2.8	8715326	SOV	NAD_	1	3	2	6.224	1.888	8
Old_East_Slavic_2.8	2547203	SVO	NAD_	1	3	2	7.559	2.267	8
Old_East_Slavic_2.8	2843598	SVO	NAD_	1	3	2	7.566	2.252	8
Old_East_Slavic_2.8	3572342	SVO	NAD_	1	3	2	7.548	2.282	8
Old_East_Slavic_2.8	4745120	SVO	NAD_	1	3	2	7.561	2.218	8
Old_East_Slavic_2.8	5344251	SVO	NAD_	1	3	2	7.548	2.195	8
Old_East_Slavic_2.8	6065279	SVO	NAD_	1	3	2	7.55	2.195	8
Old_East_Slavic_2.8	674504	SVO	NAD_	1	3	2	7.56	2.252	8
Old_East_Slavic_2.8	8577848	SVO	NAD_	1	3	2	7.549	2.195	8
Old_East_Slavic_2.8	8772331	OSV	NAD_	1	3	2	7.56	2.262	8
Old_East_Slavic_2.8	9181672	SVO	NAD_	1	3	2	7.561	2.254	8
Old_French_2.8	115732	OSV	AND_	1	2	3	6.222	1.931	8
Old_French_2.8	2192455	SVO	AD_N	1	1	2	6.17	1.975	8
Old_French_2.8	2291433	OSV	AND_	1	2	3	6.215	1.934	8
Old_French_2.8	4054051	OSV	AND_	1	2	3	6.233	2.122	8
Old_French_2.8	6488602	OSV	AND_	1	2	3	6.222	1.931	8
Old_French_2.8	769276	SVO	AD_N	1	1	2	6.169	2.018	8
Old_French_2.8	7820571	SVO	AD_N	1	1	2	6.177	2.037	8
Old_French_2.8	8203821	OSV	AND_	1	2	3	6.222	1.938	8
Old_French_2.8	8912446	SVO	AND_	1	2	3	6.187	1.971	7
Old_French_2.8	895493	OSV	AND_	1	2	3	6.229	2.0	8
Persian_2.8	1417225	SVO	AND_	1	2	3	6.844	2.591	8
Persian_2.8	3203080	OSV	AND_	1	2	3	6.895	2.4	7
Persian_2.8	4079561	SVO	AND_	1	2	3	6.913	2.135	8
Persian_2.8	4776829	SVO	AND_	1	2	3	6.811	2.141	8
Persian_2.8	5324111	SVO	AND_	1	2	3	6.925	2.654	4
Persian_2.8	6988222	SVO	AND_	1	2	3	6.835	2.165	8
Persian_2.8	7631051	SVO	AND_	1	2	3	6.895	2.403	8
Persian_2.8	8007242	SVO	AND_	1	2	3	6.893	2.403	8
Persian_2.8	8831671	SVO	AND_	1	2	3	6.917	2.446	4
Persian_2.8	8940270	SVO	AND_	1	2	3	6.889	2.114	8
Polish_2.8	1988944	SVO	DAN_	3	1	2	7.992	1.961	8
Polish_2.8	3202032	SVO	DA_N	2	1	1	8.012	2.124	8
Polish_2.8	41566	SVO	DAN_	3	1	2	8.013	1.999	8
Polish_2.8	4921097	SVO	DAN_	3	1	2	8.02	2.135	8
Polish_2.8	5172737	SVO	DAN_	3	1	2	8.007	1.896	8
Polish_2.8	6121081	SVO	DAN_	3	1	2	8.0	1.925	8
Polish_2.8	6295356	SVO	DAN_	3	1	2	8.015	2.159	8
Polish_2.8	7705807	SVO	DAN_	3	1	2	8.011	1.896	8
Polish_2.8	8812996	SVO	DAN_	3	1	2	7.992	2.226	8
Polish_2.8	888362	SVO	DA_N	2	1	1	8.025	2.129	8
Portuguese_2.8	2145447	SVO	AN_D	1	1	2	6.58	5.323	8
Portuguese_2.8	2939599	SVO	AN_D	1	1	2	6.392	2.332	8
Portuguese_2.8	3036374	SVO	AN_D	1	1	2	6.386	2.239	8
Portuguese_2.8	4231400	SVO	A_DN	1	2	1	6.411	2.376	8
Portuguese_2.8	4302110	OSV	AN_D	1	1	2	6.45	2.98	4
Portuguese_2.8	5220196	SVO	AN_D	1	1	2	6.386	2.238	8
Portuguese_2.8	6852628	SVO	AN_D	1	1	2	6.402	2.561	8
Portuguese_2.8	7299066	SVO	A_DN	1	2	1	6.464	2.764	3
Portuguese_2.8	8462336	SVO	AN_D	1	1	2	6.395	2.239	8
Portuguese_2.8	9231888	SVO	AN_D	1	1	2	6.391	2.332	8
Romanian_2.8	1925763	OSV	AND_	1	2	3	7.039	2.376	8
Romanian_2.8	2443616	SVO	AND_	1	2	3	7.031	2.304	8
Romanian_2.8	2883107	SVO	NAD_	1	3	2	7.05	2.292	8
Romanian_2.8	449615	OSV	AND_	1	2	3	7.031	2.278	8
Romanian_2.8	4740517	OSV	A_DN	1	2	1	7.107	2.714	5
Romanian_2.8	5052579	SVO	AND_	1	2	3	7.033	2.368	8
Romanian_2.8	5753828	SVO	AND_	1	2	3	7.064	2.939	8
Romanian_2.8	6851483	OSV	AND_	1	2	3	7.031	2.278	8
Romanian_2.8	69929	OSV	AND_	1	2	3	7.07	2.76	8
Romanian_2.8	8444135	SVO	AND_	1	2	3	7.033	2.369	8
Russian_2.8	2285498	SVO	DNA_	3	2	1	8.454	2.467	8
Russian_2.8	2651442	SVO	DNA_	3	2	1	8.468	2.449	8
Russian_2.8	491205	SVO	DNA_	3	2	1	8.443	2.149	8
Russian_2.8	5222857	SVO	DNA_	3	2	1	8.442	2.153	8
Russian_2.8	6754938	SVO	DNA_	3	2	1	8.42	2.233	8
Russian_2.8	7961589	SVO	DNA_	3	2	1	8.431	2.394	8
Russian_2.8	8337565	SVO	DNA_	3	2	1	8.416	2.271	8
Russian_2.8	9259933	SVO	DNA_	3	2	1	8.42	2.233	8
Russian_2.8	9495912	SVO	DNA_	3	2	1	8.42	2.233	8
Russian_2.8	9930276	SVO	DNA_	3	2	1	8.443	2.149	8
Sanskrit_2.8	1212656	OSV	ADN_	2	1	3	7.289	1.843	5
Sanskrit_2.8	1560676	OSV	AN_D	1	1	2	7.307	1.917	2
Sanskrit_2.8	2541763	OSV	ADN_	2	1	3	7.26	1.957	5
Sanskrit_2.8	2942119	SVO	AD_N	1	1	2	7.306	1.976	5
Sanskrit_2.8	522544	OSV	ADN_	2	1	3	7.273	1.865	5
Sanskrit_2.8	5373146	OSV	A_ND	2	1	1	7.261	1.93	5
Sanskrit_2.8	6028651	OSV	ADN_	2	1	3	7.268	1.871	5
Sanskrit_2.8	6280875	SVO	AN_D	1	1	2	7.311	1.873	0
Sanskrit_2.8	9087963	SVO	AN_D	1	1	2	7.314	1.868	0
Sanskrit_2.8	9271816	OSV	AN_D	1	1	2	7.308	1.917	2
Scottish_Gaelic_2.8	1069816	SVO	AN_D	1	1	2	5.687	2.219	7
Scottish_Gaelic_2.8	4382273	OSV	AND_	1	2	3	5.641	2.286	7
Scottish_Gaelic_2.8	4385485	OSV	AND_	1	2	3	5.628	2.572	7
Scottish_Gaelic_2.8	4634949	OSV	AND_	1	2	3	5.623	2.166	7
Scottish_Gaelic_2.8	5442195	OSV	AND_	1	2	3	5.683	2.404	7
Scottish_Gaelic_2.8	5533316	SVO	AN_D	1	1	2	5.625	2.203	7
Scottish_Gaelic_2.8	613408	SVO	AN_D	1	1	2	5.644	2.195	7
Scottish_Gaelic_2.8	7261256	OSV	AND_	1	2	3	5.635	2.262	7
Scottish_Gaelic_2.8	8482206	SVO	AN_D	1	1	2	5.66	2.18	7
Scottish_Gaelic_2.8	9089061	SVO	AN_D	1	1	2	5.674	2.226	7
Serbian_2.8	1231025	OSV	A_DN	1	2	1	7.419	2.559	5
Serbian_2.8	1939235	SVO	NAD_	1	3	2	7.395	2.14	8
Serbian_2.8	2273949	SVO	NAD_	1	3	2	7.412	2.376	8
Serbian_2.8	363481	OSV	NAD_	1	3	2	7.374	2.165	8
Serbian_2.8	5250005	OSV	NAD_	1	3	2	7.381	2.39	8
Serbian_2.8	6666193	SVO	NAD_	1	3	2	7.388	2.146	8
Serbian_2.8	7079278	SVO	NAD_	1	3	2	7.377	2.23	8
Serbian_2.8	7991800	SVO	NAD_	1	3	2	7.375	2.463	8
Serbian_2.8	8021557	OSV	A_DN	1	2	1	7.426	2.612	5
Serbian_2.8	8157148	OSV	NAD_	1	3	2	7.347	2.388	8
Slovak_2.8	1162289	SVO	NAD_	1	3	2	7.95	1.756	8
Slovak_2.8	1380441	SVO	NAD_	1	3	2	7.955	2.266	3
Slovak_2.8	2501426	OSV	NAD_	1	3	2	7.913	1.773	8
Slovak_2.8	2587613	OSV	NAD_	1	3	2	7.9	1.868	8
Slovak_2.8	268676	SVO	NAD_	1	3	2	7.918	1.793	8
Slovak_2.8	2873311	SVO	NAD_	1	3	2	7.929	1.875	6
Slovak_2.8	423222	SVO	NAD_	1	3	2	7.916	1.905	8
Slovak_2.8	8647257	OSV	NAD_	1	3	2	7.892	1.808	8
Slovak_2.8	910088	SVO	NAD_	1	3	2	7.903	1.796	8
Slovak_2.8	9376618	SVO	NAD_	1	3	2	7.913	1.885	8
Slovenian_2.8	144903	OSV	NAD_	1	3	2	7.808	2.086	8
Slovenian_2.8	1694637	OSV	NAD_	1	3	2	7.814	2.086	8
Slovenian_2.8	1739469	SVO	NAD_	1	3	2	7.865	2.108	8
Slovenian_2.8	3212546	OSV	NAD_	1	3	2	7.783	2.133	8
Slovenian_2.8	4837064	SVO	NAD_	1	3	2	7.864	2.109	8
Slovenian_2.8	5778027	OSV	NAD_	1	3	2	7.812	2.086	8
Slovenian_2.8	6142621	OSV	NAD_	1	3	2	7.863	2.288	8
Slovenian_2.8	6345888	OSV	NAD_	1	3	2	7.782	2.133	8
Slovenian_2.8	6489822	OSV	NAD_	1	3	2	7.814	2.356	8
Slovenian_2.8	9251539	OSV	NAD_	1	3	2	7.794	2.372	8
Spanish_2.8	1356805	SVO	AN_D	1	1	2	6.443	2.388	8
Spanish_2.8	2322557	SVO	AN_D	1	1	2	6.413	2.334	8
Spanish_2.8	3682252	SVO	AN_D	1	1	2	6.479	3.154	5
Spanish_2.8	6489761	SVO	AN_D	1	1	2	6.475	2.53	8
Spanish_2.8	7437821	SVO	AN_D	1	1	2	6.443	2.541	8
Spanish_2.8	7552704	SVO	AN_D	1	1	2	6.467	2.57	8
Spanish_2.8	7588694	SVO	AN_D	1	1	2	6.434	2.463	8
Spanish_2.8	7605648	SVO	AN_D	1	1	2	6.417	2.342	8
Spanish_2.8	7852768	SVO	AN_D	1	1	2	6.411	2.335	8
Spanish_2.8	9500466	SVO	AN_D	1	1	2	6.438	2.465	8
Swedish_2.8	1369267	OSV	AND_	1	2	3	7.144	2.126	8
Swedish_2.8	1815546	SVO	AN_D	1	1	2	7.125	2.068	8
Swedish_2.8	3930732	SVO	AN_D	1	1	2	7.147	2.37	8
Swedish_2.8	4702550	SVO	A_DN	1	2	1	7.108	2.163	8
Swedish_2.8	4808425	OSV	AND_	1	2	3	7.162	2.436	8
Swedish_2.8	4857357	SVO	A_DN	1	2	1	7.124	2.161	8
Swedish_2.8	4980704	SVO	AN_D	1	1	2	7.125	2.164	8
Swedish_2.8	71223	SVO	AN_D	1	1	2	7.123	2.114	8
Swedish_2.8	7377410	OSV	A_DN	1	2	1	7.199	2.351	5
Swedish_2.8	9625513	SVO	AN_D	1	1	2	7.129	2.072	8
Thai_2.8	1465391	SVO	NAD_	1	3	2	6.601	2.169	8
Thai_2.8	1498882	SVO	NAD_	1	3	2	6.602	2.169	8
Thai_2.8	301539	SVO	NAD_	1	3	2	6.606	2.181	8
Thai_2.8	4641586	SVO	NAD_	1	3	2	6.604	2.169	8
Thai_2.8	7824436	SVO	NAD_	1	3	2	6.55	2.734	4
Thai_2.8	8070980	SVO	NAD_	1	3	2	6.629	4.471	7
Thai_2.8	8198672	SVO	NAD_	1	3	2	6.59	2.174	8
Thai_2.8	843393	SVO	NAD_	1	3	2	6.607	2.246	8
Thai_2.8	8637953	SVO	NAD_	1	3	2	6.58	2.389	8
Thai_2.8	9631633	SVO	NAD_	1	3	2	6.557	2.811	8
Turkish_2.8	1010353	OSV	AN_D	1	1	2	8.421	1.975	7
Turkish_2.8	1791047	OSV	AND_	1	2	3	8.376	1.952	8
Turkish_2.8	3100986	SVO	AN_D	1	1	2	8.392	1.925	8
Turkish_2.8	4641141	SVO	AN_D	1	1	2	8.416	1.971	8
Turkish_2.8	517076	SVO	AN_D	1	1	2	8.385	1.916	8
Turkish_2.8	6187204	SVO	AN_D	1	1	2	8.415	1.97	8
Turkish_2.8	6343824	OSV	AND_	1	2	3	8.355	1.93	8
Turkish_2.8	8881502	SVO	AN_D	1	1	2	8.392	1.925	8
Turkish_2.8	9403290	OSV	AND_	1	2	3	8.389	1.954	8
Turkish_2.8	9773347	SVO	AN_D	1	1	2	8.403	1.974	7
Ukrainian_2.8	1113615	SVO	AND_	1	2	3	8.687	2.32	8
Ukrainian_2.8	3606175	OSV	A_DN	1	2	1	8.723	2.631	2
Ukrainian_2.8	3772782	SVO	ADN_	2	1	3	8.701	2.541	8
Ukrainian_2.8	4260662	SVO	AND_	1	2	3	8.685	2.8	8
Ukrainian_2.8	4419009	SVO	AND_	1	2	3	8.7	2.214	8
Ukrainian_2.8	4453472	SVO	AND_	1	2	3	8.687	2.32	8
Ukrainian_2.8	7475322	OSV	A_DN	1	2	1	8.734	2.546	4
Ukrainian_2.8	749151	SVO	AND_	1	2	3	8.687	2.32	8
Ukrainian_2.8	8302310	SVO	AND_	1	2	3	8.685	2.37	8
Ukrainian_2.8	8939118	SVO	AND_	1	2	3	8.711	2.531	8
Upper_Sorbian_2.8	1621194	OSV	NAD_	1	3	2	7.433	2.223	7
Upper_Sorbian_2.8	2928842	SVO	NA_D	1	2	1	7.449	2.427	8
Upper_Sorbian_2.8	4141026	OSV	NAD_	1	3	2	7.411	2.313	7
Upper_Sorbian_2.8	4425164	OSV	NAD_	1	3	2	7.439	2.259	7
Upper_Sorbian_2.8	4700333	SVO	NA_D	1	2	1	7.443	2.172	8
Upper_Sorbian_2.8	5985501	SVO	NA_D	1	2	1	7.438	2.492	8
Upper_Sorbian_2.8	6608403	SVO	NA_D	1	2	1	7.474	2.171	8
Upper_Sorbian_2.8	6821933	SVO	NA_D	1	2	1	7.444	2.172	8
Upper_Sorbian_2.8	8215535	OSV	NAD_	1	3	2	7.439	2.259	7
Upper_Sorbian_2.8	9546029	OSV	NAD_	1	3	2	7.444	2.416	7
Urdu_2.8	1468148	SVO	AND_	1	2	3	5.926	2.716	8
Urdu_2.8	2032613	SVO	AND_	1	2	3	6.063	2.606	8
Urdu_2.8	2058777	OSV	AND_	1	2	3	5.993	2.871	3
Urdu_2.8	2906804	SVO	AND_	1	2	3	5.93	2.581	8
Urdu_2.8	3526439	SVO	AND_	1	2	3	5.93	2.581	8
Urdu_2.8	4296351	SVO	AND_	1	2	3	5.93	2.581	8
Urdu_2.8	7132743	SVO	AND_	1	2	3	6.056	2.73	8
Urdu_2.8	7386874	SVO	AND_	1	2	3	6.029	2.63	8
Urdu_2.8	7679502	OSV	AND_	1	2	3	6.015	2.812	7
Urdu_2.8	941795	OSV	AND_	1	2	3	5.998	2.804	7
Uyghur_2.8	132587	SVO	ADN_	2	1	3	8.296	2.043	8
Uyghur_2.8	1507992	OSV	ADN_	2	1	3	8.301	2.076	7
Uyghur_2.8	1962611	SVO	AND_	1	2	3	8.288	2.02	8
Uyghur_2.8	2944811	OSV	ADN_	2	1	3	8.299	2.075	7
Uyghur_2.8	3532770	OSV	ADN_	2	1	3	8.316	2.16	7
Uyghur_2.8	3674187	OSV	ADN_	2	1	3	8.326	2.192	8
Uyghur_2.8	3986260	SVO	ADN_	2	1	3	8.307	2.054	8
Uyghur_2.8	4823718	SVO	ADN_	2	1	3	8.312	2.144	8
Uyghur_2.8	4889952	SVO	ADN_	2	1	3	8.287	2.023	8
Uyghur_2.8	8538289	OSV	ADN_	2	1	3	8.303	2.062	8
Uyghur_2.8	8755423	OSV	ADN_	2	1	3	8.353	2.45	7
Vietnamese_2.8	1080241	SVO	A_DN	1	2	1	6.729	2.065	7
Vietnamese_2.8	1861323	SVO	A_DN	1	2	1	6.731	2.065	7
Vietnamese_2.8	2094776	SVO	A_DN	1	2	1	6.738	2.029	7
Vietnamese_2.8	3347651	SVO	A_DN	1	2	1	6.74	2.025	7
Vietnamese_2.8	4357441	SVO	A_DN	1	2	1	6.753	2.082	6
Vietnamese_2.8	5201423	SVO	A_DN	1	2	1	6.731	2.064	6
Vietnamese_2.8	5400514	SVO	A_DN	1	2	1	6.746	2.287	6
Vietnamese_2.8	5712942	SVO	A_DN	1	2	1	6.731	2.066	6
Vietnamese_2.8	6643143	SVO	A_DN	1	2	1	6.771	2.075	7
Vietnamese_2.8	7485519	SVO	A_DN	1	2	1	6.775	2.056	7
Welsh_2.8	1298089	OSV	ADN_	2	1	3	6.253	1.923	8
Welsh_2.8	1826854	OSV	ADN_	2	1	3	6.258	1.924	8
Welsh_2.8	3659715	SVO	A_ND	2	1	1	6.285	2.334	8
Welsh_2.8	4618099	OSV	ADN_	2	1	3	6.27	2.015	8
Welsh_2.8	6441146	OSV	ADN_	2	1	3	6.284	2.273	8
Welsh_2.8	6947463	SVO	AN_D	1	1	2	6.247	1.951	8
Welsh_2.8	7475927	OSV	ADN_	2	1	3	6.311	1.931	8
Welsh_2.8	788285	SVO	AN_D	1	1	2	6.247	1.951	8
Welsh_2.8	873337	OSV	ADN_	2	1	3	6.267	2.012	8
Welsh_2.8	9813312	SVO	A_ND	2	1	1	6.285	2.354	8
Western_Armenian_2.8	1644455	SVO	AN_D	1	1	2	7.959	2.341	8
Western_Armenian_2.8	1840427	OSV	A_DN	1	2	1	7.944	2.566	6
Western_Armenian_2.8	2495898	OSV	AND_	1	2	3	7.961	3.945	8
Western_Armenian_2.8	2780055	OSV	AND_	1	2	3	7.937	2.354	8
Western_Armenian_2.8	3192090	SVO	AND_	1	2	3	7.938	2.327	8
Western_Armenian_2.8	4847767	SVO	AN_D	1	1	2	7.959	2.326	8
Western_Armenian_2.8	5621062	OSV	AND_	1	2	3	7.929	2.778	8
Western_Armenian_2.8	570622	SVO	AND_	1	2	3	7.935	2.413	8
Western_Armenian_2.8	7224585	SVO	AND_	1	2	3	7.942	2.325	8
Western_Armenian_2.8	850950	OSV	A_DN	1	2	1	7.932	2.56	6
Wolof_2.8	1368920	SVO	NAD_	1	3	2	5.98	2.23	8
Wolof_2.8	3918048	SVO	AND_	1	2	3	5.968	2.227	8
Wolof_2.8	400210	OSV	NA_D	1	2	1	6.074	2.655	5
Wolof_2.8	431837	SVO	NAD_	1	3	2	6.019	2.303	8
Wolof_2.8	4532707	SVO	AND_	1	2	3	6.042	2.254	7
Wolof_2.8	5158869	SVO	AND_	1	2	3	5.963	2.165	8
Wolof_2.8	523563	SVO	AND_	1	2	3	5.971	2.189	8
Wolof_2.8	6725584	SVO	NDA_	2	3	1	6.029	2.192	7
Wolof_2.8	8176349	OSV	NAD_	1	3	2	6.07	2.161	8
Wolof_2.8	8729757	SVO	AND_	1	2	3	5.96	2.344	8
